ISO-10303-21;
HEADER;
FILE_DESCRIPTION(('FreeCAD Model'),'2;1');
FILE_NAME('Open CASCADE Shape Model','2025-10-21T15:52:00',(''),(''),
  'Open CASCADE STEP processor 7.7','FreeCAD','Unknown');
FILE_SCHEMA(('AUTOMOTIVE_DESIGN { 1 0 10303 214 1 1 1 1 }'));
ENDSEC;
DATA;
#1 = APPLICATION_PROTOCOL_DEFINITION('international standard',
  'automotive_design',2000,#2);
#2 = APPLICATION_CONTEXT(
  'core data for automotive mechanical design processes');
#3 = SHAPE_DEFINITION_REPRESENTATION(#4,#10);
#4 = PRODUCT_DEFINITION_SHAPE('','',#5);
#5 = PRODUCT_DEFINITION('design','',#6,#9);
#6 = PRODUCT_DEFINITION_FORMATION('','',#7);
#7 = PRODUCT('Body001','Body001','',(#8));
#8 = PRODUCT_CONTEXT('',#2,'mechanical');
#9 = PRODUCT_DEFINITION_CONTEXT('part definition',#2,'design');
#10 = ADVANCED_BREP_SHAPE_REPRESENTATION('',(#11,#15),#4552);
#11 = AXIS2_PLACEMENT_3D('',#12,#13,#14);
#12 = CARTESIAN_POINT('',(0.,0.,0.));
#13 = DIRECTION('',(0.,0.,1.));
#14 = DIRECTION('',(1.,0.,-0.));
#15 = MANIFOLD_SOLID_BREP('',#16);
#16 = CLOSED_SHELL('',(#17,#145,#223,#316,#347,#372,#396,#475,#500,#533,
    #577,#653,#684,#710,#751,#776,#809,#834,#867,#908,#949,#980,#1011,
    #1145,#1289,#1320,#1351,#1392,#1433,#1466,#1499,#1532,#1565,#1606,
    #1647,#1678,#1709,#1843,#1987,#2018,#2049,#2088,#2129,#2154,#2187,
    #2212,#2245,#2286,#2327,#2358,#2389,#2514,#2617,#2634,#2652,#2677,
    #2710,#2958,#2992,#3009,#3021,#3033,#3050,#3062,#3079,#3096,#3149,
    #3174,#3198,#3218,#3236,#3248,#3272,#3290,#3310,#3328,#3346,#3364,
    #3398,#3415,#3427,#3439,#3456,#3468,#3485,#3497,#3522,#3539,#3551,
    #3569,#3587,#3605,#3625,#3643,#3667,#3685,#3705,#3723,#3741,#3759,
    #3793,#3810,#3822,#3834,#3851,#3863,#3880,#3892,#3925,#3961,#3986,
    #4004,#4022,#4053,#4084,#4115,#4146,#4177,#4208,#4318,#4368,#4418,
    #4468,#4482,#4496,#4510,#4524,#4538));
#17 = ADVANCED_FACE('',(#18),#140,.F.);
#18 = FACE_BOUND('',#19,.F.);
#19 = EDGE_LOOP('',(#20,#30,#39,#47,#56,#64,#73,#82,#90,#99,#107,#116,
    #125,#133));
#20 = ORIENTED_EDGE('',*,*,#21,.T.);
#21 = EDGE_CURVE('',#22,#24,#26,.T.);
#22 = VERTEX_POINT('',#23);
#23 = CARTESIAN_POINT('',(-2.543921781042,7.066014574846,5.));
#24 = VERTEX_POINT('',#25);
#25 = CARTESIAN_POINT('',(-2.543921781042,7.066014574846,
    -4.142047137167E-15));
#26 = LINE('',#27,#28);
#27 = CARTESIAN_POINT('',(-2.543921781042,7.066014574846,5.));
#28 = VECTOR('',#29,1.);
#29 = DIRECTION('',(-2.22044604925E-16,-6.661338147751E-16,-1.));
#30 = ORIENTED_EDGE('',*,*,#31,.F.);
#31 = EDGE_CURVE('',#32,#24,#34,.T.);
#32 = VERTEX_POINT('',#33);
#33 = CARTESIAN_POINT('',(-7.066014574846,2.543921781042,
    -6.966367671325E-15));
#34 = CIRCLE('',#35,7.51);
#35 = AXIS2_PLACEMENT_3D('',#36,#37,#38);
#36 = CARTESIAN_POINT('',(0.,0.,0.));
#37 = DIRECTION('',(0.,0.,-1.));
#38 = DIRECTION('',(1.,0.,0.));
#39 = ORIENTED_EDGE('',*,*,#40,.F.);
#40 = EDGE_CURVE('',#41,#32,#43,.T.);
#41 = VERTEX_POINT('',#42);
#42 = CARTESIAN_POINT('',(-7.066014574846,2.543921781042,5.));
#43 = LINE('',#44,#45);
#44 = CARTESIAN_POINT('',(-7.066014574846,2.543921781042,5.));
#45 = VECTOR('',#46,1.);
#46 = DIRECTION('',(6.661338147751E-16,-8.881784197001E-16,-1.));
#47 = ORIENTED_EDGE('',*,*,#48,.T.);
#48 = EDGE_CURVE('',#41,#49,#51,.T.);
#49 = VERTEX_POINT('',#50);
#50 = CARTESIAN_POINT('',(-6.793948428058,3.200369471934,5.));
#51 = CIRCLE('',#52,7.51);
#52 = AXIS2_PLACEMENT_3D('',#53,#54,#55);
#53 = CARTESIAN_POINT('',(0.,0.,5.));
#54 = DIRECTION('',(0.,0.,-1.));
#55 = DIRECTION('',(1.,0.,0.));
#56 = ORIENTED_EDGE('',*,*,#57,.T.);
#57 = EDGE_CURVE('',#49,#58,#60,.T.);
#58 = VERTEX_POINT('',#59);
#59 = CARTESIAN_POINT('',(-6.793948428058,3.200369471934,1.32));
#60 = LINE('',#61,#62);
#61 = CARTESIAN_POINT('',(-6.793948428058,3.200369471934,5.));
#62 = VECTOR('',#63,1.);
#63 = DIRECTION('',(6.460254037844E-16,-8.810511776652E-16,-1.));
#64 = ORIENTED_EDGE('',*,*,#65,.T.);
#65 = EDGE_CURVE('',#58,#66,#68,.T.);
#66 = VERTEX_POINT('',#67);
#67 = CARTESIAN_POINT('',(-6.503850782421,3.755,1.32));
#68 = CIRCLE('',#69,7.51);
#69 = AXIS2_PLACEMENT_3D('',#70,#71,#72);
#70 = CARTESIAN_POINT('',(0.,0.,1.32));
#71 = DIRECTION('',(0.,0.,-1.));
#72 = DIRECTION('',(1.,0.,0.));
#73 = ORIENTED_EDGE('',*,*,#74,.T.);
#74 = EDGE_CURVE('',#66,#75,#77,.T.);
#75 = VERTEX_POINT('',#76);
#76 = CARTESIAN_POINT('',(-6.16857547822,4.283547194733,1.32));
#77 = CIRCLE('',#78,7.51);
#78 = AXIS2_PLACEMENT_3D('',#79,#80,#81);
#79 = CARTESIAN_POINT('',(0.,0.,1.32));
#80 = DIRECTION('',(0.,0.,-1.));
#81 = DIRECTION('',(1.,0.,0.));
#82 = ORIENTED_EDGE('',*,*,#83,.F.);
#83 = EDGE_CURVE('',#84,#75,#86,.T.);
#84 = VERTEX_POINT('',#85);
#85 = CARTESIAN_POINT('',(-6.16857547822,4.283547194733,5.));
#86 = LINE('',#87,#88);
#87 = CARTESIAN_POINT('',(-6.16857547822,4.283547194733,5.));
#88 = VECTOR('',#89,1.);
#89 = DIRECTION('',(8.660254037844E-16,-5.E-16,-1.));
#90 = ORIENTED_EDGE('',*,*,#91,.T.);
#91 = EDGE_CURVE('',#84,#92,#94,.T.);
#92 = VERTEX_POINT('',#93);
#93 = CARTESIAN_POINT('',(-4.283547194733,6.16857547822,5.));
#94 = CIRCLE('',#95,7.51);
#95 = AXIS2_PLACEMENT_3D('',#96,#97,#98);
#96 = CARTESIAN_POINT('',(0.,0.,5.));
#97 = DIRECTION('',(0.,0.,-1.));
#98 = DIRECTION('',(1.,0.,0.));
#99 = ORIENTED_EDGE('',*,*,#100,.T.);
#100 = EDGE_CURVE('',#92,#101,#103,.T.);
#101 = VERTEX_POINT('',#102);
#102 = CARTESIAN_POINT('',(-4.283547194733,6.16857547822,1.32));
#103 = LINE('',#104,#105);
#104 = CARTESIAN_POINT('',(-4.283547194733,6.16857547822,5.));
#105 = VECTOR('',#106,1.);
#106 = DIRECTION('',(1.189488223348E-16,-1.086025403784E-15,-1.));
#107 = ORIENTED_EDGE('',*,*,#108,.T.);
#108 = EDGE_CURVE('',#101,#109,#111,.T.);
#109 = VERTEX_POINT('',#110);
#110 = CARTESIAN_POINT('',(-3.755,6.503850782421,1.32));
#111 = CIRCLE('',#112,7.51);
#112 = AXIS2_PLACEMENT_3D('',#113,#114,#115);
#113 = CARTESIAN_POINT('',(0.,0.,1.32));
#114 = DIRECTION('',(0.,0.,-1.));
#115 = DIRECTION('',(1.,0.,0.));
#116 = ORIENTED_EDGE('',*,*,#117,.T.);
#117 = EDGE_CURVE('',#109,#118,#120,.T.);
#118 = VERTEX_POINT('',#119);
#119 = CARTESIAN_POINT('',(-3.200369471934,6.793948428058,1.32));
#120 = CIRCLE('',#121,7.51);
#121 = AXIS2_PLACEMENT_3D('',#122,#123,#124);
#122 = CARTESIAN_POINT('',(0.,0.,1.32));
#123 = DIRECTION('',(0.,0.,-1.));
#124 = DIRECTION('',(1.,0.,0.));
#125 = ORIENTED_EDGE('',*,*,#126,.F.);
#126 = EDGE_CURVE('',#127,#118,#129,.T.);
#127 = VERTEX_POINT('',#128);
#128 = CARTESIAN_POINT('',(-3.200369471934,6.793948428058,5.));
#129 = LINE('',#130,#131);
#130 = CARTESIAN_POINT('',(-3.200369471934,6.793948428058,5.));
#131 = VECTOR('',#132,1.);
#132 = DIRECTION('',(5.E-16,-8.660254037844E-16,-1.));
#133 = ORIENTED_EDGE('',*,*,#134,.T.);
#134 = EDGE_CURVE('',#127,#22,#135,.T.);
#135 = CIRCLE('',#136,7.51);
#136 = AXIS2_PLACEMENT_3D('',#137,#138,#139);
#137 = CARTESIAN_POINT('',(0.,0.,5.));
#138 = DIRECTION('',(0.,0.,-1.));
#139 = DIRECTION('',(1.,0.,0.));
#140 = CYLINDRICAL_SURFACE('',#141,7.51);
#141 = AXIS2_PLACEMENT_3D('',#142,#143,#144);
#142 = CARTESIAN_POINT('',(0.,0.,0.));
#143 = DIRECTION('',(0.,0.,-1.));
#144 = DIRECTION('',(1.,0.,0.));
#145 = ADVANCED_FACE('',(#146),#218,.T.);
#146 = FACE_BOUND('',#147,.T.);
#147 = EDGE_LOOP('',(#148,#149,#158,#167,#175,#184,#193,#201,#210,#217)
  );
#148 = ORIENTED_EDGE('',*,*,#74,.T.);
#149 = ORIENTED_EDGE('',*,*,#150,.F.);
#150 = EDGE_CURVE('',#151,#75,#153,.T.);
#151 = VERTEX_POINT('',#152);
#152 = CARTESIAN_POINT('',(-6.848235792694,5.839663220397,1.32));
#153 = CIRCLE('',#154,1.64);
#154 = AXIS2_PLACEMENT_3D('',#155,#156,#157);
#155 = CARTESIAN_POINT('',(-7.79422863406,4.5,1.32));
#156 = DIRECTION('',(8.660254037844E-16,-5.E-16,-1.));
#157 = DIRECTION('',(-0.866025403784,0.5,-1.E-15));
#158 = ORIENTED_EDGE('',*,*,#159,.T.);
#159 = EDGE_CURVE('',#151,#160,#162,.T.);
#160 = VERTEX_POINT('',#161);
#161 = CARTESIAN_POINT('',(-6.8436536904,5.845032434972,1.32));
#162 = CIRCLE('',#163,9.);
#163 = AXIS2_PLACEMENT_3D('',#164,#165,#166);
#164 = CARTESIAN_POINT('',(-5.15E-16,1.394300900093E-15,1.32));
#165 = DIRECTION('',(3.9E-16,-1.056550992617E-15,-1.));
#166 = DIRECTION('',(-0.866025403784,0.5,-8.660254037844E-16));
#167 = ORIENTED_EDGE('',*,*,#168,.T.);
#168 = EDGE_CURVE('',#160,#169,#171,.T.);
#169 = VERTEX_POINT('',#170);
#170 = CARTESIAN_POINT('',(-10.6456835184,9.092272676623,1.32));
#171 = LINE('',#172,#173);
#172 = CARTESIAN_POINT('',(-6.8436536904,5.845032434972,1.32));
#173 = VECTOR('',#174,1.);
#174 = DIRECTION('',(-0.7604059656,0.64944804833,-9.426414910922E-16));
#175 = ORIENTED_EDGE('',*,*,#176,.F.);
#176 = EDGE_CURVE('',#177,#169,#179,.T.);
#177 = VERTEX_POINT('',#178);
#178 = CARTESIAN_POINT('',(-12.12435565298,7.,1.32));
#179 = CIRCLE('',#180,14.);
#180 = AXIS2_PLACEMENT_3D('',#181,#182,#183);
#181 = CARTESIAN_POINT('',(-5.15E-16,1.394300900093E-15,1.32));
#182 = DIRECTION('',(3.9E-16,-1.056550992617E-15,-1.));
#183 = DIRECTION('',(-0.866025403784,0.5,-8.660254037844E-16));
#184 = ORIENTED_EDGE('',*,*,#185,.T.);
#185 = EDGE_CURVE('',#177,#186,#188,.T.);
#186 = VERTEX_POINT('',#187);
#187 = CARTESIAN_POINT('',(-13.19698087529,4.673296029273,1.32));
#188 = CIRCLE('',#189,14.);
#189 = AXIS2_PLACEMENT_3D('',#190,#191,#192);
#190 = CARTESIAN_POINT('',(-5.15E-16,1.394300900093E-15,1.32));
#191 = DIRECTION('',(-3.9E-16,1.056550992617E-15,1.));
#192 = DIRECTION('',(-0.866025403784,0.5,-8.660254037844E-16));
#193 = ORIENTED_EDGE('',*,*,#194,.F.);
#194 = EDGE_CURVE('',#195,#186,#197,.T.);
#195 = VERTEX_POINT('',#196);
#196 = CARTESIAN_POINT('',(-8.48377341983,3.004261733104,1.32));
#197 = LINE('',#198,#199);
#198 = CARTESIAN_POINT('',(-8.48377341983,3.004261733104,1.32));
#199 = VECTOR('',#200,1.);
#200 = DIRECTION('',(-0.942641491092,0.333806859234,-7.604059656E-16));
#201 = ORIENTED_EDGE('',*,*,#202,.F.);
#202 = EDGE_CURVE('',#203,#195,#205,.T.);
#203 = VERTEX_POINT('',#204);
#204 = CARTESIAN_POINT('',(-8.481414594757,3.010914557381,1.32));
#205 = CIRCLE('',#206,9.);
#206 = AXIS2_PLACEMENT_3D('',#207,#208,#209);
#207 = CARTESIAN_POINT('',(-5.15E-16,1.394300900093E-15,1.32));
#208 = DIRECTION('',(-3.9E-16,1.056550992617E-15,1.));
#209 = DIRECTION('',(-0.866025403784,0.5,-8.660254037844E-16));
#210 = ORIENTED_EDGE('',*,*,#211,.T.);
#211 = EDGE_CURVE('',#203,#58,#212,.T.);
#212 = CIRCLE('',#213,1.64);
#213 = AXIS2_PLACEMENT_3D('',#214,#215,#216);
#214 = CARTESIAN_POINT('',(-7.79422863406,4.5,1.32));
#215 = DIRECTION('',(-6.460254037844E-16,8.810511776652E-16,1.));
#216 = DIRECTION('',(-0.866025403784,0.5,-1.E-15));
#217 = ORIENTED_EDGE('',*,*,#65,.T.);
#218 = PLANE('',#219);
#219 = AXIS2_PLACEMENT_3D('',#220,#221,#222);
#220 = CARTESIAN_POINT('',(-9.668622639001,5.58218188332,1.32));
#221 = DIRECTION('',(-5.097995964694E-16,8.99088814771E-16,1.));
#222 = DIRECTION('',(0.,1.,-8.99088814771E-16));
#223 = ADVANCED_FACE('',(#224),#311,.T.);
#224 = FACE_BOUND('',#225,.F.);
#225 = EDGE_LOOP('',(#226,#237,#245,#254,#262,#271,#279,#288,#296,#305)
  );
#226 = ORIENTED_EDGE('',*,*,#227,.F.);
#227 = EDGE_CURVE('',#228,#230,#232,.T.);
#228 = VERTEX_POINT('',#229);
#229 = CARTESIAN_POINT('',(9.,0.,0.));
#230 = VERTEX_POINT('',#231);
#231 = CARTESIAN_POINT('',(8.629377613814,2.556138102335,0.));
#232 = CIRCLE('',#233,9.);
#233 = AXIS2_PLACEMENT_3D('',#234,#235,#236);
#234 = CARTESIAN_POINT('',(0.,0.,0.));
#235 = DIRECTION('',(0.,0.,1.));
#236 = DIRECTION('',(1.,0.,0.));
#237 = ORIENTED_EDGE('',*,*,#238,.T.);
#238 = EDGE_CURVE('',#228,#239,#241,.T.);
#239 = VERTEX_POINT('',#240);
#240 = CARTESIAN_POINT('',(9.,0.,1.32));
#241 = LINE('',#242,#243);
#242 = CARTESIAN_POINT('',(9.,0.,0.));
#243 = VECTOR('',#244,1.);
#244 = DIRECTION('',(0.,0.,1.));
#245 = ORIENTED_EDGE('',*,*,#246,.F.);
#246 = EDGE_CURVE('',#247,#239,#249,.T.);
#247 = VERTEX_POINT('',#248);
#248 = CARTESIAN_POINT('',(8.850577777778,1.633178802062,1.32));
#249 = CIRCLE('',#250,9.);
#250 = AXIS2_PLACEMENT_3D('',#251,#252,#253);
#251 = CARTESIAN_POINT('',(0.,0.,1.32));
#252 = DIRECTION('',(0.,0.,-1.));
#253 = DIRECTION('',(1.,0.,0.));
#254 = ORIENTED_EDGE('',*,*,#255,.F.);
#255 = EDGE_CURVE('',#256,#247,#258,.T.);
#256 = VERTEX_POINT('',#257);
#257 = CARTESIAN_POINT('',(8.850577777778,1.633178802062,5.));
#258 = LINE('',#259,#260);
#259 = CARTESIAN_POINT('',(8.850577777778,1.633178802062,0.));
#260 = VECTOR('',#261,1.);
#261 = DIRECTION('',(-0.,-0.,-1.));
#262 = ORIENTED_EDGE('',*,*,#263,.T.);
#263 = EDGE_CURVE('',#256,#264,#266,.T.);
#264 = VERTEX_POINT('',#265);
#265 = CARTESIAN_POINT('',(8.481414594757,3.010914557381,5.));
#266 = CIRCLE('',#267,9.);
#267 = AXIS2_PLACEMENT_3D('',#268,#269,#270);
#268 = CARTESIAN_POINT('',(0.,0.,5.));
#269 = DIRECTION('',(0.,0.,1.));
#270 = DIRECTION('',(1.,0.,0.));
#271 = ORIENTED_EDGE('',*,*,#272,.T.);
#272 = EDGE_CURVE('',#264,#273,#275,.T.);
#273 = VERTEX_POINT('',#274);
#274 = CARTESIAN_POINT('',(8.481414594757,3.010914557381,1.32));
#275 = LINE('',#276,#277);
#276 = CARTESIAN_POINT('',(8.481414594757,3.010914557381,0.));
#277 = VECTOR('',#278,1.);
#278 = DIRECTION('',(-0.,-0.,-1.));
#279 = ORIENTED_EDGE('',*,*,#280,.T.);
#280 = EDGE_CURVE('',#273,#281,#283,.T.);
#281 = VERTEX_POINT('',#282);
#282 = CARTESIAN_POINT('',(8.48377341983,3.004261733104,1.32));
#283 = CIRCLE('',#284,9.);
#284 = AXIS2_PLACEMENT_3D('',#285,#286,#287);
#285 = CARTESIAN_POINT('',(1.45E-16,-2.511473670975E-16,1.32));
#286 = DIRECTION('',(-1.1E-16,1.905255888326E-16,-1.));
#287 = DIRECTION('',(0.866025403784,0.5,0.));
#288 = ORIENTED_EDGE('',*,*,#289,.F.);
#289 = EDGE_CURVE('',#290,#281,#292,.T.);
#290 = VERTEX_POINT('',#291);
#291 = CARTESIAN_POINT('',(8.48377341983,3.004261733104,3.4));
#292 = LINE('',#293,#294);
#293 = CARTESIAN_POINT('',(8.48377341983,3.004261733104,3.4));
#294 = VECTOR('',#295,1.);
#295 = DIRECTION('',(0.,0.,-1.));
#296 = ORIENTED_EDGE('',*,*,#297,.T.);
#297 = EDGE_CURVE('',#290,#298,#300,.T.);
#298 = VERTEX_POINT('',#299);
#299 = CARTESIAN_POINT('',(8.629377613814,2.556138102335,3.4));
#300 = CIRCLE('',#301,9.);
#301 = AXIS2_PLACEMENT_3D('',#302,#303,#304);
#302 = CARTESIAN_POINT('',(2.409807621135E-16,-3.573909236273E-16,3.4));
#303 = DIRECTION('',(-8.5E-17,1.472243186434E-16,-1.));
#304 = DIRECTION('',(0.942641491092,0.333806859234,-3.098003933367E-17)
  );
#305 = ORIENTED_EDGE('',*,*,#306,.T.);
#306 = EDGE_CURVE('',#298,#230,#307,.T.);
#307 = LINE('',#308,#309);
#308 = CARTESIAN_POINT('',(8.629377613814,2.556138102335,3.4));
#309 = VECTOR('',#310,1.);
#310 = DIRECTION('',(0.,0.,-1.));
#311 = CYLINDRICAL_SURFACE('',#312,9.);
#312 = AXIS2_PLACEMENT_3D('',#313,#314,#315);
#313 = CARTESIAN_POINT('',(0.,0.,0.));
#314 = DIRECTION('',(-0.,-0.,-1.));
#315 = DIRECTION('',(1.,0.,0.));
#316 = ADVANCED_FACE('',(#317),#342,.F.);
#317 = FACE_BOUND('',#318,.T.);
#318 = EDGE_LOOP('',(#319,#327,#335,#341));
#319 = ORIENTED_EDGE('',*,*,#320,.T.);
#320 = EDGE_CURVE('',#230,#321,#323,.T.);
#321 = VERTEX_POINT('',#322);
#322 = CARTESIAN_POINT('',(13.423476288155,3.976214825855,0.));
#323 = LINE('',#324,#325);
#324 = CARTESIAN_POINT('',(8.629377613814,2.556138102335,-1.E-16));
#325 = VECTOR('',#326,1.);
#326 = DIRECTION('',(0.958819734868,0.284015344704,0.));
#327 = ORIENTED_EDGE('',*,*,#328,.T.);
#328 = EDGE_CURVE('',#321,#329,#331,.T.);
#329 = VERTEX_POINT('',#330);
#330 = CARTESIAN_POINT('',(13.423476288155,3.976214825855,3.4));
#331 = LINE('',#332,#333);
#332 = CARTESIAN_POINT('',(13.423476288155,3.976214825855,-1.E-16));
#333 = VECTOR('',#334,1.);
#334 = DIRECTION('',(0.,0.,1.));
#335 = ORIENTED_EDGE('',*,*,#336,.T.);
#336 = EDGE_CURVE('',#329,#298,#337,.T.);
#337 = LINE('',#338,#339);
#338 = CARTESIAN_POINT('',(13.423476288155,3.976214825855,3.4));
#339 = VECTOR('',#340,1.);
#340 = DIRECTION('',(-0.958819734868,-0.284015344704,0.));
#341 = ORIENTED_EDGE('',*,*,#306,.T.);
#342 = PLANE('',#343);
#343 = AXIS2_PLACEMENT_3D('',#344,#345,#346);
#344 = CARTESIAN_POINT('',(11.026426950984,3.266176464095,1.7));
#345 = DIRECTION('',(-0.284015344704,0.958819734868,2.2E-16));
#346 = DIRECTION('',(0.958819734868,0.284015344704,0.));
#347 = ADVANCED_FACE('',(#348),#367,.F.);
#348 = FACE_BOUND('',#349,.F.);
#349 = EDGE_LOOP('',(#350,#359,#360,#361));
#350 = ORIENTED_EDGE('',*,*,#351,.T.);
#351 = EDGE_CURVE('',#352,#329,#354,.T.);
#352 = VERTEX_POINT('',#353);
#353 = CARTESIAN_POINT('',(13.196980875291,4.673296029273,3.4));
#354 = CIRCLE('',#355,14.);
#355 = AXIS2_PLACEMENT_3D('',#356,#357,#358);
#356 = CARTESIAN_POINT('',(2.409807621135E-16,-3.573909236273E-16,3.4));
#357 = DIRECTION('',(-8.5E-17,1.472243186434E-16,-1.));
#358 = DIRECTION('',(0.942641491092,0.333806859234,-3.098003933367E-17)
  );
#359 = ORIENTED_EDGE('',*,*,#336,.T.);
#360 = ORIENTED_EDGE('',*,*,#297,.F.);
#361 = ORIENTED_EDGE('',*,*,#362,.F.);
#362 = EDGE_CURVE('',#352,#290,#363,.T.);
#363 = LINE('',#364,#365);
#364 = CARTESIAN_POINT('',(13.196980875291,4.673296029273,3.4));
#365 = VECTOR('',#366,1.);
#366 = DIRECTION('',(-0.942641491092,-0.333806859234,0.));
#367 = PLANE('',#368);
#368 = AXIS2_PLACEMENT_3D('',#369,#370,#371);
#369 = CARTESIAN_POINT('',(2.409807621135E-16,-3.573909236273E-16,3.4));
#370 = DIRECTION('',(-8.5E-17,1.472243186434E-16,-1.));
#371 = DIRECTION('',(0.942641491092,0.333806859234,-3.098003933367E-17)
  );
#372 = ADVANCED_FACE('',(#373),#391,.T.);
#373 = FACE_BOUND('',#374,.T.);
#374 = EDGE_LOOP('',(#375,#383,#389,#390));
#375 = ORIENTED_EDGE('',*,*,#376,.F.);
#376 = EDGE_CURVE('',#377,#352,#379,.T.);
#377 = VERTEX_POINT('',#378);
#378 = CARTESIAN_POINT('',(13.196980875291,4.673296029273,1.32));
#379 = LINE('',#380,#381);
#380 = CARTESIAN_POINT('',(13.196980875291,4.673296029273,-1.E-16));
#381 = VECTOR('',#382,1.);
#382 = DIRECTION('',(0.,0.,1.));
#383 = ORIENTED_EDGE('',*,*,#384,.F.);
#384 = EDGE_CURVE('',#281,#377,#385,.T.);
#385 = LINE('',#386,#387);
#386 = CARTESIAN_POINT('',(8.48377341983,3.004261733104,1.32));
#387 = VECTOR('',#388,1.);
#388 = DIRECTION('',(0.942641491092,0.333806859234,0.));
#389 = ORIENTED_EDGE('',*,*,#289,.F.);
#390 = ORIENTED_EDGE('',*,*,#362,.F.);
#391 = PLANE('',#392);
#392 = AXIS2_PLACEMENT_3D('',#393,#394,#395);
#393 = CARTESIAN_POINT('',(10.84037714756,3.838778881188,1.7));
#394 = DIRECTION('',(-0.333806859234,0.942641491092,2.2E-16));
#395 = DIRECTION('',(0.942641491092,0.333806859234,0.));
#396 = ADVANCED_FACE('',(#397),#470,.T.);
#397 = FACE_BOUND('',#398,.T.);
#398 = EDGE_LOOP('',(#399,#408,#417,#425,#434,#443,#452,#461,#468,#469)
  );
#399 = ORIENTED_EDGE('',*,*,#400,.F.);
#400 = EDGE_CURVE('',#401,#377,#403,.T.);
#401 = VERTEX_POINT('',#402);
#402 = CARTESIAN_POINT('',(12.124355652982,7.,1.32));
#403 = CIRCLE('',#404,14.);
#404 = AXIS2_PLACEMENT_3D('',#405,#406,#407);
#405 = CARTESIAN_POINT('',(1.45E-16,-2.511473670975E-16,1.32));
#406 = DIRECTION('',(-1.1E-16,1.905255888326E-16,-1.));
#407 = DIRECTION('',(0.866025403784,0.5,0.));
#408 = ORIENTED_EDGE('',*,*,#409,.T.);
#409 = EDGE_CURVE('',#401,#410,#412,.T.);
#410 = VERTEX_POINT('',#411);
#411 = CARTESIAN_POINT('',(10.6456835184,9.092272676623,1.32));
#412 = CIRCLE('',#413,14.);
#413 = AXIS2_PLACEMENT_3D('',#414,#415,#416);
#414 = CARTESIAN_POINT('',(1.45E-16,-2.511473670975E-16,1.32));
#415 = DIRECTION('',(1.1E-16,-1.905255888326E-16,1.));
#416 = DIRECTION('',(0.866025403784,0.5,0.));
#417 = ORIENTED_EDGE('',*,*,#418,.F.);
#418 = EDGE_CURVE('',#419,#410,#421,.T.);
#419 = VERTEX_POINT('',#420);
#420 = CARTESIAN_POINT('',(6.8436536904,5.845032434972,1.32));
#421 = LINE('',#422,#423);
#422 = CARTESIAN_POINT('',(6.8436536904,5.845032434972,1.32));
#423 = VECTOR('',#424,1.);
#424 = DIRECTION('',(0.7604059656,0.64944804833,0.));
#425 = ORIENTED_EDGE('',*,*,#426,.F.);
#426 = EDGE_CURVE('',#427,#419,#429,.T.);
#427 = VERTEX_POINT('',#428);
#428 = CARTESIAN_POINT('',(6.848235792694,5.839663220397,1.32));
#429 = CIRCLE('',#430,9.);
#430 = AXIS2_PLACEMENT_3D('',#431,#432,#433);
#431 = CARTESIAN_POINT('',(1.45E-16,-2.511473670975E-16,1.32));
#432 = DIRECTION('',(1.1E-16,-1.905255888326E-16,1.));
#433 = DIRECTION('',(0.866025403784,0.5,0.));
#434 = ORIENTED_EDGE('',*,*,#435,.T.);
#435 = EDGE_CURVE('',#427,#436,#438,.T.);
#436 = VERTEX_POINT('',#437);
#437 = CARTESIAN_POINT('',(6.16857547822,4.283547194733,1.32));
#438 = CIRCLE('',#439,1.64);
#439 = AXIS2_PLACEMENT_3D('',#440,#441,#442);
#440 = CARTESIAN_POINT('',(7.79422863406,4.5,1.32));
#441 = DIRECTION('',(2.2E-16,-3.810511776652E-16,1.));
#442 = DIRECTION('',(0.866025403784,0.5,7.92E-32));
#443 = ORIENTED_EDGE('',*,*,#444,.T.);
#444 = EDGE_CURVE('',#436,#445,#447,.T.);
#445 = VERTEX_POINT('',#446);
#446 = CARTESIAN_POINT('',(6.503850782421,3.755,1.32));
#447 = CIRCLE('',#448,7.51);
#448 = AXIS2_PLACEMENT_3D('',#449,#450,#451);
#449 = CARTESIAN_POINT('',(0.,0.,1.32));
#450 = DIRECTION('',(0.,0.,-1.));
#451 = DIRECTION('',(1.,0.,0.));
#452 = ORIENTED_EDGE('',*,*,#453,.T.);
#453 = EDGE_CURVE('',#445,#454,#456,.T.);
#454 = VERTEX_POINT('',#455);
#455 = CARTESIAN_POINT('',(6.793948428058,3.200369471934,1.32));
#456 = CIRCLE('',#457,7.51);
#457 = AXIS2_PLACEMENT_3D('',#458,#459,#460);
#458 = CARTESIAN_POINT('',(0.,0.,1.32));
#459 = DIRECTION('',(0.,0.,-1.));
#460 = DIRECTION('',(1.,0.,0.));
#461 = ORIENTED_EDGE('',*,*,#462,.F.);
#462 = EDGE_CURVE('',#273,#454,#463,.T.);
#463 = CIRCLE('',#464,1.64);
#464 = AXIS2_PLACEMENT_3D('',#465,#466,#467);
#465 = CARTESIAN_POINT('',(7.79422863406,4.5,1.32));
#466 = DIRECTION('',(0.,0.,-1.));
#467 = DIRECTION('',(0.866025403784,0.5,0.));
#468 = ORIENTED_EDGE('',*,*,#280,.T.);
#469 = ORIENTED_EDGE('',*,*,#384,.T.);
#470 = PLANE('',#471);
#471 = AXIS2_PLACEMENT_3D('',#472,#473,#474);
#472 = CARTESIAN_POINT('',(9.668622639001,5.58218188332,1.32));
#473 = DIRECTION('',(0.,0.,1.));
#474 = DIRECTION('',(1.,0.,0.));
#475 = ADVANCED_FACE('',(#476),#495,.F.);
#476 = FACE_BOUND('',#477,.F.);
#477 = EDGE_LOOP('',(#478,#479,#488,#494));
#478 = ORIENTED_EDGE('',*,*,#272,.F.);
#479 = ORIENTED_EDGE('',*,*,#480,.T.);
#480 = EDGE_CURVE('',#264,#481,#483,.T.);
#481 = VERTEX_POINT('',#482);
#482 = CARTESIAN_POINT('',(6.793948428058,3.200369471934,5.));
#483 = CIRCLE('',#484,1.64);
#484 = AXIS2_PLACEMENT_3D('',#485,#486,#487);
#485 = CARTESIAN_POINT('',(7.79422863406,4.5,5.));
#486 = DIRECTION('',(0.,0.,-1.));
#487 = DIRECTION('',(0.866025403784,0.5,0.));
#488 = ORIENTED_EDGE('',*,*,#489,.T.);
#489 = EDGE_CURVE('',#481,#454,#490,.T.);
#490 = LINE('',#491,#492);
#491 = CARTESIAN_POINT('',(6.793948428058,3.200369471934,5.));
#492 = VECTOR('',#493,1.);
#493 = DIRECTION('',(0.,0.,-1.));
#494 = ORIENTED_EDGE('',*,*,#462,.F.);
#495 = CYLINDRICAL_SURFACE('',#496,1.64);
#496 = AXIS2_PLACEMENT_3D('',#497,#498,#499);
#497 = CARTESIAN_POINT('',(7.79422863406,4.5,5.));
#498 = DIRECTION('',(0.,-0.,-1.));
#499 = DIRECTION('',(0.866025403784,0.5,0.));
#500 = ADVANCED_FACE('',(#501),#528,.F.);
#501 = FACE_BOUND('',#502,.T.);
#502 = EDGE_LOOP('',(#503,#504,#513,#521));
#503 = ORIENTED_EDGE('',*,*,#255,.F.);
#504 = ORIENTED_EDGE('',*,*,#505,.T.);
#505 = EDGE_CURVE('',#256,#506,#508,.T.);
#506 = VERTEX_POINT('',#507);
#507 = CARTESIAN_POINT('',(7.483916666667,0.625372949838,5.));
#508 = CIRCLE('',#509,1.64);
#509 = AXIS2_PLACEMENT_3D('',#510,#511,#512);
#510 = CARTESIAN_POINT('',(9.,-2.22E-15,5.));
#511 = DIRECTION('',(0.,-4.4E-16,1.));
#512 = DIRECTION('',(1.,6.8E-16,2.992E-31));
#513 = ORIENTED_EDGE('',*,*,#514,.T.);
#514 = EDGE_CURVE('',#506,#515,#517,.T.);
#515 = VERTEX_POINT('',#516);
#516 = CARTESIAN_POINT('',(7.483916666667,0.625372949838,1.32));
#517 = LINE('',#518,#519);
#518 = CARTESIAN_POINT('',(7.483916666667,0.625372949838,5.));
#519 = VECTOR('',#520,1.);
#520 = DIRECTION('',(0.,4.4E-16,-1.));
#521 = ORIENTED_EDGE('',*,*,#522,.F.);
#522 = EDGE_CURVE('',#247,#515,#523,.T.);
#523 = CIRCLE('',#524,1.64);
#524 = AXIS2_PLACEMENT_3D('',#525,#526,#527);
#525 = CARTESIAN_POINT('',(9.,-5.9E-16,1.32));
#526 = DIRECTION('',(0.,-4.4E-16,1.));
#527 = DIRECTION('',(1.,1.8E-16,7.92E-32));
#528 = CYLINDRICAL_SURFACE('',#529,1.64);
#529 = AXIS2_PLACEMENT_3D('',#530,#531,#532);
#530 = CARTESIAN_POINT('',(9.,-2.22E-15,5.));
#531 = DIRECTION('',(0.,4.4E-16,-1.));
#532 = DIRECTION('',(1.,6.8E-16,2.992E-31));
#533 = ADVANCED_FACE('',(#534),#572,.T.);
#534 = FACE_BOUND('',#535,.T.);
#535 = EDGE_LOOP('',(#536,#547,#556,#563,#564,#565));
#536 = ORIENTED_EDGE('',*,*,#537,.T.);
#537 = EDGE_CURVE('',#538,#540,#542,.T.);
#538 = VERTEX_POINT('',#539);
#539 = CARTESIAN_POINT('',(7.51,5.4E-17,1.32));
#540 = VERTEX_POINT('',#541);
#541 = CARTESIAN_POINT('',(7.483916666667,-0.625372949838,1.32));
#542 = CIRCLE('',#543,7.51);
#543 = AXIS2_PLACEMENT_3D('',#544,#545,#546);
#544 = CARTESIAN_POINT('',(0.,0.,1.32));
#545 = DIRECTION('',(0.,0.,-1.));
#546 = DIRECTION('',(1.,0.,0.));
#547 = ORIENTED_EDGE('',*,*,#548,.F.);
#548 = EDGE_CURVE('',#549,#540,#551,.T.);
#549 = VERTEX_POINT('',#550);
#550 = CARTESIAN_POINT('',(8.850577777778,-1.633178802062,1.32));
#551 = CIRCLE('',#552,1.64);
#552 = AXIS2_PLACEMENT_3D('',#553,#554,#555);
#553 = CARTESIAN_POINT('',(9.,0.,1.32));
#554 = DIRECTION('',(0.,-0.,-1.));
#555 = DIRECTION('',(1.,-1.8E-16,0.));
#556 = ORIENTED_EDGE('',*,*,#557,.F.);
#557 = EDGE_CURVE('',#239,#549,#558,.T.);
#558 = CIRCLE('',#559,9.);
#559 = AXIS2_PLACEMENT_3D('',#560,#561,#562);
#560 = CARTESIAN_POINT('',(0.,0.,1.32));
#561 = DIRECTION('',(0.,0.,-1.));
#562 = DIRECTION('',(1.,0.,0.));
#563 = ORIENTED_EDGE('',*,*,#246,.F.);
#564 = ORIENTED_EDGE('',*,*,#522,.T.);
#565 = ORIENTED_EDGE('',*,*,#566,.T.);
#566 = EDGE_CURVE('',#515,#538,#567,.T.);
#567 = CIRCLE('',#568,7.51);
#568 = AXIS2_PLACEMENT_3D('',#569,#570,#571);
#569 = CARTESIAN_POINT('',(0.,0.,1.32));
#570 = DIRECTION('',(0.,0.,-1.));
#571 = DIRECTION('',(1.,0.,0.));
#572 = PLANE('',#573);
#573 = AXIS2_PLACEMENT_3D('',#574,#575,#576);
#574 = CARTESIAN_POINT('',(8.344404977716,-1.469351566457E-15,1.32));
#575 = DIRECTION('',(0.,0.,1.));
#576 = DIRECTION('',(1.,0.,0.));
#577 = ADVANCED_FACE('',(#578),#648,.T.);
#578 = FACE_BOUND('',#579,.F.);
#579 = EDGE_LOOP('',(#580,#581,#590,#598,#607,#615,#624,#632,#641,#647)
  );
#580 = ORIENTED_EDGE('',*,*,#238,.F.);
#581 = ORIENTED_EDGE('',*,*,#582,.F.);
#582 = EDGE_CURVE('',#583,#228,#585,.T.);
#583 = VERTEX_POINT('',#584);
#584 = CARTESIAN_POINT('',(8.629377613814,-2.556138102335,1.E-15));
#585 = CIRCLE('',#586,9.);
#586 = AXIS2_PLACEMENT_3D('',#587,#588,#589);
#587 = CARTESIAN_POINT('',(0.,0.,0.));
#588 = DIRECTION('',(0.,0.,1.));
#589 = DIRECTION('',(1.,0.,0.));
#590 = ORIENTED_EDGE('',*,*,#591,.F.);
#591 = EDGE_CURVE('',#592,#583,#594,.T.);
#592 = VERTEX_POINT('',#593);
#593 = CARTESIAN_POINT('',(8.629377613814,-2.556138102335,3.4));
#594 = LINE('',#595,#596);
#595 = CARTESIAN_POINT('',(8.629377613814,-2.556138102335,3.4));
#596 = VECTOR('',#597,1.);
#597 = DIRECTION('',(6.883545756938E-18,7.253743710123E-18,-1.));
#598 = ORIENTED_EDGE('',*,*,#599,.F.);
#599 = EDGE_CURVE('',#600,#592,#602,.T.);
#600 = VERTEX_POINT('',#601);
#601 = CARTESIAN_POINT('',(8.48377341983,-3.004261733104,3.4));
#602 = CIRCLE('',#603,9.);
#603 = AXIS2_PLACEMENT_3D('',#604,#605,#606);
#604 = CARTESIAN_POINT('',(-5.140192378865E-16,-9.503074360872E-16,3.4)
  );
#605 = DIRECTION('',(-1.4E-16,-2.424871130596E-16,1.));
#606 = DIRECTION('',(0.942641491092,-0.333806859234,5.10259471378E-17));
#607 = ORIENTED_EDGE('',*,*,#608,.T.);
#608 = EDGE_CURVE('',#600,#609,#611,.T.);
#609 = VERTEX_POINT('',#610);
#610 = CARTESIAN_POINT('',(8.48377341983,-3.004261733104,1.32));
#611 = LINE('',#612,#613);
#612 = CARTESIAN_POINT('',(8.48377341983,-3.004261733104,3.4));
#613 = VECTOR('',#614,1.);
#614 = DIRECTION('',(0.,0.,-1.));
#615 = ORIENTED_EDGE('',*,*,#616,.F.);
#616 = EDGE_CURVE('',#617,#609,#619,.T.);
#617 = VERTEX_POINT('',#618);
#618 = CARTESIAN_POINT('',(8.481414594757,-3.010914557381,1.32));
#619 = CIRCLE('',#620,9.);
#620 = AXIS2_PLACEMENT_3D('',#621,#622,#623);
#621 = CARTESIAN_POINT('',(-1.45E-16,-2.511473670975E-16,1.32));
#622 = DIRECTION('',(-1.1E-16,-1.905255888326E-16,1.));
#623 = DIRECTION('',(0.866025403784,-0.5,0.));
#624 = ORIENTED_EDGE('',*,*,#625,.F.);
#625 = EDGE_CURVE('',#626,#617,#628,.T.);
#626 = VERTEX_POINT('',#627);
#627 = CARTESIAN_POINT('',(8.481414594757,-3.010914557381,5.));
#628 = LINE('',#629,#630);
#629 = CARTESIAN_POINT('',(8.481414594757,-3.010914557381,0.));
#630 = VECTOR('',#631,1.);
#631 = DIRECTION('',(-0.,-0.,-1.));
#632 = ORIENTED_EDGE('',*,*,#633,.T.);
#633 = EDGE_CURVE('',#626,#634,#636,.T.);
#634 = VERTEX_POINT('',#635);
#635 = CARTESIAN_POINT('',(8.850577777778,-1.633178802062,5.));
#636 = CIRCLE('',#637,9.);
#637 = AXIS2_PLACEMENT_3D('',#638,#639,#640);
#638 = CARTESIAN_POINT('',(0.,0.,5.));
#639 = DIRECTION('',(0.,0.,1.));
#640 = DIRECTION('',(1.,0.,0.));
#641 = ORIENTED_EDGE('',*,*,#642,.T.);
#642 = EDGE_CURVE('',#634,#549,#643,.T.);
#643 = LINE('',#644,#645);
#644 = CARTESIAN_POINT('',(8.850577777778,-1.633178802062,0.));
#645 = VECTOR('',#646,1.);
#646 = DIRECTION('',(-0.,-0.,-1.));
#647 = ORIENTED_EDGE('',*,*,#557,.F.);
#648 = CYLINDRICAL_SURFACE('',#649,9.);
#649 = AXIS2_PLACEMENT_3D('',#650,#651,#652);
#650 = CARTESIAN_POINT('',(0.,0.,0.));
#651 = DIRECTION('',(-0.,-0.,-1.));
#652 = DIRECTION('',(1.,0.,0.));
#653 = ADVANCED_FACE('',(#654),#679,.F.);
#654 = FACE_BOUND('',#655,.F.);
#655 = EDGE_LOOP('',(#656,#664,#672,#678));
#656 = ORIENTED_EDGE('',*,*,#657,.T.);
#657 = EDGE_CURVE('',#583,#658,#660,.T.);
#658 = VERTEX_POINT('',#659);
#659 = CARTESIAN_POINT('',(13.423476288155,-3.976214825855,1.E-15));
#660 = LINE('',#661,#662);
#661 = CARTESIAN_POINT('',(8.629377613814,-2.556138102335,-9.E-17));
#662 = VECTOR('',#663,1.);
#663 = DIRECTION('',(0.958819734868,-0.284015344704,0.));
#664 = ORIENTED_EDGE('',*,*,#665,.T.);
#665 = EDGE_CURVE('',#658,#666,#668,.T.);
#666 = VERTEX_POINT('',#667);
#667 = CARTESIAN_POINT('',(13.423476288155,-3.976214825855,3.4));
#668 = LINE('',#669,#670);
#669 = CARTESIAN_POINT('',(13.423476288155,-3.976214825855,-8.E-17));
#670 = VECTOR('',#671,1.);
#671 = DIRECTION('',(-6.883545756938E-18,-7.253743710123E-18,1.));
#672 = ORIENTED_EDGE('',*,*,#673,.T.);
#673 = EDGE_CURVE('',#666,#592,#674,.T.);
#674 = LINE('',#675,#676);
#675 = CARTESIAN_POINT('',(13.423476288155,-3.976214825855,3.4));
#676 = VECTOR('',#677,1.);
#677 = DIRECTION('',(-0.958819734868,0.284015344704,0.));
#678 = ORIENTED_EDGE('',*,*,#591,.T.);
#679 = PLANE('',#680);
#680 = AXIS2_PLACEMENT_3D('',#681,#682,#683);
#681 = CARTESIAN_POINT('',(11.026426950984,-3.266176464095,1.7));
#682 = DIRECTION('',(-0.284015344704,-0.958819734868,-2.1E-16));
#683 = DIRECTION('',(-0.958819734868,0.284015344704,-1.E-16));
#684 = ADVANCED_FACE('',(#685),#705,.T.);
#685 = FACE_BOUND('',#686,.F.);
#686 = EDGE_LOOP('',(#687,#696,#697,#698,#699));
#687 = ORIENTED_EDGE('',*,*,#688,.T.);
#688 = EDGE_CURVE('',#689,#321,#691,.T.);
#689 = VERTEX_POINT('',#690);
#690 = CARTESIAN_POINT('',(13.196980875291,4.673296029273,-1.E-15));
#691 = CIRCLE('',#692,14.);
#692 = AXIS2_PLACEMENT_3D('',#693,#694,#695);
#693 = CARTESIAN_POINT('',(-4.401923788647E-17,1.362435565298E-16,
    -6.E-17));
#694 = DIRECTION('',(-8.5E-17,1.472243186434E-16,-1.));
#695 = DIRECTION('',(0.942641491092,0.333806859234,-3.098003933367E-17)
  );
#696 = ORIENTED_EDGE('',*,*,#328,.T.);
#697 = ORIENTED_EDGE('',*,*,#351,.F.);
#698 = ORIENTED_EDGE('',*,*,#376,.F.);
#699 = ORIENTED_EDGE('',*,*,#700,.T.);
#700 = EDGE_CURVE('',#377,#689,#701,.T.);
#701 = LINE('',#702,#703);
#702 = CARTESIAN_POINT('',(13.196980875291,4.673296029273,1.32));
#703 = VECTOR('',#704,1.);
#704 = DIRECTION('',(0.,0.,-1.));
#705 = CYLINDRICAL_SURFACE('',#706,14.);
#706 = AXIS2_PLACEMENT_3D('',#707,#708,#709);
#707 = CARTESIAN_POINT('',(-4.401923788647E-17,1.362435565298E-16,
    -6.E-17));
#708 = DIRECTION('',(8.5E-17,-1.472243186434E-16,1.));
#709 = DIRECTION('',(0.942641491092,0.333806859234,-3.098003933367E-17)
  );
#710 = ADVANCED_FACE('',(#711),#746,.T.);
#711 = FACE_BOUND('',#712,.T.);
#712 = EDGE_LOOP('',(#713,#722,#723,#732,#740));
#713 = ORIENTED_EDGE('',*,*,#714,.T.);
#714 = EDGE_CURVE('',#715,#658,#717,.T.);
#715 = VERTEX_POINT('',#716);
#716 = CARTESIAN_POINT('',(13.19698087529,-4.673296029273,6.E-15));
#717 = CIRCLE('',#718,14.);
#718 = AXIS2_PLACEMENT_3D('',#719,#720,#721);
#719 = CARTESIAN_POINT('',(-4.401923788647E-17,-1.362435565298E-16,
    -6.E-17));
#720 = DIRECTION('',(-1.4E-16,-2.424871130596E-16,1.));
#721 = DIRECTION('',(0.942641491092,-0.333806859234,5.10259471378E-17));
#722 = ORIENTED_EDGE('',*,*,#665,.T.);
#723 = ORIENTED_EDGE('',*,*,#724,.F.);
#724 = EDGE_CURVE('',#725,#666,#727,.T.);
#725 = VERTEX_POINT('',#726);
#726 = CARTESIAN_POINT('',(13.19698087529,-4.673296029273,3.4));
#727 = CIRCLE('',#728,14.);
#728 = AXIS2_PLACEMENT_3D('',#729,#730,#731);
#729 = CARTESIAN_POINT('',(-5.140192378865E-16,-9.503074360872E-16,3.4)
  );
#730 = DIRECTION('',(-1.4E-16,-2.424871130596E-16,1.));
#731 = DIRECTION('',(0.942641491092,-0.333806859234,5.10259471378E-17));
#732 = ORIENTED_EDGE('',*,*,#733,.F.);
#733 = EDGE_CURVE('',#734,#725,#736,.T.);
#734 = VERTEX_POINT('',#735);
#735 = CARTESIAN_POINT('',(13.19698087529,-4.673296029273,1.32));
#736 = LINE('',#737,#738);
#737 = CARTESIAN_POINT('',(13.196980875291,-4.673296029273,-9.E-17));
#738 = VECTOR('',#739,1.);
#739 = DIRECTION('',(0.,0.,1.));
#740 = ORIENTED_EDGE('',*,*,#741,.T.);
#741 = EDGE_CURVE('',#734,#715,#742,.T.);
#742 = LINE('',#743,#744);
#743 = CARTESIAN_POINT('',(13.196980875291,-4.673296029273,1.32));
#744 = VECTOR('',#745,1.);
#745 = DIRECTION('',(0.,0.,-1.));
#746 = CYLINDRICAL_SURFACE('',#747,14.);
#747 = AXIS2_PLACEMENT_3D('',#748,#749,#750);
#748 = CARTESIAN_POINT('',(-4.401923788647E-17,-1.362435565298E-16,
    -6.E-17));
#749 = DIRECTION('',(-1.4E-16,-2.424871130596E-16,1.));
#750 = DIRECTION('',(0.942641491092,-0.333806859234,5.10259471378E-17));
#751 = ADVANCED_FACE('',(#752),#771,.T.);
#752 = FACE_BOUND('',#753,.T.);
#753 = EDGE_LOOP('',(#754,#755,#756,#765));
#754 = ORIENTED_EDGE('',*,*,#400,.T.);
#755 = ORIENTED_EDGE('',*,*,#700,.T.);
#756 = ORIENTED_EDGE('',*,*,#757,.F.);
#757 = EDGE_CURVE('',#758,#689,#760,.T.);
#758 = VERTEX_POINT('',#759);
#759 = CARTESIAN_POINT('',(12.124355652982,7.,0.));
#760 = CIRCLE('',#761,14.);
#761 = AXIS2_PLACEMENT_3D('',#762,#763,#764);
#762 = CARTESIAN_POINT('',(0.,0.,0.));
#763 = DIRECTION('',(-1.1E-16,1.905255888326E-16,-1.));
#764 = DIRECTION('',(0.866025403784,0.5,0.));
#765 = ORIENTED_EDGE('',*,*,#766,.F.);
#766 = EDGE_CURVE('',#401,#758,#767,.T.);
#767 = LINE('',#768,#769);
#768 = CARTESIAN_POINT('',(12.124355652982,7.,1.32));
#769 = VECTOR('',#770,1.);
#770 = DIRECTION('',(0.,0.,-1.));
#771 = CYLINDRICAL_SURFACE('',#772,14.);
#772 = AXIS2_PLACEMENT_3D('',#773,#774,#775);
#773 = CARTESIAN_POINT('',(1.45E-16,-2.511473670975E-16,1.32));
#774 = DIRECTION('',(-1.1E-16,1.905255888326E-16,-1.));
#775 = DIRECTION('',(0.866025403784,0.5,0.));
#776 = ADVANCED_FACE('',(#777),#804,.T.);
#777 = FACE_BOUND('',#778,.F.);
#778 = EDGE_LOOP('',(#779,#788,#789,#798));
#779 = ORIENTED_EDGE('',*,*,#780,.T.);
#780 = EDGE_CURVE('',#781,#734,#783,.T.);
#781 = VERTEX_POINT('',#782);
#782 = CARTESIAN_POINT('',(12.124355652982,-7.,1.32));
#783 = CIRCLE('',#784,14.);
#784 = AXIS2_PLACEMENT_3D('',#785,#786,#787);
#785 = CARTESIAN_POINT('',(-1.45E-16,-2.511473670975E-16,1.32));
#786 = DIRECTION('',(-1.1E-16,-1.905255888326E-16,1.));
#787 = DIRECTION('',(0.866025403784,-0.5,0.));
#788 = ORIENTED_EDGE('',*,*,#741,.T.);
#789 = ORIENTED_EDGE('',*,*,#790,.F.);
#790 = EDGE_CURVE('',#791,#715,#793,.T.);
#791 = VERTEX_POINT('',#792);
#792 = CARTESIAN_POINT('',(12.124355652982,-7.,5.E-15));
#793 = CIRCLE('',#794,14.);
#794 = AXIS2_PLACEMENT_3D('',#795,#796,#797);
#795 = CARTESIAN_POINT('',(0.,0.,0.));
#796 = DIRECTION('',(-1.1E-16,-1.905255888326E-16,1.));
#797 = DIRECTION('',(0.866025403784,-0.5,0.));
#798 = ORIENTED_EDGE('',*,*,#799,.F.);
#799 = EDGE_CURVE('',#781,#791,#800,.T.);
#800 = LINE('',#801,#802);
#801 = CARTESIAN_POINT('',(12.124355652982,-7.,1.32));
#802 = VECTOR('',#803,1.);
#803 = DIRECTION('',(0.,-0.,-1.));
#804 = CYLINDRICAL_SURFACE('',#805,14.);
#805 = AXIS2_PLACEMENT_3D('',#806,#807,#808);
#806 = CARTESIAN_POINT('',(-1.45E-16,-2.511473670975E-16,1.32));
#807 = DIRECTION('',(1.1E-16,1.905255888326E-16,-1.));
#808 = DIRECTION('',(0.866025403784,-0.5,0.));
#809 = ADVANCED_FACE('',(#810),#829,.T.);
#810 = FACE_BOUND('',#811,.F.);
#811 = EDGE_LOOP('',(#812,#813,#821,#828));
#812 = ORIENTED_EDGE('',*,*,#409,.T.);
#813 = ORIENTED_EDGE('',*,*,#814,.T.);
#814 = EDGE_CURVE('',#410,#815,#817,.T.);
#815 = VERTEX_POINT('',#816);
#816 = CARTESIAN_POINT('',(10.6456835184,9.092272676623,1.E-15));
#817 = LINE('',#818,#819);
#818 = CARTESIAN_POINT('',(10.6456835184,9.092272676623,1.32));
#819 = VECTOR('',#820,1.);
#820 = DIRECTION('',(-0.,0.,-1.));
#821 = ORIENTED_EDGE('',*,*,#822,.F.);
#822 = EDGE_CURVE('',#758,#815,#823,.T.);
#823 = CIRCLE('',#824,14.);
#824 = AXIS2_PLACEMENT_3D('',#825,#826,#827);
#825 = CARTESIAN_POINT('',(0.,0.,0.));
#826 = DIRECTION('',(1.1E-16,-1.905255888326E-16,1.));
#827 = DIRECTION('',(0.866025403784,0.5,0.));
#828 = ORIENTED_EDGE('',*,*,#766,.F.);
#829 = CYLINDRICAL_SURFACE('',#830,14.);
#830 = AXIS2_PLACEMENT_3D('',#831,#832,#833);
#831 = CARTESIAN_POINT('',(1.45E-16,-2.511473670975E-16,1.32));
#832 = DIRECTION('',(-1.1E-16,1.905255888326E-16,-1.));
#833 = DIRECTION('',(0.866025403784,0.5,0.));
#834 = ADVANCED_FACE('',(#835),#862,.T.);
#835 = FACE_BOUND('',#836,.T.);
#836 = EDGE_LOOP('',(#837,#846,#854,#861));
#837 = ORIENTED_EDGE('',*,*,#838,.T.);
#838 = EDGE_CURVE('',#781,#839,#841,.T.);
#839 = VERTEX_POINT('',#840);
#840 = CARTESIAN_POINT('',(10.6456835184,-9.092272676623,1.32));
#841 = CIRCLE('',#842,14.);
#842 = AXIS2_PLACEMENT_3D('',#843,#844,#845);
#843 = CARTESIAN_POINT('',(-1.45E-16,-2.511473670975E-16,1.32));
#844 = DIRECTION('',(1.1E-16,1.905255888326E-16,-1.));
#845 = DIRECTION('',(0.866025403784,-0.5,0.));
#846 = ORIENTED_EDGE('',*,*,#847,.T.);
#847 = EDGE_CURVE('',#839,#848,#850,.T.);
#848 = VERTEX_POINT('',#849);
#849 = CARTESIAN_POINT('',(10.6456835184,-9.092272676623,3.E-15));
#850 = LINE('',#851,#852);
#851 = CARTESIAN_POINT('',(10.6456835184,-9.092272676623,1.32));
#852 = VECTOR('',#853,1.);
#853 = DIRECTION('',(0.,-0.,-1.));
#854 = ORIENTED_EDGE('',*,*,#855,.F.);
#855 = EDGE_CURVE('',#791,#848,#856,.T.);
#856 = CIRCLE('',#857,14.);
#857 = AXIS2_PLACEMENT_3D('',#858,#859,#860);
#858 = CARTESIAN_POINT('',(0.,0.,0.));
#859 = DIRECTION('',(1.1E-16,1.905255888326E-16,-1.));
#860 = DIRECTION('',(0.866025403784,-0.5,0.));
#861 = ORIENTED_EDGE('',*,*,#799,.F.);
#862 = CYLINDRICAL_SURFACE('',#863,14.);
#863 = AXIS2_PLACEMENT_3D('',#864,#865,#866);
#864 = CARTESIAN_POINT('',(-1.45E-16,-2.511473670975E-16,1.32));
#865 = DIRECTION('',(1.1E-16,1.905255888326E-16,-1.));
#866 = DIRECTION('',(0.866025403784,-0.5,0.));
#867 = ADVANCED_FACE('',(#868),#903,.T.);
#868 = FACE_BOUND('',#869,.T.);
#869 = EDGE_LOOP('',(#870,#879,#887,#896,#902));
#870 = ORIENTED_EDGE('',*,*,#871,.T.);
#871 = EDGE_CURVE('',#815,#872,#874,.T.);
#872 = VERTEX_POINT('',#873);
#873 = CARTESIAN_POINT('',(10.155241194172,9.636964059713,1.E-15));
#874 = CIRCLE('',#875,14.);
#875 = AXIS2_PLACEMENT_3D('',#876,#877,#878);
#876 = CARTESIAN_POINT('',(9.598076211353E-17,-1.062435565298E-16,
    -6.E-17));
#877 = DIRECTION('',(1.4E-16,-2.424871130596E-16,1.));
#878 = DIRECTION('',(0.7604059656,0.64944804833,5.10259471378E-17));
#879 = ORIENTED_EDGE('',*,*,#880,.T.);
#880 = EDGE_CURVE('',#872,#881,#883,.T.);
#881 = VERTEX_POINT('',#882);
#882 = CARTESIAN_POINT('',(10.155241194172,9.636964059713,3.4));
#883 = LINE('',#884,#885);
#884 = CARTESIAN_POINT('',(10.155241194172,9.636964059713,-8.E-17));
#885 = VECTOR('',#886,1.);
#886 = DIRECTION('',(2.840153447039E-18,-9.588197348682E-18,1.));
#887 = ORIENTED_EDGE('',*,*,#888,.F.);
#888 = EDGE_CURVE('',#889,#881,#891,.T.);
#889 = VERTEX_POINT('',#890);
#890 = CARTESIAN_POINT('',(10.6456835184,9.092272676623,3.4));
#891 = CIRCLE('',#892,14.);
#892 = AXIS2_PLACEMENT_3D('',#893,#894,#895);
#893 = CARTESIAN_POINT('',(5.659807621135E-16,-9.203074360872E-16,3.4));
#894 = DIRECTION('',(1.4E-16,-2.424871130596E-16,1.));
#895 = DIRECTION('',(0.7604059656,0.64944804833,5.10259471378E-17));
#896 = ORIENTED_EDGE('',*,*,#897,.F.);
#897 = EDGE_CURVE('',#410,#889,#898,.T.);
#898 = LINE('',#899,#900);
#899 = CARTESIAN_POINT('',(10.6456835184,9.092272676623,-9.E-17));
#900 = VECTOR('',#901,1.);
#901 = DIRECTION('',(0.,0.,1.));
#902 = ORIENTED_EDGE('',*,*,#814,.T.);
#903 = CYLINDRICAL_SURFACE('',#904,14.);
#904 = AXIS2_PLACEMENT_3D('',#905,#906,#907);
#905 = CARTESIAN_POINT('',(9.598076211353E-17,-1.062435565298E-16,
    -6.E-17));
#906 = DIRECTION('',(1.4E-16,-2.424871130596E-16,1.));
#907 = DIRECTION('',(0.7604059656,0.64944804833,5.10259471378E-17));
#908 = ADVANCED_FACE('',(#909),#944,.T.);
#909 = FACE_BOUND('',#910,.F.);
#910 = EDGE_LOOP('',(#911,#920,#928,#937,#943));
#911 = ORIENTED_EDGE('',*,*,#912,.T.);
#912 = EDGE_CURVE('',#848,#913,#915,.T.);
#913 = VERTEX_POINT('',#914);
#914 = CARTESIAN_POINT('',(10.155241194172,-9.636964059713,0.));
#915 = CIRCLE('',#916,14.);
#916 = AXIS2_PLACEMENT_3D('',#917,#918,#919);
#917 = CARTESIAN_POINT('',(9.598076211353E-17,1.062435565298E-16,-6.E-17
    ));
#918 = DIRECTION('',(8.5E-17,1.472243186434E-16,-1.));
#919 = DIRECTION('',(0.7604059656,-0.64944804833,-3.098003933367E-17));
#920 = ORIENTED_EDGE('',*,*,#921,.T.);
#921 = EDGE_CURVE('',#913,#922,#924,.T.);
#922 = VERTEX_POINT('',#923);
#923 = CARTESIAN_POINT('',(10.155241194172,-9.636964059713,3.4));
#924 = LINE('',#925,#926);
#925 = CARTESIAN_POINT('',(10.155241194172,-9.636964059713,-1.E-16));
#926 = VECTOR('',#927,1.);
#927 = DIRECTION('',(0.,0.,1.));
#928 = ORIENTED_EDGE('',*,*,#929,.F.);
#929 = EDGE_CURVE('',#930,#922,#932,.T.);
#930 = VERTEX_POINT('',#931);
#931 = CARTESIAN_POINT('',(10.6456835184,-9.092272676623,3.4));
#932 = CIRCLE('',#933,14.);
#933 = AXIS2_PLACEMENT_3D('',#934,#935,#936);
#934 = CARTESIAN_POINT('',(-1.890192378865E-16,-3.873909236273E-16,3.4)
  );
#935 = DIRECTION('',(8.5E-17,1.472243186434E-16,-1.));
#936 = DIRECTION('',(0.7604059656,-0.64944804833,-3.098003933367E-17));
#937 = ORIENTED_EDGE('',*,*,#938,.F.);
#938 = EDGE_CURVE('',#839,#930,#939,.T.);
#939 = LINE('',#940,#941);
#940 = CARTESIAN_POINT('',(10.6456835184,-9.092272676623,-1.E-16));
#941 = VECTOR('',#942,1.);
#942 = DIRECTION('',(0.,0.,1.));
#943 = ORIENTED_EDGE('',*,*,#847,.T.);
#944 = CYLINDRICAL_SURFACE('',#945,14.);
#945 = AXIS2_PLACEMENT_3D('',#946,#947,#948);
#946 = CARTESIAN_POINT('',(9.598076211353E-17,1.062435565298E-16,-6.E-17
    ));
#947 = DIRECTION('',(-8.5E-17,-1.472243186434E-16,1.));
#948 = DIRECTION('',(0.7604059656,-0.64944804833,-3.098003933367E-17));
#949 = ADVANCED_FACE('',(#950),#975,.F.);
#950 = FACE_BOUND('',#951,.F.);
#951 = EDGE_LOOP('',(#952,#960,#961,#969));
#952 = ORIENTED_EDGE('',*,*,#953,.T.);
#953 = EDGE_CURVE('',#954,#872,#956,.T.);
#954 = VERTEX_POINT('',#955);
#955 = CARTESIAN_POINT('',(6.528369339111,6.195191181244,1.E-15));
#956 = LINE('',#957,#958);
#957 = CARTESIAN_POINT('',(6.528369339111,6.195191181244,-9.E-17));
#958 = VECTOR('',#959,1.);
#959 = DIRECTION('',(0.725374371012,0.688354575694,0.));
#960 = ORIENTED_EDGE('',*,*,#880,.T.);
#961 = ORIENTED_EDGE('',*,*,#962,.T.);
#962 = EDGE_CURVE('',#881,#963,#965,.T.);
#963 = VERTEX_POINT('',#964);
#964 = CARTESIAN_POINT('',(6.528369339111,6.195191181244,3.4));
#965 = LINE('',#966,#967);
#966 = CARTESIAN_POINT('',(10.155241194172,9.636964059713,3.4));
#967 = VECTOR('',#968,1.);
#968 = DIRECTION('',(-0.725374371012,-0.688354575694,0.));
#969 = ORIENTED_EDGE('',*,*,#970,.T.);
#970 = EDGE_CURVE('',#963,#954,#971,.T.);
#971 = LINE('',#972,#973);
#972 = CARTESIAN_POINT('',(6.528369339111,6.195191181244,3.4));
#973 = VECTOR('',#974,1.);
#974 = DIRECTION('',(-2.840153447039E-18,9.588197348682E-18,-1.));
#975 = PLANE('',#976);
#976 = AXIS2_PLACEMENT_3D('',#977,#978,#979);
#977 = CARTESIAN_POINT('',(8.341805266641,7.916077620478,1.7));
#978 = DIRECTION('',(0.688354575694,-0.725374371012,-2.1E-16));
#979 = DIRECTION('',(-0.725374371012,-0.688354575694,-1.E-16));
#980 = ADVANCED_FACE('',(#981),#1006,.F.);
#981 = FACE_BOUND('',#982,.T.);
#982 = EDGE_LOOP('',(#983,#991,#992,#1000));
#983 = ORIENTED_EDGE('',*,*,#984,.T.);
#984 = EDGE_CURVE('',#985,#913,#987,.T.);
#985 = VERTEX_POINT('',#986);
#986 = CARTESIAN_POINT('',(6.528369339111,-6.195191181244,0.));
#987 = LINE('',#988,#989);
#988 = CARTESIAN_POINT('',(6.528369339111,-6.195191181244,-1.E-16));
#989 = VECTOR('',#990,1.);
#990 = DIRECTION('',(0.725374371012,-0.688354575694,0.));
#991 = ORIENTED_EDGE('',*,*,#921,.T.);
#992 = ORIENTED_EDGE('',*,*,#993,.T.);
#993 = EDGE_CURVE('',#922,#994,#996,.T.);
#994 = VERTEX_POINT('',#995);
#995 = CARTESIAN_POINT('',(6.528369339111,-6.195191181244,3.4));
#996 = LINE('',#997,#998);
#997 = CARTESIAN_POINT('',(10.155241194172,-9.636964059713,3.4));
#998 = VECTOR('',#999,1.);
#999 = DIRECTION('',(-0.725374371012,0.688354575694,0.));
#1000 = ORIENTED_EDGE('',*,*,#1001,.T.);
#1001 = EDGE_CURVE('',#994,#985,#1002,.T.);
#1002 = LINE('',#1003,#1004);
#1003 = CARTESIAN_POINT('',(6.528369339111,-6.195191181244,3.4));
#1004 = VECTOR('',#1005,1.);
#1005 = DIRECTION('',(0.,-0.,-1.));
#1006 = PLANE('',#1007);
#1007 = AXIS2_PLACEMENT_3D('',#1008,#1009,#1010);
#1008 = CARTESIAN_POINT('',(8.341805266641,-7.916077620478,1.7));
#1009 = DIRECTION('',(0.688354575694,0.725374371012,2.2E-16));
#1010 = DIRECTION('',(0.725374371012,-0.688354575694,0.));
#1011 = ADVANCED_FACE('',(#1012),#1140,.T.);
#1012 = FACE_BOUND('',#1013,.F.);
#1013 = EDGE_LOOP('',(#1014,#1022,#1031,#1039,#1048,#1057,#1065,#1074,
    #1082,#1091,#1099,#1108,#1116,#1123,#1124,#1133,#1139));
#1014 = ORIENTED_EDGE('',*,*,#1015,.F.);
#1015 = EDGE_CURVE('',#1016,#427,#1018,.T.);
#1016 = VERTEX_POINT('',#1017);
#1017 = CARTESIAN_POINT('',(6.848235792694,5.839663220397,5.));
#1018 = LINE('',#1019,#1020);
#1019 = CARTESIAN_POINT('',(6.848235792694,5.839663220397,0.));
#1020 = VECTOR('',#1021,1.);
#1021 = DIRECTION('',(-0.,-0.,-1.));
#1022 = ORIENTED_EDGE('',*,*,#1023,.T.);
#1023 = EDGE_CURVE('',#1016,#1024,#1026,.T.);
#1024 = VERTEX_POINT('',#1025);
#1025 = CARTESIAN_POINT('',(5.839663220397,6.848235792694,5.));
#1026 = CIRCLE('',#1027,9.);
#1027 = AXIS2_PLACEMENT_3D('',#1028,#1029,#1030);
#1028 = CARTESIAN_POINT('',(0.,0.,5.));
#1029 = DIRECTION('',(0.,0.,1.));
#1030 = DIRECTION('',(1.,0.,0.));
#1031 = ORIENTED_EDGE('',*,*,#1032,.T.);
#1032 = EDGE_CURVE('',#1024,#1033,#1035,.T.);
#1033 = VERTEX_POINT('',#1034);
#1034 = CARTESIAN_POINT('',(5.839663220397,6.848235792694,1.32));
#1035 = LINE('',#1036,#1037);
#1036 = CARTESIAN_POINT('',(5.839663220397,6.848235792694,0.));
#1037 = VECTOR('',#1038,1.);
#1038 = DIRECTION('',(-0.,-0.,-1.));
#1039 = ORIENTED_EDGE('',*,*,#1040,.F.);
#1040 = EDGE_CURVE('',#1041,#1033,#1043,.T.);
#1041 = VERTEX_POINT('',#1042);
#1042 = CARTESIAN_POINT('',(4.5,7.79422863406,1.32));
#1043 = CIRCLE('',#1044,9.);
#1044 = AXIS2_PLACEMENT_3D('',#1045,#1046,#1047);
#1045 = CARTESIAN_POINT('',(0.,0.,1.32));
#1046 = DIRECTION('',(0.,0.,-1.));
#1047 = DIRECTION('',(1.,0.,0.));
#1048 = ORIENTED_EDGE('',*,*,#1049,.F.);
#1049 = EDGE_CURVE('',#1050,#1041,#1052,.T.);
#1050 = VERTEX_POINT('',#1051);
#1051 = CARTESIAN_POINT('',(3.010914557381,8.481414594757,1.32));
#1052 = CIRCLE('',#1053,9.);
#1053 = AXIS2_PLACEMENT_3D('',#1054,#1055,#1056);
#1054 = CARTESIAN_POINT('',(0.,0.,1.32));
#1055 = DIRECTION('',(0.,0.,-1.));
#1056 = DIRECTION('',(1.,0.,0.));
#1057 = ORIENTED_EDGE('',*,*,#1058,.F.);
#1058 = EDGE_CURVE('',#1059,#1050,#1061,.T.);
#1059 = VERTEX_POINT('',#1060);
#1060 = CARTESIAN_POINT('',(3.010914557381,8.481414594757,5.));
#1061 = LINE('',#1062,#1063);
#1062 = CARTESIAN_POINT('',(3.010914557381,8.481414594757,0.));
#1063 = VECTOR('',#1064,1.);
#1064 = DIRECTION('',(-0.,-0.,-1.));
#1065 = ORIENTED_EDGE('',*,*,#1066,.T.);
#1066 = EDGE_CURVE('',#1059,#1067,#1069,.T.);
#1067 = VERTEX_POINT('',#1068);
#1068 = CARTESIAN_POINT('',(1.633178802062,8.850577777778,5.));
#1069 = CIRCLE('',#1070,9.);
#1070 = AXIS2_PLACEMENT_3D('',#1071,#1072,#1073);
#1071 = CARTESIAN_POINT('',(0.,0.,5.));
#1072 = DIRECTION('',(0.,0.,1.));
#1073 = DIRECTION('',(1.,0.,0.));
#1074 = ORIENTED_EDGE('',*,*,#1075,.T.);
#1075 = EDGE_CURVE('',#1067,#1076,#1078,.T.);
#1076 = VERTEX_POINT('',#1077);
#1077 = CARTESIAN_POINT('',(1.633178802062,8.850577777778,1.32));
#1078 = LINE('',#1079,#1080);
#1079 = CARTESIAN_POINT('',(1.633178802062,8.850577777778,0.));
#1080 = VECTOR('',#1081,1.);
#1081 = DIRECTION('',(-0.,-0.,-1.));
#1082 = ORIENTED_EDGE('',*,*,#1083,.T.);
#1083 = EDGE_CURVE('',#1076,#1084,#1086,.T.);
#1084 = VERTEX_POINT('',#1085);
#1085 = CARTESIAN_POINT('',(1.640119729429,8.849294168076,1.32));
#1086 = CIRCLE('',#1087,9.);
#1087 = AXIS2_PLACEMENT_3D('',#1088,#1089,#1090);
#1088 = CARTESIAN_POINT('',(2.9E-16,0.,1.32));
#1089 = DIRECTION('',(-2.2E-16,0.,-1.));
#1090 = DIRECTION('',(0.,1.,0.));
#1091 = ORIENTED_EDGE('',*,*,#1092,.F.);
#1092 = EDGE_CURVE('',#1093,#1084,#1095,.T.);
#1093 = VERTEX_POINT('',#1094);
#1094 = CARTESIAN_POINT('',(1.640119729429,8.849294168076,3.4));
#1095 = LINE('',#1096,#1097);
#1096 = CARTESIAN_POINT('',(1.640119729429,8.849294168076,3.4));
#1097 = VECTOR('',#1098,1.);
#1098 = DIRECTION('',(0.,0.,-1.));
#1099 = ORIENTED_EDGE('',*,*,#1100,.T.);
#1100 = EDGE_CURVE('',#1093,#1101,#1103,.T.);
#1101 = VERTEX_POINT('',#1102);
#1102 = CARTESIAN_POINT('',(2.101008274703,8.751329283579,3.4));
#1103 = CIRCLE('',#1104,9.);
#1104 = AXIS2_PLACEMENT_3D('',#1105,#1106,#1107);
#1105 = CARTESIAN_POINT('',(4.3E-16,3.E-17,3.4));
#1106 = DIRECTION('',(-1.7E-16,0.,-1.));
#1107 = DIRECTION('',(0.182235525492,0.983254907564,-3.098003933367E-17)
  );
#1108 = ORIENTED_EDGE('',*,*,#1109,.T.);
#1109 = EDGE_CURVE('',#1101,#1110,#1112,.T.);
#1110 = VERTEX_POINT('',#1111);
#1111 = CARTESIAN_POINT('',(2.101008274703,8.751329283579,0.));
#1112 = LINE('',#1113,#1114);
#1113 = CARTESIAN_POINT('',(2.101008274703,8.751329283579,3.4));
#1114 = VECTOR('',#1115,1.);
#1115 = DIRECTION('',(0.,0.,-1.));
#1116 = ORIENTED_EDGE('',*,*,#1117,.F.);
#1117 = EDGE_CURVE('',#954,#1110,#1118,.T.);
#1118 = CIRCLE('',#1119,9.);
#1119 = AXIS2_PLACEMENT_3D('',#1120,#1121,#1122);
#1120 = CARTESIAN_POINT('',(0.,0.,0.));
#1121 = DIRECTION('',(0.,0.,1.));
#1122 = DIRECTION('',(1.,0.,0.));
#1123 = ORIENTED_EDGE('',*,*,#970,.F.);
#1124 = ORIENTED_EDGE('',*,*,#1125,.F.);
#1125 = EDGE_CURVE('',#1126,#963,#1128,.T.);
#1126 = VERTEX_POINT('',#1127);
#1127 = CARTESIAN_POINT('',(6.8436536904,5.845032434972,3.4));
#1128 = CIRCLE('',#1129,9.);
#1129 = AXIS2_PLACEMENT_3D('',#1130,#1131,#1132);
#1130 = CARTESIAN_POINT('',(5.659807621135E-16,-9.203074360872E-16,3.4)
  );
#1131 = DIRECTION('',(1.4E-16,-2.424871130596E-16,1.));
#1132 = DIRECTION('',(0.7604059656,0.64944804833,5.10259471378E-17));
#1133 = ORIENTED_EDGE('',*,*,#1134,.T.);
#1134 = EDGE_CURVE('',#1126,#419,#1135,.T.);
#1135 = LINE('',#1136,#1137);
#1136 = CARTESIAN_POINT('',(6.8436536904,5.845032434972,3.4));
#1137 = VECTOR('',#1138,1.);
#1138 = DIRECTION('',(-0.,0.,-1.));
#1139 = ORIENTED_EDGE('',*,*,#426,.F.);
#1140 = CYLINDRICAL_SURFACE('',#1141,9.);
#1141 = AXIS2_PLACEMENT_3D('',#1142,#1143,#1144);
#1142 = CARTESIAN_POINT('',(0.,0.,0.));
#1143 = DIRECTION('',(-0.,-0.,-1.));
#1144 = DIRECTION('',(1.,0.,0.));
#1145 = ADVANCED_FACE('',(#1146),#1284,.T.);
#1146 = FACE_BOUND('',#1147,.F.);
#1147 = EDGE_LOOP('',(#1148,#1159,#1167,#1176,#1184,#1191,#1192,#1201,
    #1209,#1218,#1226,#1235,#1243,#1252,#1260,#1269,#1278));
#1148 = ORIENTED_EDGE('',*,*,#1149,.T.);
#1149 = EDGE_CURVE('',#1150,#1152,#1154,.T.);
#1150 = VERTEX_POINT('',#1151);
#1151 = CARTESIAN_POINT('',(5.839663220397,-6.848235792694,5.));
#1152 = VERTEX_POINT('',#1153);
#1153 = CARTESIAN_POINT('',(6.848235792694,-5.839663220397,5.));
#1154 = CIRCLE('',#1155,9.);
#1155 = AXIS2_PLACEMENT_3D('',#1156,#1157,#1158);
#1156 = CARTESIAN_POINT('',(0.,0.,5.));
#1157 = DIRECTION('',(0.,0.,1.));
#1158 = DIRECTION('',(1.,0.,0.));
#1159 = ORIENTED_EDGE('',*,*,#1160,.T.);
#1160 = EDGE_CURVE('',#1152,#1161,#1163,.T.);
#1161 = VERTEX_POINT('',#1162);
#1162 = CARTESIAN_POINT('',(6.848235792694,-5.839663220397,1.32));
#1163 = LINE('',#1164,#1165);
#1164 = CARTESIAN_POINT('',(6.848235792694,-5.839663220397,0.));
#1165 = VECTOR('',#1166,1.);
#1166 = DIRECTION('',(-0.,-0.,-1.));
#1167 = ORIENTED_EDGE('',*,*,#1168,.T.);
#1168 = EDGE_CURVE('',#1161,#1169,#1171,.T.);
#1169 = VERTEX_POINT('',#1170);
#1170 = CARTESIAN_POINT('',(6.8436536904,-5.845032434972,1.32));
#1171 = CIRCLE('',#1172,9.);
#1172 = AXIS2_PLACEMENT_3D('',#1173,#1174,#1175);
#1173 = CARTESIAN_POINT('',(-1.45E-16,-2.511473670975E-16,1.32));
#1174 = DIRECTION('',(1.1E-16,1.905255888326E-16,-1.));
#1175 = DIRECTION('',(0.866025403784,-0.5,0.));
#1176 = ORIENTED_EDGE('',*,*,#1177,.F.);
#1177 = EDGE_CURVE('',#1178,#1169,#1180,.T.);
#1178 = VERTEX_POINT('',#1179);
#1179 = CARTESIAN_POINT('',(6.8436536904,-5.845032434972,3.4));
#1180 = LINE('',#1181,#1182);
#1181 = CARTESIAN_POINT('',(6.8436536904,-5.845032434972,3.4));
#1182 = VECTOR('',#1183,1.);
#1183 = DIRECTION('',(0.,-0.,-1.));
#1184 = ORIENTED_EDGE('',*,*,#1185,.T.);
#1185 = EDGE_CURVE('',#1178,#994,#1186,.T.);
#1186 = CIRCLE('',#1187,9.);
#1187 = AXIS2_PLACEMENT_3D('',#1188,#1189,#1190);
#1188 = CARTESIAN_POINT('',(-1.890192378865E-16,-3.873909236273E-16,3.4)
  );
#1189 = DIRECTION('',(8.5E-17,1.472243186434E-16,-1.));
#1190 = DIRECTION('',(0.7604059656,-0.64944804833,-3.098003933367E-17));
#1191 = ORIENTED_EDGE('',*,*,#1001,.T.);
#1192 = ORIENTED_EDGE('',*,*,#1193,.F.);
#1193 = EDGE_CURVE('',#1194,#985,#1196,.T.);
#1194 = VERTEX_POINT('',#1195);
#1195 = CARTESIAN_POINT('',(2.101008274703,-8.751329283579,
    7.195191181244E-15));
#1196 = CIRCLE('',#1197,9.);
#1197 = AXIS2_PLACEMENT_3D('',#1198,#1199,#1200);
#1198 = CARTESIAN_POINT('',(0.,0.,0.));
#1199 = DIRECTION('',(0.,0.,1.));
#1200 = DIRECTION('',(1.,0.,0.));
#1201 = ORIENTED_EDGE('',*,*,#1202,.F.);
#1202 = EDGE_CURVE('',#1203,#1194,#1205,.T.);
#1203 = VERTEX_POINT('',#1204);
#1204 = CARTESIAN_POINT('',(2.101008274703,-8.751329283579,3.4));
#1205 = LINE('',#1206,#1207);
#1206 = CARTESIAN_POINT('',(2.101008274703,-8.751329283579,3.4));
#1207 = VECTOR('',#1208,1.);
#1208 = DIRECTION('',(8.757491029884E-16,-5.023344536386E-16,-1.));
#1209 = ORIENTED_EDGE('',*,*,#1210,.F.);
#1210 = EDGE_CURVE('',#1211,#1203,#1213,.T.);
#1211 = VERTEX_POINT('',#1212);
#1212 = CARTESIAN_POINT('',(1.640119729429,-8.849294168076,3.4));
#1213 = CIRCLE('',#1214,9.);
#1214 = AXIS2_PLACEMENT_3D('',#1215,#1216,#1217);
#1215 = CARTESIAN_POINT('',(-4.024486372867E-15,1.67E-15,3.4));
#1216 = DIRECTION('',(-1.146025403784E-15,5.E-16,1.));
#1217 = DIRECTION('',(0.182235525492,-0.983254907564,7.00473995468E-16)
  );
#1218 = ORIENTED_EDGE('',*,*,#1219,.T.);
#1219 = EDGE_CURVE('',#1211,#1220,#1222,.T.);
#1220 = VERTEX_POINT('',#1221);
#1221 = CARTESIAN_POINT('',(1.640119729429,-8.849294168076,1.32));
#1222 = LINE('',#1223,#1224);
#1223 = CARTESIAN_POINT('',(1.640119729429,-8.849294168076,3.4));
#1224 = VECTOR('',#1225,1.);
#1225 = DIRECTION('',(8.660254037844E-16,-5.E-16,-1.));
#1226 = ORIENTED_EDGE('',*,*,#1227,.F.);
#1227 = EDGE_CURVE('',#1228,#1220,#1230,.T.);
#1228 = VERTEX_POINT('',#1229);
#1229 = CARTESIAN_POINT('',(1.633178802062,-8.850577777778,1.32));
#1230 = CIRCLE('',#1231,9.);
#1231 = AXIS2_PLACEMENT_3D('',#1232,#1233,#1234);
#1232 = CARTESIAN_POINT('',(-1.433153532995E-15,6.6E-16,1.32));
#1233 = DIRECTION('',(-1.086025403784E-15,5.E-16,1.));
#1234 = DIRECTION('',(-5.551115123126E-16,-1.,5.E-16));
#1235 = ORIENTED_EDGE('',*,*,#1236,.F.);
#1236 = EDGE_CURVE('',#1237,#1228,#1239,.T.);
#1237 = VERTEX_POINT('',#1238);
#1238 = CARTESIAN_POINT('',(1.633178802062,-8.850577777778,5.));
#1239 = LINE('',#1240,#1241);
#1240 = CARTESIAN_POINT('',(1.633178802062,-8.850577777778,0.));
#1241 = VECTOR('',#1242,1.);
#1242 = DIRECTION('',(-0.,-0.,-1.));
#1243 = ORIENTED_EDGE('',*,*,#1244,.T.);
#1244 = EDGE_CURVE('',#1237,#1245,#1247,.T.);
#1245 = VERTEX_POINT('',#1246);
#1246 = CARTESIAN_POINT('',(3.010914557381,-8.481414594757,5.));
#1247 = CIRCLE('',#1248,9.);
#1248 = AXIS2_PLACEMENT_3D('',#1249,#1250,#1251);
#1249 = CARTESIAN_POINT('',(0.,0.,5.));
#1250 = DIRECTION('',(0.,0.,1.));
#1251 = DIRECTION('',(1.,0.,0.));
#1252 = ORIENTED_EDGE('',*,*,#1253,.T.);
#1253 = EDGE_CURVE('',#1245,#1254,#1256,.T.);
#1254 = VERTEX_POINT('',#1255);
#1255 = CARTESIAN_POINT('',(3.010914557381,-8.481414594757,1.32));
#1256 = LINE('',#1257,#1258);
#1257 = CARTESIAN_POINT('',(3.010914557381,-8.481414594757,0.));
#1258 = VECTOR('',#1259,1.);
#1259 = DIRECTION('',(-0.,-0.,-1.));
#1260 = ORIENTED_EDGE('',*,*,#1261,.F.);
#1261 = EDGE_CURVE('',#1262,#1254,#1264,.T.);
#1262 = VERTEX_POINT('',#1263);
#1263 = CARTESIAN_POINT('',(4.5,-7.79422863406,1.32));
#1264 = CIRCLE('',#1265,9.);
#1265 = AXIS2_PLACEMENT_3D('',#1266,#1267,#1268);
#1266 = CARTESIAN_POINT('',(0.,0.,1.32));
#1267 = DIRECTION('',(0.,0.,-1.));
#1268 = DIRECTION('',(1.,0.,0.));
#1269 = ORIENTED_EDGE('',*,*,#1270,.F.);
#1270 = EDGE_CURVE('',#1271,#1262,#1273,.T.);
#1271 = VERTEX_POINT('',#1272);
#1272 = CARTESIAN_POINT('',(5.839663220397,-6.848235792694,1.32));
#1273 = CIRCLE('',#1274,9.);
#1274 = AXIS2_PLACEMENT_3D('',#1275,#1276,#1277);
#1275 = CARTESIAN_POINT('',(0.,0.,1.32));
#1276 = DIRECTION('',(0.,0.,-1.));
#1277 = DIRECTION('',(1.,0.,0.));
#1278 = ORIENTED_EDGE('',*,*,#1279,.F.);
#1279 = EDGE_CURVE('',#1150,#1271,#1280,.T.);
#1280 = LINE('',#1281,#1282);
#1281 = CARTESIAN_POINT('',(5.839663220397,-6.848235792694,0.));
#1282 = VECTOR('',#1283,1.);
#1283 = DIRECTION('',(-0.,-0.,-1.));
#1284 = CYLINDRICAL_SURFACE('',#1285,9.);
#1285 = AXIS2_PLACEMENT_3D('',#1286,#1287,#1288);
#1286 = CARTESIAN_POINT('',(0.,0.,0.));
#1287 = DIRECTION('',(-0.,-0.,-1.));
#1288 = DIRECTION('',(1.,0.,0.));
#1289 = ADVANCED_FACE('',(#1290),#1315,.F.);
#1290 = FACE_BOUND('',#1291,.T.);
#1291 = EDGE_LOOP('',(#1292,#1300,#1308,#1314));
#1292 = ORIENTED_EDGE('',*,*,#1293,.T.);
#1293 = EDGE_CURVE('',#1110,#1294,#1296,.T.);
#1294 = VERTEX_POINT('',#1295);
#1295 = CARTESIAN_POINT('',(3.268235093983,13.613178885567,0.));
#1296 = LINE('',#1297,#1298);
#1297 = CARTESIAN_POINT('',(2.101008274703,8.751329283579,-1.E-16));
#1298 = VECTOR('',#1299,1.);
#1299 = DIRECTION('',(0.233445363856,0.972369920398,0.));
#1300 = ORIENTED_EDGE('',*,*,#1301,.T.);
#1301 = EDGE_CURVE('',#1294,#1302,#1304,.T.);
#1302 = VERTEX_POINT('',#1303);
#1303 = CARTESIAN_POINT('',(3.268235093983,13.613178885567,3.4));
#1304 = LINE('',#1305,#1306);
#1305 = CARTESIAN_POINT('',(3.268235093983,13.613178885568,-1.E-16));
#1306 = VECTOR('',#1307,1.);
#1307 = DIRECTION('',(0.,0.,1.));
#1308 = ORIENTED_EDGE('',*,*,#1309,.T.);
#1309 = EDGE_CURVE('',#1302,#1101,#1310,.T.);
#1310 = LINE('',#1311,#1312);
#1311 = CARTESIAN_POINT('',(3.268235093983,13.613178885568,3.4));
#1312 = VECTOR('',#1313,1.);
#1313 = DIRECTION('',(-0.233445363856,-0.972369920398,0.));
#1314 = ORIENTED_EDGE('',*,*,#1109,.T.);
#1315 = PLANE('',#1316);
#1316 = AXIS2_PLACEMENT_3D('',#1317,#1318,#1319);
#1317 = CARTESIAN_POINT('',(2.684621684343,11.182254084573,1.7));
#1318 = DIRECTION('',(-0.972369920398,0.233445363856,2.2E-16));
#1319 = DIRECTION('',(0.233445363856,0.972369920398,0.));
#1320 = ADVANCED_FACE('',(#1321),#1346,.F.);
#1321 = FACE_BOUND('',#1322,.F.);
#1322 = EDGE_LOOP('',(#1323,#1331,#1339,#1345));
#1323 = ORIENTED_EDGE('',*,*,#1324,.T.);
#1324 = EDGE_CURVE('',#1194,#1325,#1327,.T.);
#1325 = VERTEX_POINT('',#1326);
#1326 = CARTESIAN_POINT('',(3.268235093983,-13.61317888556,
    1.063696405971E-14));
#1327 = LINE('',#1328,#1329);
#1328 = CARTESIAN_POINT('',(2.101008274703,-8.751329283579,
    6.105191181244E-15));
#1329 = VECTOR('',#1330,1.);
#1330 = DIRECTION('',(0.233445363856,-0.972369920398,6.883545756938E-16)
  );
#1331 = ORIENTED_EDGE('',*,*,#1332,.T.);
#1332 = EDGE_CURVE('',#1325,#1333,#1335,.T.);
#1333 = VERTEX_POINT('',#1334);
#1334 = CARTESIAN_POINT('',(3.268235093983,-13.61317888556,3.4));
#1335 = LINE('',#1336,#1337);
#1336 = CARTESIAN_POINT('',(3.268235093983,-13.61317888556,
    9.556964059713E-15));
#1337 = VECTOR('',#1338,1.);
#1338 = DIRECTION('',(-8.757491029884E-16,5.023344536386E-16,1.));
#1339 = ORIENTED_EDGE('',*,*,#1340,.T.);
#1340 = EDGE_CURVE('',#1333,#1203,#1341,.T.);
#1341 = LINE('',#1342,#1343);
#1342 = CARTESIAN_POINT('',(3.268235093983,-13.61317888556,3.4));
#1343 = VECTOR('',#1344,1.);
#1344 = DIRECTION('',(-0.233445363856,0.972369920398,-6.883545756938E-16
    ));
#1345 = ORIENTED_EDGE('',*,*,#1202,.T.);
#1346 = PLANE('',#1347);
#1347 = AXIS2_PLACEMENT_3D('',#1348,#1349,#1350);
#1348 = CARTESIAN_POINT('',(2.684621684343,-11.18225408457,1.7));
#1349 = DIRECTION('',(-0.972369920398,-0.233445363856,
    -9.353743710123E-16));
#1350 = DIRECTION('',(-0.233445363856,0.972369920398,-7.883545756938E-16
    ));
#1351 = ADVANCED_FACE('',(#1352),#1387,.T.);
#1352 = FACE_BOUND('',#1353,.F.);
#1353 = EDGE_LOOP('',(#1354,#1363,#1364,#1373,#1381));
#1354 = ORIENTED_EDGE('',*,*,#1355,.T.);
#1355 = EDGE_CURVE('',#1356,#1294,#1358,.T.);
#1356 = VERTEX_POINT('',#1357);
#1357 = CARTESIAN_POINT('',(2.55129735689,13.765568705895,-7.E-15));
#1358 = CIRCLE('',#1359,14.);
#1359 = AXIS2_PLACEMENT_3D('',#1360,#1361,#1362);
#1360 = CARTESIAN_POINT('',(-1.4E-16,3.E-17,-6.E-17));
#1361 = DIRECTION('',(-1.7E-16,0.,-1.));
#1362 = DIRECTION('',(0.182235525492,0.983254907564,-3.098003933367E-17)
  );
#1363 = ORIENTED_EDGE('',*,*,#1301,.T.);
#1364 = ORIENTED_EDGE('',*,*,#1365,.F.);
#1365 = EDGE_CURVE('',#1366,#1302,#1368,.T.);
#1366 = VERTEX_POINT('',#1367);
#1367 = CARTESIAN_POINT('',(2.55129735689,13.765568705895,3.4));
#1368 = CIRCLE('',#1369,14.);
#1369 = AXIS2_PLACEMENT_3D('',#1370,#1371,#1372);
#1370 = CARTESIAN_POINT('',(4.3E-16,3.E-17,3.4));
#1371 = DIRECTION('',(-1.7E-16,-6.162975822039E-33,-1.));
#1372 = DIRECTION('',(0.182235525492,0.983254907564,-3.098003933367E-17)
  );
#1373 = ORIENTED_EDGE('',*,*,#1374,.F.);
#1374 = EDGE_CURVE('',#1375,#1366,#1377,.T.);
#1375 = VERTEX_POINT('',#1376);
#1376 = CARTESIAN_POINT('',(2.55129735689,13.765568705895,1.32));
#1377 = LINE('',#1378,#1379);
#1378 = CARTESIAN_POINT('',(2.55129735689,13.765568705895,-1.E-16));
#1379 = VECTOR('',#1380,1.);
#1380 = DIRECTION('',(0.,0.,1.));
#1381 = ORIENTED_EDGE('',*,*,#1382,.T.);
#1382 = EDGE_CURVE('',#1375,#1356,#1383,.T.);
#1383 = LINE('',#1384,#1385);
#1384 = CARTESIAN_POINT('',(2.55129735689,13.765568705895,1.32));
#1385 = VECTOR('',#1386,1.);
#1386 = DIRECTION('',(0.,0.,-1.));
#1387 = CYLINDRICAL_SURFACE('',#1388,14.);
#1388 = AXIS2_PLACEMENT_3D('',#1389,#1390,#1391);
#1389 = CARTESIAN_POINT('',(-1.4E-16,3.E-17,-6.E-17));
#1390 = DIRECTION('',(1.7E-16,0.,1.));
#1391 = DIRECTION('',(0.182235525492,0.983254907564,-3.098003933367E-17)
  );
#1392 = ADVANCED_FACE('',(#1393),#1428,.T.);
#1393 = FACE_BOUND('',#1394,.T.);
#1394 = EDGE_LOOP('',(#1395,#1404,#1405,#1414,#1422));
#1395 = ORIENTED_EDGE('',*,*,#1396,.T.);
#1396 = EDGE_CURVE('',#1397,#1325,#1399,.T.);
#1397 = VERTEX_POINT('',#1398);
#1398 = CARTESIAN_POINT('',(2.55129735689,-13.76556870589,6.E-15));
#1399 = CIRCLE('',#1400,14.);
#1400 = AXIS2_PLACEMENT_3D('',#1401,#1402,#1403);
#1401 = CARTESIAN_POINT('',(-1.4E-16,-3.E-17,-6.E-17));
#1402 = DIRECTION('',(-1.146025403784E-15,5.E-16,1.));
#1403 = DIRECTION('',(0.182235525492,-0.983254907564,7.00473995468E-16)
  );
#1404 = ORIENTED_EDGE('',*,*,#1332,.T.);
#1405 = ORIENTED_EDGE('',*,*,#1406,.F.);
#1406 = EDGE_CURVE('',#1407,#1333,#1409,.T.);
#1407 = VERTEX_POINT('',#1408);
#1408 = CARTESIAN_POINT('',(2.55129735689,-13.76556870589,3.4));
#1409 = CIRCLE('',#1410,14.);
#1410 = AXIS2_PLACEMENT_3D('',#1411,#1412,#1413);
#1411 = CARTESIAN_POINT('',(-4.024486372867E-15,1.67E-15,3.4));
#1412 = DIRECTION('',(-1.146025403784E-15,5.E-16,1.));
#1413 = DIRECTION('',(0.182235525492,-0.983254907564,7.00473995468E-16)
  );
#1414 = ORIENTED_EDGE('',*,*,#1415,.F.);
#1415 = EDGE_CURVE('',#1416,#1407,#1418,.T.);
#1416 = VERTEX_POINT('',#1417);
#1417 = CARTESIAN_POINT('',(2.55129735689,-13.76556870589,1.32));
#1418 = LINE('',#1419,#1420);
#1419 = CARTESIAN_POINT('',(2.55129735689,-13.76556870589,
    9.002272676623E-15));
#1420 = VECTOR('',#1421,1.);
#1421 = DIRECTION('',(-8.660254037844E-16,5.E-16,1.));
#1422 = ORIENTED_EDGE('',*,*,#1423,.T.);
#1423 = EDGE_CURVE('',#1416,#1397,#1424,.T.);
#1424 = LINE('',#1425,#1426);
#1425 = CARTESIAN_POINT('',(2.55129735689,-13.76556870589,1.32));
#1426 = VECTOR('',#1427,1.);
#1427 = DIRECTION('',(8.660254037844E-16,-5.E-16,-1.));
#1428 = CYLINDRICAL_SURFACE('',#1429,14.);
#1429 = AXIS2_PLACEMENT_3D('',#1430,#1431,#1432);
#1430 = CARTESIAN_POINT('',(-1.4E-16,-3.E-17,-6.E-17));
#1431 = DIRECTION('',(-1.146025403784E-15,5.E-16,1.));
#1432 = DIRECTION('',(0.182235525492,-0.983254907564,7.00473995468E-16)
  );
#1433 = ADVANCED_FACE('',(#1434),#1461,.T.);
#1434 = FACE_BOUND('',#1435,.T.);
#1435 = EDGE_LOOP('',(#1436,#1445,#1446,#1455));
#1436 = ORIENTED_EDGE('',*,*,#1437,.T.);
#1437 = EDGE_CURVE('',#1438,#1375,#1440,.T.);
#1438 = VERTEX_POINT('',#1439);
#1439 = CARTESIAN_POINT('',(4.E-15,14.,1.32));
#1440 = CIRCLE('',#1441,14.);
#1441 = AXIS2_PLACEMENT_3D('',#1442,#1443,#1444);
#1442 = CARTESIAN_POINT('',(2.9E-16,0.,1.32));
#1443 = DIRECTION('',(-2.2E-16,0.,-1.));
#1444 = DIRECTION('',(0.,1.,0.));
#1445 = ORIENTED_EDGE('',*,*,#1382,.T.);
#1446 = ORIENTED_EDGE('',*,*,#1447,.F.);
#1447 = EDGE_CURVE('',#1448,#1356,#1450,.T.);
#1448 = VERTEX_POINT('',#1449);
#1449 = CARTESIAN_POINT('',(3.E-15,14.,-6.E-15));
#1450 = CIRCLE('',#1451,14.);
#1451 = AXIS2_PLACEMENT_3D('',#1452,#1453,#1454);
#1452 = CARTESIAN_POINT('',(0.,0.,0.));
#1453 = DIRECTION('',(-2.2E-16,0.,-1.));
#1454 = DIRECTION('',(0.,1.,0.));
#1455 = ORIENTED_EDGE('',*,*,#1456,.F.);
#1456 = EDGE_CURVE('',#1438,#1448,#1457,.T.);
#1457 = LINE('',#1458,#1459);
#1458 = CARTESIAN_POINT('',(0.,14.,1.32));
#1459 = VECTOR('',#1460,1.);
#1460 = DIRECTION('',(0.,0.,-1.));
#1461 = CYLINDRICAL_SURFACE('',#1462,14.);
#1462 = AXIS2_PLACEMENT_3D('',#1463,#1464,#1465);
#1463 = CARTESIAN_POINT('',(2.9E-16,0.,1.32));
#1464 = DIRECTION('',(-2.2E-16,0.,-1.));
#1465 = DIRECTION('',(0.,1.,0.));
#1466 = ADVANCED_FACE('',(#1467),#1494,.T.);
#1467 = FACE_BOUND('',#1468,.F.);
#1468 = EDGE_LOOP('',(#1469,#1478,#1479,#1488));
#1469 = ORIENTED_EDGE('',*,*,#1470,.T.);
#1470 = EDGE_CURVE('',#1471,#1416,#1473,.T.);
#1471 = VERTEX_POINT('',#1472);
#1472 = CARTESIAN_POINT('',(-1.E-14,-14.,1.32));
#1473 = CIRCLE('',#1474,14.);
#1474 = AXIS2_PLACEMENT_3D('',#1475,#1476,#1477);
#1475 = CARTESIAN_POINT('',(-1.433153532995E-15,6.6E-16,1.32));
#1476 = DIRECTION('',(-1.086025403784E-15,5.E-16,1.));
#1477 = DIRECTION('',(-5.551115123126E-16,-1.,5.E-16));
#1478 = ORIENTED_EDGE('',*,*,#1423,.T.);
#1479 = ORIENTED_EDGE('',*,*,#1480,.F.);
#1480 = EDGE_CURVE('',#1481,#1397,#1483,.T.);
#1481 = VERTEX_POINT('',#1482);
#1482 = CARTESIAN_POINT('',(-9.E-15,-14.,3.E-15));
#1483 = CIRCLE('',#1484,14.);
#1484 = AXIS2_PLACEMENT_3D('',#1485,#1486,#1487);
#1485 = CARTESIAN_POINT('',(0.,0.,0.));
#1486 = DIRECTION('',(-1.086025403784E-15,5.E-16,1.));
#1487 = DIRECTION('',(-5.551115123126E-16,-1.,5.E-16));
#1488 = ORIENTED_EDGE('',*,*,#1489,.F.);
#1489 = EDGE_CURVE('',#1471,#1481,#1490,.T.);
#1490 = LINE('',#1491,#1492);
#1491 = CARTESIAN_POINT('',(-8.914714705372E-15,-14.,1.32));
#1492 = VECTOR('',#1493,1.);
#1493 = DIRECTION('',(8.660254037844E-16,-5.E-16,-1.));
#1494 = CYLINDRICAL_SURFACE('',#1495,14.);
#1495 = AXIS2_PLACEMENT_3D('',#1496,#1497,#1498);
#1496 = CARTESIAN_POINT('',(-1.433153532995E-15,6.6E-16,1.32));
#1497 = DIRECTION('',(1.086025403784E-15,-5.E-16,-1.));
#1498 = DIRECTION('',(-5.551115123126E-16,-1.,5.E-16));
#1499 = ADVANCED_FACE('',(#1500),#1527,.T.);
#1500 = FACE_BOUND('',#1501,.F.);
#1501 = EDGE_LOOP('',(#1502,#1511,#1519,#1526));
#1502 = ORIENTED_EDGE('',*,*,#1503,.T.);
#1503 = EDGE_CURVE('',#1438,#1504,#1506,.T.);
#1504 = VERTEX_POINT('',#1505);
#1505 = CARTESIAN_POINT('',(-2.55129735689,13.765568705895,1.32));
#1506 = CIRCLE('',#1507,14.);
#1507 = AXIS2_PLACEMENT_3D('',#1508,#1509,#1510);
#1508 = CARTESIAN_POINT('',(2.9E-16,0.,1.32));
#1509 = DIRECTION('',(2.2E-16,-0.,1.));
#1510 = DIRECTION('',(0.,1.,0.));
#1511 = ORIENTED_EDGE('',*,*,#1512,.T.);
#1512 = EDGE_CURVE('',#1504,#1513,#1515,.T.);
#1513 = VERTEX_POINT('',#1514);
#1514 = CARTESIAN_POINT('',(-2.55129735689,13.765568705895,-5.E-15));
#1515 = LINE('',#1516,#1517);
#1516 = CARTESIAN_POINT('',(-2.55129735689,13.765568705895,1.32));
#1517 = VECTOR('',#1518,1.);
#1518 = DIRECTION('',(-0.,0.,-1.));
#1519 = ORIENTED_EDGE('',*,*,#1520,.F.);
#1520 = EDGE_CURVE('',#1448,#1513,#1521,.T.);
#1521 = CIRCLE('',#1522,14.);
#1522 = AXIS2_PLACEMENT_3D('',#1523,#1524,#1525);
#1523 = CARTESIAN_POINT('',(0.,0.,0.));
#1524 = DIRECTION('',(2.2E-16,-0.,1.));
#1525 = DIRECTION('',(0.,1.,0.));
#1526 = ORIENTED_EDGE('',*,*,#1456,.F.);
#1527 = CYLINDRICAL_SURFACE('',#1528,14.);
#1528 = AXIS2_PLACEMENT_3D('',#1529,#1530,#1531);
#1529 = CARTESIAN_POINT('',(2.9E-16,0.,1.32));
#1530 = DIRECTION('',(-2.2E-16,0.,-1.));
#1531 = DIRECTION('',(0.,1.,0.));
#1532 = ADVANCED_FACE('',(#1533),#1560,.T.);
#1533 = FACE_BOUND('',#1534,.T.);
#1534 = EDGE_LOOP('',(#1535,#1544,#1552,#1559));
#1535 = ORIENTED_EDGE('',*,*,#1536,.T.);
#1536 = EDGE_CURVE('',#1471,#1537,#1539,.T.);
#1537 = VERTEX_POINT('',#1538);
#1538 = CARTESIAN_POINT('',(-2.55129735689,-13.76556870589,1.32));
#1539 = CIRCLE('',#1540,14.);
#1540 = AXIS2_PLACEMENT_3D('',#1541,#1542,#1543);
#1541 = CARTESIAN_POINT('',(-1.433153532995E-15,6.6E-16,1.32));
#1542 = DIRECTION('',(1.086025403784E-15,-5.E-16,-1.));
#1543 = DIRECTION('',(-5.551115123126E-16,-1.,5.E-16));
#1544 = ORIENTED_EDGE('',*,*,#1545,.T.);
#1545 = EDGE_CURVE('',#1537,#1546,#1548,.T.);
#1546 = VERTEX_POINT('',#1547);
#1547 = CARTESIAN_POINT('',(-2.55129735689,-13.76556870589,0.));
#1548 = LINE('',#1549,#1550);
#1549 = CARTESIAN_POINT('',(-2.55129735689,-13.76556870589,1.32));
#1550 = VECTOR('',#1551,1.);
#1551 = DIRECTION('',(8.660254037844E-16,-5.E-16,-1.));
#1552 = ORIENTED_EDGE('',*,*,#1553,.F.);
#1553 = EDGE_CURVE('',#1481,#1546,#1554,.T.);
#1554 = CIRCLE('',#1555,14.);
#1555 = AXIS2_PLACEMENT_3D('',#1556,#1557,#1558);
#1556 = CARTESIAN_POINT('',(0.,0.,0.));
#1557 = DIRECTION('',(1.086025403784E-15,-5.E-16,-1.));
#1558 = DIRECTION('',(-5.551115123126E-16,-1.,5.E-16));
#1559 = ORIENTED_EDGE('',*,*,#1489,.F.);
#1560 = CYLINDRICAL_SURFACE('',#1561,14.);
#1561 = AXIS2_PLACEMENT_3D('',#1562,#1563,#1564);
#1562 = CARTESIAN_POINT('',(-1.433153532995E-15,6.6E-16,1.32));
#1563 = DIRECTION('',(1.086025403784E-15,-5.E-16,-1.));
#1564 = DIRECTION('',(-5.551115123126E-16,-1.,5.E-16));
#1565 = ADVANCED_FACE('',(#1566),#1601,.T.);
#1566 = FACE_BOUND('',#1567,.T.);
#1567 = EDGE_LOOP('',(#1568,#1577,#1585,#1594,#1600));
#1568 = ORIENTED_EDGE('',*,*,#1569,.T.);
#1569 = EDGE_CURVE('',#1513,#1570,#1572,.T.);
#1570 = VERTEX_POINT('',#1571);
#1571 = CARTESIAN_POINT('',(-3.268235093983,13.613178885567,1.E-15));
#1572 = CIRCLE('',#1573,14.);
#1573 = AXIS2_PLACEMENT_3D('',#1574,#1575,#1576);
#1574 = CARTESIAN_POINT('',(1.4E-16,3.E-17,-6.E-17));
#1575 = DIRECTION('',(2.8E-16,6.162975822039E-33,1.));
#1576 = DIRECTION('',(-0.182235525492,0.983254907564,5.10259471378E-17)
  );
#1577 = ORIENTED_EDGE('',*,*,#1578,.T.);
#1578 = EDGE_CURVE('',#1570,#1579,#1581,.T.);
#1579 = VERTEX_POINT('',#1580);
#1580 = CARTESIAN_POINT('',(-3.268235093983,13.613178885567,3.4));
#1581 = LINE('',#1582,#1583);
#1582 = CARTESIAN_POINT('',(-3.268235093983,13.613178885568,-8.E-17));
#1583 = VECTOR('',#1584,1.);
#1584 = DIRECTION('',(9.723699203977E-18,-2.334453638559E-18,1.));
#1585 = ORIENTED_EDGE('',*,*,#1586,.F.);
#1586 = EDGE_CURVE('',#1587,#1579,#1589,.T.);
#1587 = VERTEX_POINT('',#1588);
#1588 = CARTESIAN_POINT('',(-2.55129735689,13.765568705895,3.4));
#1589 = CIRCLE('',#1590,14.);
#1590 = AXIS2_PLACEMENT_3D('',#1591,#1592,#1593);
#1591 = CARTESIAN_POINT('',(1.08E-15,3.E-17,3.4));
#1592 = DIRECTION('',(2.8E-16,6.162975822039E-33,1.));
#1593 = DIRECTION('',(-0.182235525492,0.983254907564,5.10259471378E-17)
  );
#1594 = ORIENTED_EDGE('',*,*,#1595,.F.);
#1595 = EDGE_CURVE('',#1504,#1587,#1596,.T.);
#1596 = LINE('',#1597,#1598);
#1597 = CARTESIAN_POINT('',(-2.55129735689,13.765568705895,-9.E-17));
#1598 = VECTOR('',#1599,1.);
#1599 = DIRECTION('',(0.,0.,1.));
#1600 = ORIENTED_EDGE('',*,*,#1512,.T.);
#1601 = CYLINDRICAL_SURFACE('',#1602,14.);
#1602 = AXIS2_PLACEMENT_3D('',#1603,#1604,#1605);
#1603 = CARTESIAN_POINT('',(1.4E-16,3.E-17,-6.E-17));
#1604 = DIRECTION('',(2.8E-16,0.,1.));
#1605 = DIRECTION('',(-0.182235525492,0.983254907564,5.10259471378E-17)
  );
#1606 = ADVANCED_FACE('',(#1607),#1642,.T.);
#1607 = FACE_BOUND('',#1608,.F.);
#1608 = EDGE_LOOP('',(#1609,#1618,#1626,#1635,#1641));
#1609 = ORIENTED_EDGE('',*,*,#1610,.T.);
#1610 = EDGE_CURVE('',#1546,#1611,#1613,.T.);
#1611 = VERTEX_POINT('',#1612);
#1612 = CARTESIAN_POINT('',(-3.268235093983,-13.61317888556,
    3.976214825855E-15));
#1613 = CIRCLE('',#1614,14.);
#1614 = AXIS2_PLACEMENT_3D('',#1615,#1616,#1617);
#1615 = CARTESIAN_POINT('',(1.4E-16,-3.E-17,-6.E-17));
#1616 = DIRECTION('',(1.036025403784E-15,-5.E-16,-1.));
#1617 = DIRECTION('',(-0.182235525492,-0.983254907564,3.028268199001E-16
    ));
#1618 = ORIENTED_EDGE('',*,*,#1619,.T.);
#1619 = EDGE_CURVE('',#1611,#1620,#1622,.T.);
#1620 = VERTEX_POINT('',#1621);
#1621 = CARTESIAN_POINT('',(-3.268235093983,-13.61317888556,3.4));
#1622 = LINE('',#1623,#1624);
#1623 = CARTESIAN_POINT('',(-3.268235093983,-13.61317888556,
    3.876214825855E-15));
#1624 = VECTOR('',#1625,1.);
#1625 = DIRECTION('',(-8.660254037844E-16,5.E-16,1.));
#1626 = ORIENTED_EDGE('',*,*,#1627,.F.);
#1627 = EDGE_CURVE('',#1628,#1620,#1630,.T.);
#1628 = VERTEX_POINT('',#1629);
#1629 = CARTESIAN_POINT('',(-2.55129735689,-13.76556870589,3.4));
#1630 = CIRCLE('',#1631,14.);
#1631 = AXIS2_PLACEMENT_3D('',#1632,#1633,#1634);
#1632 = CARTESIAN_POINT('',(-3.374486372867E-15,1.67E-15,3.4));
#1633 = DIRECTION('',(1.036025403784E-15,-5.E-16,-1.));
#1634 = DIRECTION('',(-0.182235525492,-0.983254907564,3.028268199001E-16
    ));
#1635 = ORIENTED_EDGE('',*,*,#1636,.F.);
#1636 = EDGE_CURVE('',#1537,#1628,#1637,.T.);
#1637 = LINE('',#1638,#1639);
#1638 = CARTESIAN_POINT('',(-2.55129735689,-13.76556870589,
    4.573296029273E-15));
#1639 = VECTOR('',#1640,1.);
#1640 = DIRECTION('',(-8.660254037844E-16,5.E-16,1.));
#1641 = ORIENTED_EDGE('',*,*,#1545,.T.);
#1642 = CYLINDRICAL_SURFACE('',#1643,14.);
#1643 = AXIS2_PLACEMENT_3D('',#1644,#1645,#1646);
#1644 = CARTESIAN_POINT('',(1.4E-16,-3.E-17,-6.E-17));
#1645 = DIRECTION('',(-1.036025403784E-15,5.E-16,1.));
#1646 = DIRECTION('',(-0.182235525492,-0.983254907564,3.028268199001E-16
    ));
#1647 = ADVANCED_FACE('',(#1648),#1673,.F.);
#1648 = FACE_BOUND('',#1649,.F.);
#1649 = EDGE_LOOP('',(#1650,#1658,#1659,#1667));
#1650 = ORIENTED_EDGE('',*,*,#1651,.T.);
#1651 = EDGE_CURVE('',#1652,#1570,#1654,.T.);
#1652 = VERTEX_POINT('',#1653);
#1653 = CARTESIAN_POINT('',(-2.101008274703,8.751329283579,1.E-15));
#1654 = LINE('',#1655,#1656);
#1655 = CARTESIAN_POINT('',(-2.101008274703,8.751329283579,-9.E-17));
#1656 = VECTOR('',#1657,1.);
#1657 = DIRECTION('',(-0.233445363856,0.972369920398,0.));
#1658 = ORIENTED_EDGE('',*,*,#1578,.T.);
#1659 = ORIENTED_EDGE('',*,*,#1660,.T.);
#1660 = EDGE_CURVE('',#1579,#1661,#1663,.T.);
#1661 = VERTEX_POINT('',#1662);
#1662 = CARTESIAN_POINT('',(-2.101008274703,8.751329283579,3.4));
#1663 = LINE('',#1664,#1665);
#1664 = CARTESIAN_POINT('',(-3.268235093983,13.613178885568,3.4));
#1665 = VECTOR('',#1666,1.);
#1666 = DIRECTION('',(0.233445363856,-0.972369920398,0.));
#1667 = ORIENTED_EDGE('',*,*,#1668,.T.);
#1668 = EDGE_CURVE('',#1661,#1652,#1669,.T.);
#1669 = LINE('',#1670,#1671);
#1670 = CARTESIAN_POINT('',(-2.101008274703,8.751329283579,3.4));
#1671 = VECTOR('',#1672,1.);
#1672 = DIRECTION('',(-9.723699203977E-18,2.334453638559E-18,-1.));
#1673 = PLANE('',#1674);
#1674 = AXIS2_PLACEMENT_3D('',#1675,#1676,#1677);
#1675 = CARTESIAN_POINT('',(-2.684621684343,11.182254084573,1.7));
#1676 = DIRECTION('',(0.972369920398,0.233445363856,-2.1E-16));
#1677 = DIRECTION('',(0.233445363856,-0.972369920398,-1.E-16));
#1678 = ADVANCED_FACE('',(#1679),#1704,.F.);
#1679 = FACE_BOUND('',#1680,.T.);
#1680 = EDGE_LOOP('',(#1681,#1689,#1690,#1698));
#1681 = ORIENTED_EDGE('',*,*,#1682,.T.);
#1682 = EDGE_CURVE('',#1683,#1611,#1685,.T.);
#1683 = VERTEX_POINT('',#1684);
#1684 = CARTESIAN_POINT('',(-2.101008274703,-8.751329283579,
    2.556138102335E-15));
#1685 = LINE('',#1686,#1687);
#1686 = CARTESIAN_POINT('',(-2.101008274703,-8.751329283579,
    2.456138102335E-15));
#1687 = VECTOR('',#1688,1.);
#1688 = DIRECTION('',(-0.233445363856,-0.972369920398,2.840153447039E-16
    ));
#1689 = ORIENTED_EDGE('',*,*,#1619,.T.);
#1690 = ORIENTED_EDGE('',*,*,#1691,.T.);
#1691 = EDGE_CURVE('',#1620,#1692,#1694,.T.);
#1692 = VERTEX_POINT('',#1693);
#1693 = CARTESIAN_POINT('',(-2.101008274703,-8.751329283579,3.4));
#1694 = LINE('',#1695,#1696);
#1695 = CARTESIAN_POINT('',(-3.268235093983,-13.61317888556,3.4));
#1696 = VECTOR('',#1697,1.);
#1697 = DIRECTION('',(0.233445363856,0.972369920398,-2.840153447039E-16)
  );
#1698 = ORIENTED_EDGE('',*,*,#1699,.T.);
#1699 = EDGE_CURVE('',#1692,#1683,#1700,.T.);
#1700 = LINE('',#1701,#1702);
#1701 = CARTESIAN_POINT('',(-2.101008274703,-8.751329283579,3.4));
#1702 = VECTOR('',#1703,1.);
#1703 = DIRECTION('',(8.660254037844E-16,-5.E-16,-1.));
#1704 = PLANE('',#1705);
#1705 = AXIS2_PLACEMENT_3D('',#1706,#1707,#1708);
#1706 = CARTESIAN_POINT('',(-2.684621684343,-11.18225408457,1.7));
#1707 = DIRECTION('',(0.972369920398,-0.233445363856,1.178819734868E-15)
  );
#1708 = DIRECTION('',(-0.233445363856,-0.972369920398,2.840153447039E-16
    ));
#1709 = ADVANCED_FACE('',(#1710),#1838,.T.);
#1710 = FACE_BOUND('',#1711,.F.);
#1711 = EDGE_LOOP('',(#1712,#1722,#1731,#1739,#1748,#1757,#1765,#1774,
    #1780,#1781,#1789,#1798,#1806,#1813,#1814,#1823,#1831));
#1712 = ORIENTED_EDGE('',*,*,#1713,.F.);
#1713 = EDGE_CURVE('',#1714,#1716,#1718,.T.);
#1714 = VERTEX_POINT('',#1715);
#1715 = CARTESIAN_POINT('',(-1.633178802062,8.850577777778,5.));
#1716 = VERTEX_POINT('',#1717);
#1717 = CARTESIAN_POINT('',(-1.633178802062,8.850577777778,1.32));
#1718 = LINE('',#1719,#1720);
#1719 = CARTESIAN_POINT('',(-1.633178802062,8.850577777778,0.));
#1720 = VECTOR('',#1721,1.);
#1721 = DIRECTION('',(-0.,-0.,-1.));
#1722 = ORIENTED_EDGE('',*,*,#1723,.T.);
#1723 = EDGE_CURVE('',#1714,#1724,#1726,.T.);
#1724 = VERTEX_POINT('',#1725);
#1725 = CARTESIAN_POINT('',(-3.010914557381,8.481414594757,5.));
#1726 = CIRCLE('',#1727,9.);
#1727 = AXIS2_PLACEMENT_3D('',#1728,#1729,#1730);
#1728 = CARTESIAN_POINT('',(0.,0.,5.));
#1729 = DIRECTION('',(0.,0.,1.));
#1730 = DIRECTION('',(1.,0.,0.));
#1731 = ORIENTED_EDGE('',*,*,#1732,.T.);
#1732 = EDGE_CURVE('',#1724,#1733,#1735,.T.);
#1733 = VERTEX_POINT('',#1734);
#1734 = CARTESIAN_POINT('',(-3.010914557381,8.481414594757,1.32));
#1735 = LINE('',#1736,#1737);
#1736 = CARTESIAN_POINT('',(-3.010914557381,8.481414594757,0.));
#1737 = VECTOR('',#1738,1.);
#1738 = DIRECTION('',(-0.,-0.,-1.));
#1739 = ORIENTED_EDGE('',*,*,#1740,.F.);
#1740 = EDGE_CURVE('',#1741,#1733,#1743,.T.);
#1741 = VERTEX_POINT('',#1742);
#1742 = CARTESIAN_POINT('',(-4.5,7.79422863406,1.32));
#1743 = CIRCLE('',#1744,9.);
#1744 = AXIS2_PLACEMENT_3D('',#1745,#1746,#1747);
#1745 = CARTESIAN_POINT('',(0.,0.,1.32));
#1746 = DIRECTION('',(0.,0.,-1.));
#1747 = DIRECTION('',(1.,0.,0.));
#1748 = ORIENTED_EDGE('',*,*,#1749,.F.);
#1749 = EDGE_CURVE('',#1750,#1741,#1752,.T.);
#1750 = VERTEX_POINT('',#1751);
#1751 = CARTESIAN_POINT('',(-5.839663220397,6.848235792694,1.32));
#1752 = CIRCLE('',#1753,9.);
#1753 = AXIS2_PLACEMENT_3D('',#1754,#1755,#1756);
#1754 = CARTESIAN_POINT('',(0.,0.,1.32));
#1755 = DIRECTION('',(0.,0.,-1.));
#1756 = DIRECTION('',(1.,0.,0.));
#1757 = ORIENTED_EDGE('',*,*,#1758,.F.);
#1758 = EDGE_CURVE('',#1759,#1750,#1761,.T.);
#1759 = VERTEX_POINT('',#1760);
#1760 = CARTESIAN_POINT('',(-5.839663220397,6.848235792694,5.));
#1761 = LINE('',#1762,#1763);
#1762 = CARTESIAN_POINT('',(-5.839663220397,6.848235792694,0.));
#1763 = VECTOR('',#1764,1.);
#1764 = DIRECTION('',(-0.,-0.,-1.));
#1765 = ORIENTED_EDGE('',*,*,#1766,.T.);
#1766 = EDGE_CURVE('',#1759,#1767,#1769,.T.);
#1767 = VERTEX_POINT('',#1768);
#1768 = CARTESIAN_POINT('',(-6.848235792694,5.839663220397,5.));
#1769 = CIRCLE('',#1770,9.);
#1770 = AXIS2_PLACEMENT_3D('',#1771,#1772,#1773);
#1771 = CARTESIAN_POINT('',(0.,0.,5.));
#1772 = DIRECTION('',(0.,0.,1.));
#1773 = DIRECTION('',(1.,0.,0.));
#1774 = ORIENTED_EDGE('',*,*,#1775,.T.);
#1775 = EDGE_CURVE('',#1767,#151,#1776,.T.);
#1776 = LINE('',#1777,#1778);
#1777 = CARTESIAN_POINT('',(-6.848235792694,5.839663220397,0.));
#1778 = VECTOR('',#1779,1.);
#1779 = DIRECTION('',(-0.,-0.,-1.));
#1780 = ORIENTED_EDGE('',*,*,#159,.T.);
#1781 = ORIENTED_EDGE('',*,*,#1782,.F.);
#1782 = EDGE_CURVE('',#1783,#160,#1785,.T.);
#1783 = VERTEX_POINT('',#1784);
#1784 = CARTESIAN_POINT('',(-6.8436536904,5.845032434972,3.4));
#1785 = LINE('',#1786,#1787);
#1786 = CARTESIAN_POINT('',(-6.8436536904,5.845032434972,3.4));
#1787 = VECTOR('',#1788,1.);
#1788 = DIRECTION('',(5.E-16,-8.660254037844E-16,-1.));
#1789 = ORIENTED_EDGE('',*,*,#1790,.T.);
#1790 = EDGE_CURVE('',#1783,#1791,#1793,.T.);
#1791 = VERTEX_POINT('',#1792);
#1792 = CARTESIAN_POINT('',(-6.528369339111,6.195191181244,3.4));
#1793 = CIRCLE('',#1794,9.);
#1794 = AXIS2_PLACEMENT_3D('',#1795,#1796,#1797);
#1795 = CARTESIAN_POINT('',(-1.510980762114E-15,3.331877296494E-15,3.4)
  );
#1796 = DIRECTION('',(4.15E-16,-1.013249722428E-15,-1.));
#1797 = DIRECTION('',(-0.7604059656,0.64944804833,-9.736215304258E-16));
#1798 = ORIENTED_EDGE('',*,*,#1799,.T.);
#1799 = EDGE_CURVE('',#1791,#1800,#1802,.T.);
#1800 = VERTEX_POINT('',#1801);
#1801 = CARTESIAN_POINT('',(-6.528369339111,6.195191181244,
    -8.629377613814E-15));
#1802 = LINE('',#1803,#1804);
#1803 = CARTESIAN_POINT('',(-6.528369339111,6.195191181244,3.4));
#1804 = VECTOR('',#1805,1.);
#1805 = DIRECTION('',(5.E-16,-8.660254037844E-16,-1.));
#1806 = ORIENTED_EDGE('',*,*,#1807,.F.);
#1807 = EDGE_CURVE('',#1652,#1800,#1808,.T.);
#1808 = CIRCLE('',#1809,9.);
#1809 = AXIS2_PLACEMENT_3D('',#1810,#1811,#1812);
#1810 = CARTESIAN_POINT('',(0.,0.,0.));
#1811 = DIRECTION('',(0.,0.,1.));
#1812 = DIRECTION('',(1.,0.,0.));
#1813 = ORIENTED_EDGE('',*,*,#1668,.F.);
#1814 = ORIENTED_EDGE('',*,*,#1815,.F.);
#1815 = EDGE_CURVE('',#1816,#1661,#1818,.T.);
#1816 = VERTEX_POINT('',#1817);
#1817 = CARTESIAN_POINT('',(-1.640119729429,8.849294168076,3.4));
#1818 = CIRCLE('',#1819,9.);
#1819 = AXIS2_PLACEMENT_3D('',#1820,#1821,#1822);
#1820 = CARTESIAN_POINT('',(1.08E-15,3.E-17,3.4));
#1821 = DIRECTION('',(2.8E-16,6.162975822039E-33,1.));
#1822 = DIRECTION('',(-0.182235525492,0.983254907564,5.10259471378E-17)
  );
#1823 = ORIENTED_EDGE('',*,*,#1824,.T.);
#1824 = EDGE_CURVE('',#1816,#1825,#1827,.T.);
#1825 = VERTEX_POINT('',#1826);
#1826 = CARTESIAN_POINT('',(-1.640119729429,8.849294168076,1.32));
#1827 = LINE('',#1828,#1829);
#1828 = CARTESIAN_POINT('',(-1.640119729429,8.849294168076,3.4));
#1829 = VECTOR('',#1830,1.);
#1830 = DIRECTION('',(-0.,0.,-1.));
#1831 = ORIENTED_EDGE('',*,*,#1832,.F.);
#1832 = EDGE_CURVE('',#1716,#1825,#1833,.T.);
#1833 = CIRCLE('',#1834,9.);
#1834 = AXIS2_PLACEMENT_3D('',#1835,#1836,#1837);
#1835 = CARTESIAN_POINT('',(2.9E-16,0.,1.32));
#1836 = DIRECTION('',(2.2E-16,-0.,1.));
#1837 = DIRECTION('',(0.,1.,0.));
#1838 = CYLINDRICAL_SURFACE('',#1839,9.);
#1839 = AXIS2_PLACEMENT_3D('',#1840,#1841,#1842);
#1840 = CARTESIAN_POINT('',(0.,0.,0.));
#1841 = DIRECTION('',(-0.,-0.,-1.));
#1842 = DIRECTION('',(1.,0.,0.));
#1843 = ADVANCED_FACE('',(#1844),#1982,.T.);
#1844 = FACE_BOUND('',#1845,.F.);
#1845 = EDGE_LOOP('',(#1846,#1857,#1865,#1874,#1882,#1889,#1890,#1899,
    #1907,#1916,#1924,#1933,#1941,#1950,#1958,#1967,#1976));
#1846 = ORIENTED_EDGE('',*,*,#1847,.T.);
#1847 = EDGE_CURVE('',#1848,#1850,#1852,.T.);
#1848 = VERTEX_POINT('',#1849);
#1849 = CARTESIAN_POINT('',(-3.010914557381,-8.481414594757,5.));
#1850 = VERTEX_POINT('',#1851);
#1851 = CARTESIAN_POINT('',(-1.633178802062,-8.850577777778,5.));
#1852 = CIRCLE('',#1853,9.);
#1853 = AXIS2_PLACEMENT_3D('',#1854,#1855,#1856);
#1854 = CARTESIAN_POINT('',(0.,0.,5.));
#1855 = DIRECTION('',(0.,0.,1.));
#1856 = DIRECTION('',(1.,0.,0.));
#1857 = ORIENTED_EDGE('',*,*,#1858,.T.);
#1858 = EDGE_CURVE('',#1850,#1859,#1861,.T.);
#1859 = VERTEX_POINT('',#1860);
#1860 = CARTESIAN_POINT('',(-1.633178802062,-8.850577777778,1.32));
#1861 = LINE('',#1862,#1863);
#1862 = CARTESIAN_POINT('',(-1.633178802062,-8.850577777778,0.));
#1863 = VECTOR('',#1864,1.);
#1864 = DIRECTION('',(-0.,-0.,-1.));
#1865 = ORIENTED_EDGE('',*,*,#1866,.T.);
#1866 = EDGE_CURVE('',#1859,#1867,#1869,.T.);
#1867 = VERTEX_POINT('',#1868);
#1868 = CARTESIAN_POINT('',(-1.640119729429,-8.849294168076,1.32));
#1869 = CIRCLE('',#1870,9.);
#1870 = AXIS2_PLACEMENT_3D('',#1871,#1872,#1873);
#1871 = CARTESIAN_POINT('',(-1.433153532995E-15,6.6E-16,1.32));
#1872 = DIRECTION('',(1.086025403784E-15,-5.E-16,-1.));
#1873 = DIRECTION('',(-5.551115123126E-16,-1.,5.E-16));
#1874 = ORIENTED_EDGE('',*,*,#1875,.F.);
#1875 = EDGE_CURVE('',#1876,#1867,#1878,.T.);
#1876 = VERTEX_POINT('',#1877);
#1877 = CARTESIAN_POINT('',(-1.640119729429,-8.849294168076,3.4));
#1878 = LINE('',#1879,#1880);
#1879 = CARTESIAN_POINT('',(-1.640119729429,-8.849294168076,3.4));
#1880 = VECTOR('',#1881,1.);
#1881 = DIRECTION('',(8.660254037844E-16,-5.E-16,-1.));
#1882 = ORIENTED_EDGE('',*,*,#1883,.T.);
#1883 = EDGE_CURVE('',#1876,#1692,#1884,.T.);
#1884 = CIRCLE('',#1885,9.);
#1885 = AXIS2_PLACEMENT_3D('',#1886,#1887,#1888);
#1886 = CARTESIAN_POINT('',(-3.374486372867E-15,1.67E-15,3.4));
#1887 = DIRECTION('',(1.036025403784E-15,-5.E-16,-1.));
#1888 = DIRECTION('',(-0.182235525492,-0.983254907564,3.028268199001E-16
    ));
#1889 = ORIENTED_EDGE('',*,*,#1699,.T.);
#1890 = ORIENTED_EDGE('',*,*,#1891,.F.);
#1891 = EDGE_CURVE('',#1892,#1683,#1894,.T.);
#1892 = VERTEX_POINT('',#1893);
#1893 = CARTESIAN_POINT('',(-6.528369339111,-6.195191181244,
    6.668218421332E-16));
#1894 = CIRCLE('',#1895,9.);
#1895 = AXIS2_PLACEMENT_3D('',#1896,#1897,#1898);
#1896 = CARTESIAN_POINT('',(0.,0.,0.));
#1897 = DIRECTION('',(0.,0.,1.));
#1898 = DIRECTION('',(1.,0.,0.));
#1899 = ORIENTED_EDGE('',*,*,#1900,.F.);
#1900 = EDGE_CURVE('',#1901,#1892,#1903,.T.);
#1901 = VERTEX_POINT('',#1902);
#1902 = CARTESIAN_POINT('',(-6.528369339111,-6.195191181244,3.4));
#1903 = LINE('',#1904,#1905);
#1904 = CARTESIAN_POINT('',(-6.528369339111,-6.195191181244,3.4));
#1905 = VECTOR('',#1906,1.);
#1906 = DIRECTION('',(1.002840153447E-15,-1.009588197349E-15,-1.));
#1907 = ORIENTED_EDGE('',*,*,#1908,.F.);
#1908 = EDGE_CURVE('',#1909,#1901,#1911,.T.);
#1909 = VERTEX_POINT('',#1910);
#1910 = CARTESIAN_POINT('',(-6.8436536904,-5.845032434972,3.4));
#1911 = CIRCLE('',#1912,9.);
#1912 = AXIS2_PLACEMENT_3D('',#1913,#1914,#1915);
#1913 = CARTESIAN_POINT('',(-3.965980762114E-15,4.320307436087E-15,3.4)
  );
#1914 = DIRECTION('',(-1.14E-15,1.24248711306E-15,1.));
#1915 = DIRECTION('',(-0.7604059656,-0.64944804833,-5.993197013205E-17)
  );
#1916 = ORIENTED_EDGE('',*,*,#1917,.T.);
#1917 = EDGE_CURVE('',#1909,#1918,#1920,.T.);
#1918 = VERTEX_POINT('',#1919);
#1919 = CARTESIAN_POINT('',(-6.8436536904,-5.845032434972,1.32));
#1920 = LINE('',#1921,#1922);
#1921 = CARTESIAN_POINT('',(-6.8436536904,-5.845032434972,3.4));
#1922 = VECTOR('',#1923,1.);
#1923 = DIRECTION('',(1.E-15,-1.E-15,-1.));
#1924 = ORIENTED_EDGE('',*,*,#1925,.F.);
#1925 = EDGE_CURVE('',#1926,#1918,#1928,.T.);
#1926 = VERTEX_POINT('',#1927);
#1927 = CARTESIAN_POINT('',(-6.848235792694,-5.839663220397,1.32));
#1928 = CIRCLE('',#1929,9.);
#1929 = AXIS2_PLACEMENT_3D('',#1930,#1931,#1932);
#1930 = CARTESIAN_POINT('',(-1.465E-15,1.571147367097E-15,1.32));
#1931 = DIRECTION('',(-1.11E-15,1.190525588833E-15,1.));
#1932 = DIRECTION('',(-0.866025403784,-0.5,-3.660254037844E-16));
#1933 = ORIENTED_EDGE('',*,*,#1934,.F.);
#1934 = EDGE_CURVE('',#1935,#1926,#1937,.T.);
#1935 = VERTEX_POINT('',#1936);
#1936 = CARTESIAN_POINT('',(-6.848235792694,-5.839663220397,5.));
#1937 = LINE('',#1938,#1939);
#1938 = CARTESIAN_POINT('',(-6.848235792694,-5.839663220397,0.));
#1939 = VECTOR('',#1940,1.);
#1940 = DIRECTION('',(-0.,-0.,-1.));
#1941 = ORIENTED_EDGE('',*,*,#1942,.T.);
#1942 = EDGE_CURVE('',#1935,#1943,#1945,.T.);
#1943 = VERTEX_POINT('',#1944);
#1944 = CARTESIAN_POINT('',(-5.839663220397,-6.848235792694,5.));
#1945 = CIRCLE('',#1946,9.);
#1946 = AXIS2_PLACEMENT_3D('',#1947,#1948,#1949);
#1947 = CARTESIAN_POINT('',(0.,0.,5.));
#1948 = DIRECTION('',(0.,0.,1.));
#1949 = DIRECTION('',(1.,0.,0.));
#1950 = ORIENTED_EDGE('',*,*,#1951,.T.);
#1951 = EDGE_CURVE('',#1943,#1952,#1954,.T.);
#1952 = VERTEX_POINT('',#1953);
#1953 = CARTESIAN_POINT('',(-5.839663220397,-6.848235792694,1.32));
#1954 = LINE('',#1955,#1956);
#1955 = CARTESIAN_POINT('',(-5.839663220397,-6.848235792694,0.));
#1956 = VECTOR('',#1957,1.);
#1957 = DIRECTION('',(-0.,-0.,-1.));
#1958 = ORIENTED_EDGE('',*,*,#1959,.F.);
#1959 = EDGE_CURVE('',#1960,#1952,#1962,.T.);
#1960 = VERTEX_POINT('',#1961);
#1961 = CARTESIAN_POINT('',(-4.5,-7.79422863406,1.32));
#1962 = CIRCLE('',#1963,9.);
#1963 = AXIS2_PLACEMENT_3D('',#1964,#1965,#1966);
#1964 = CARTESIAN_POINT('',(0.,0.,1.32));
#1965 = DIRECTION('',(0.,0.,-1.));
#1966 = DIRECTION('',(1.,0.,0.));
#1967 = ORIENTED_EDGE('',*,*,#1968,.F.);
#1968 = EDGE_CURVE('',#1969,#1960,#1971,.T.);
#1969 = VERTEX_POINT('',#1970);
#1970 = CARTESIAN_POINT('',(-3.010914557381,-8.481414594757,1.32));
#1971 = CIRCLE('',#1972,9.);
#1972 = AXIS2_PLACEMENT_3D('',#1973,#1974,#1975);
#1973 = CARTESIAN_POINT('',(0.,0.,1.32));
#1974 = DIRECTION('',(0.,0.,-1.));
#1975 = DIRECTION('',(1.,0.,0.));
#1976 = ORIENTED_EDGE('',*,*,#1977,.F.);
#1977 = EDGE_CURVE('',#1848,#1969,#1978,.T.);
#1978 = LINE('',#1979,#1980);
#1979 = CARTESIAN_POINT('',(-3.010914557381,-8.481414594757,0.));
#1980 = VECTOR('',#1981,1.);
#1981 = DIRECTION('',(-0.,-0.,-1.));
#1982 = CYLINDRICAL_SURFACE('',#1983,9.);
#1983 = AXIS2_PLACEMENT_3D('',#1984,#1985,#1986);
#1984 = CARTESIAN_POINT('',(0.,0.,0.));
#1985 = DIRECTION('',(-0.,-0.,-1.));
#1986 = DIRECTION('',(1.,0.,0.));
#1987 = ADVANCED_FACE('',(#1988),#2013,.F.);
#1988 = FACE_BOUND('',#1989,.T.);
#1989 = EDGE_LOOP('',(#1990,#1998,#2006,#2012));
#1990 = ORIENTED_EDGE('',*,*,#1991,.T.);
#1991 = EDGE_CURVE('',#1800,#1992,#1994,.T.);
#1992 = VERTEX_POINT('',#1993);
#1993 = CARTESIAN_POINT('',(-10.15524119417,9.636964059713,
    -1.342347628815E-14));
#1994 = LINE('',#1995,#1996);
#1995 = CARTESIAN_POINT('',(-6.528369339111,6.195191181244,
    -8.729377613814E-15));
#1996 = VECTOR('',#1997,1.);
#1997 = DIRECTION('',(-0.725374371012,0.688354575694,-9.588197348682E-16
    ));
#1998 = ORIENTED_EDGE('',*,*,#1999,.T.);
#1999 = EDGE_CURVE('',#1992,#2000,#2002,.T.);
#2000 = VERTEX_POINT('',#2001);
#2001 = CARTESIAN_POINT('',(-10.15524119417,9.636964059713,3.4));
#2002 = LINE('',#2003,#2004);
#2003 = CARTESIAN_POINT('',(-10.15524119417,9.636964059713,
    -1.352347628815E-14));
#2004 = VECTOR('',#2005,1.);
#2005 = DIRECTION('',(-5.E-16,8.660254037844E-16,1.));
#2006 = ORIENTED_EDGE('',*,*,#2007,.T.);
#2007 = EDGE_CURVE('',#2000,#1791,#2008,.T.);
#2008 = LINE('',#2009,#2010);
#2009 = CARTESIAN_POINT('',(-10.15524119417,9.636964059713,3.4));
#2010 = VECTOR('',#2011,1.);
#2011 = DIRECTION('',(0.725374371012,-0.688354575694,9.588197348682E-16)
  );
#2012 = ORIENTED_EDGE('',*,*,#1799,.T.);
#2013 = PLANE('',#2014);
#2014 = AXIS2_PLACEMENT_3D('',#2015,#2016,#2017);
#2015 = CARTESIAN_POINT('',(-8.341805266641,7.916077620478,1.7));
#2016 = DIRECTION('',(-0.688354575694,-0.725374371012,5.040153447039E-16
    ));
#2017 = DIRECTION('',(-0.725374371012,0.688354575694,-9.588197348682E-16
    ));
#2018 = ADVANCED_FACE('',(#2019),#2044,.F.);
#2019 = FACE_BOUND('',#2020,.F.);
#2020 = EDGE_LOOP('',(#2021,#2029,#2037,#2043));
#2021 = ORIENTED_EDGE('',*,*,#2022,.T.);
#2022 = EDGE_CURVE('',#1892,#2023,#2025,.T.);
#2023 = VERTEX_POINT('',#2024);
#2024 = CARTESIAN_POINT('',(-10.15524119417,-9.636964059713,
    4.817228655405E-16));
#2025 = LINE('',#2026,#2027);
#2026 = CARTESIAN_POINT('',(-6.528369339111,-6.195191181244,
    -4.231781578668E-16));
#2027 = VECTOR('',#2028,1.);
#2028 = DIRECTION('',(-0.725374371012,-0.688354575694,
    -3.701979531853E-17));
#2029 = ORIENTED_EDGE('',*,*,#2030,.T.);
#2030 = EDGE_CURVE('',#2023,#2031,#2033,.T.);
#2031 = VERTEX_POINT('',#2032);
#2032 = CARTESIAN_POINT('',(-10.15524119417,-9.636964059713,3.4));
#2033 = LINE('',#2034,#2035);
#2034 = CARTESIAN_POINT('',(-10.15524119417,-9.636964059713,
    -5.982771344595E-16));
#2035 = VECTOR('',#2036,1.);
#2036 = DIRECTION('',(-1.002840153447E-15,1.009588197349E-15,1.));
#2037 = ORIENTED_EDGE('',*,*,#2038,.T.);
#2038 = EDGE_CURVE('',#2031,#1901,#2039,.T.);
#2039 = LINE('',#2040,#2041);
#2040 = CARTESIAN_POINT('',(-10.15524119417,-9.636964059713,3.4));
#2041 = VECTOR('',#2042,1.);
#2042 = DIRECTION('',(0.725374371012,0.688354575694,3.701979531853E-17)
  );
#2043 = ORIENTED_EDGE('',*,*,#1900,.T.);
#2044 = PLANE('',#2045);
#2045 = AXIS2_PLACEMENT_3D('',#2046,#2047,#2048);
#2046 = CARTESIAN_POINT('',(-8.341805266641,-7.916077620478,1.7));
#2047 = DIRECTION('',(-0.688354575694,0.725374371012,-1.623728946706E-15
    ));
#2048 = DIRECTION('',(0.725374371012,0.688354575694,-6.298020468147E-17)
  );
#2049 = ADVANCED_FACE('',(#2050),#2083,.T.);
#2050 = FACE_BOUND('',#2051,.F.);
#2051 = EDGE_LOOP('',(#2052,#2061,#2062,#2071,#2077));
#2052 = ORIENTED_EDGE('',*,*,#2053,.T.);
#2053 = EDGE_CURVE('',#2054,#1992,#2056,.T.);
#2054 = VERTEX_POINT('',#2055);
#2055 = CARTESIAN_POINT('',(-10.6456835184,9.092272676623,-1.E-14));
#2056 = CIRCLE('',#2057,14.);
#2057 = AXIS2_PLACEMENT_3D('',#2058,#2059,#2060);
#2058 = CARTESIAN_POINT('',(-9.598076211353E-17,-1.062435565298E-16,
    -6.E-17));
#2059 = DIRECTION('',(4.15E-16,-1.013249722428E-15,-1.));
#2060 = DIRECTION('',(-0.7604059656,0.64944804833,-9.736215304258E-16));
#2061 = ORIENTED_EDGE('',*,*,#1999,.T.);
#2062 = ORIENTED_EDGE('',*,*,#2063,.F.);
#2063 = EDGE_CURVE('',#2064,#2000,#2066,.T.);
#2064 = VERTEX_POINT('',#2065);
#2065 = CARTESIAN_POINT('',(-10.6456835184,9.092272676623,3.4));
#2066 = CIRCLE('',#2067,14.);
#2067 = AXIS2_PLACEMENT_3D('',#2068,#2069,#2070);
#2068 = CARTESIAN_POINT('',(-1.510980762114E-15,3.331877296494E-15,3.4)
  );
#2069 = DIRECTION('',(4.15E-16,-1.013249722428E-15,-1.));
#2070 = DIRECTION('',(-0.7604059656,0.64944804833,-9.736215304258E-16));
#2071 = ORIENTED_EDGE('',*,*,#2072,.F.);
#2072 = EDGE_CURVE('',#169,#2064,#2073,.T.);
#2073 = LINE('',#2074,#2075);
#2074 = CARTESIAN_POINT('',(-10.6456835184,9.092272676623,
    -1.329698087529E-14));
#2075 = VECTOR('',#2076,1.);
#2076 = DIRECTION('',(-5.E-16,8.660254037844E-16,1.));
#2077 = ORIENTED_EDGE('',*,*,#2078,.T.);
#2078 = EDGE_CURVE('',#169,#2054,#2079,.T.);
#2079 = LINE('',#2080,#2081);
#2080 = CARTESIAN_POINT('',(-10.6456835184,9.092272676623,1.32));
#2081 = VECTOR('',#2082,1.);
#2082 = DIRECTION('',(5.E-16,-8.660254037844E-16,-1.));
#2083 = CYLINDRICAL_SURFACE('',#2084,14.);
#2084 = AXIS2_PLACEMENT_3D('',#2085,#2086,#2087);
#2085 = CARTESIAN_POINT('',(-9.598076211353E-17,-1.062435565298E-16,
    -6.E-17));
#2086 = DIRECTION('',(-4.15E-16,1.013249722428E-15,1.));
#2087 = DIRECTION('',(-0.7604059656,0.64944804833,-9.736215304258E-16));
#2088 = ADVANCED_FACE('',(#2089),#2124,.T.);
#2089 = FACE_BOUND('',#2090,.T.);
#2090 = EDGE_LOOP('',(#2091,#2100,#2101,#2110,#2118));
#2091 = ORIENTED_EDGE('',*,*,#2092,.T.);
#2092 = EDGE_CURVE('',#2093,#2023,#2095,.T.);
#2093 = VERTEX_POINT('',#2094);
#2094 = CARTESIAN_POINT('',(-10.6456835184,-9.092272676623,0.));
#2095 = CIRCLE('',#2096,14.);
#2096 = AXIS2_PLACEMENT_3D('',#2097,#2098,#2099);
#2097 = CARTESIAN_POINT('',(-9.598076211353E-17,1.062435565298E-16,
    -6.E-17));
#2098 = DIRECTION('',(-1.14E-15,1.24248711306E-15,1.));
#2099 = DIRECTION('',(-0.7604059656,-0.64944804833,-5.993197013205E-17)
  );
#2100 = ORIENTED_EDGE('',*,*,#2030,.T.);
#2101 = ORIENTED_EDGE('',*,*,#2102,.F.);
#2102 = EDGE_CURVE('',#2103,#2031,#2105,.T.);
#2103 = VERTEX_POINT('',#2104);
#2104 = CARTESIAN_POINT('',(-10.6456835184,-9.092272676623,3.4));
#2105 = CIRCLE('',#2106,14.);
#2106 = AXIS2_PLACEMENT_3D('',#2107,#2108,#2109);
#2107 = CARTESIAN_POINT('',(-3.965980762114E-15,4.320307436087E-15,3.4)
  );
#2108 = DIRECTION('',(-1.14E-15,1.24248711306E-15,1.));
#2109 = DIRECTION('',(-0.7604059656,-0.64944804833,-5.993197013205E-17)
  );
#2110 = ORIENTED_EDGE('',*,*,#2111,.F.);
#2111 = EDGE_CURVE('',#2112,#2103,#2114,.T.);
#2112 = VERTEX_POINT('',#2113);
#2113 = CARTESIAN_POINT('',(-10.6456835184,-9.092272676623,1.32));
#2114 = LINE('',#2115,#2116);
#2115 = CARTESIAN_POINT('',(-10.6456835184,-9.092272676623,
    -1.643410841778E-15));
#2116 = VECTOR('',#2117,1.);
#2117 = DIRECTION('',(-1.E-15,1.E-15,1.));
#2118 = ORIENTED_EDGE('',*,*,#2119,.T.);
#2119 = EDGE_CURVE('',#2112,#2093,#2120,.T.);
#2120 = LINE('',#2121,#2122);
#2121 = CARTESIAN_POINT('',(-10.6456835184,-9.092272676623,1.32));
#2122 = VECTOR('',#2123,1.);
#2123 = DIRECTION('',(1.E-15,-1.E-15,-1.));
#2124 = CYLINDRICAL_SURFACE('',#2125,14.);
#2125 = AXIS2_PLACEMENT_3D('',#2126,#2127,#2128);
#2126 = CARTESIAN_POINT('',(-9.598076211353E-17,1.062435565298E-16,
    -6.E-17));
#2127 = DIRECTION('',(-1.14E-15,1.24248711306E-15,1.));
#2128 = DIRECTION('',(-0.7604059656,-0.64944804833,-5.993197013205E-17)
  );
#2129 = ADVANCED_FACE('',(#2130),#2149,.T.);
#2130 = FACE_BOUND('',#2131,.T.);
#2131 = EDGE_LOOP('',(#2132,#2133,#2134,#2143));
#2132 = ORIENTED_EDGE('',*,*,#176,.T.);
#2133 = ORIENTED_EDGE('',*,*,#2078,.T.);
#2134 = ORIENTED_EDGE('',*,*,#2135,.F.);
#2135 = EDGE_CURVE('',#2136,#2054,#2138,.T.);
#2136 = VERTEX_POINT('',#2137);
#2137 = CARTESIAN_POINT('',(-12.12435565298,7.,-8.E-15));
#2138 = CIRCLE('',#2139,14.);
#2139 = AXIS2_PLACEMENT_3D('',#2140,#2141,#2142);
#2140 = CARTESIAN_POINT('',(0.,0.,0.));
#2141 = DIRECTION('',(3.9E-16,-1.056550992617E-15,-1.));
#2142 = DIRECTION('',(-0.866025403784,0.5,-8.660254037844E-16));
#2143 = ORIENTED_EDGE('',*,*,#2144,.F.);
#2144 = EDGE_CURVE('',#177,#2136,#2145,.T.);
#2145 = LINE('',#2146,#2147);
#2146 = CARTESIAN_POINT('',(-12.12435565298,7.,1.32));
#2147 = VECTOR('',#2148,1.);
#2148 = DIRECTION('',(5.E-16,-8.660254037844E-16,-1.));
#2149 = CYLINDRICAL_SURFACE('',#2150,14.);
#2150 = AXIS2_PLACEMENT_3D('',#2151,#2152,#2153);
#2151 = CARTESIAN_POINT('',(-5.15E-16,1.394300900093E-15,1.32));
#2152 = DIRECTION('',(3.9E-16,-1.056550992617E-15,-1.));
#2153 = DIRECTION('',(-0.866025403784,0.5,-8.660254037844E-16));
#2154 = ADVANCED_FACE('',(#2155),#2182,.T.);
#2155 = FACE_BOUND('',#2156,.F.);
#2156 = EDGE_LOOP('',(#2157,#2166,#2167,#2176));
#2157 = ORIENTED_EDGE('',*,*,#2158,.T.);
#2158 = EDGE_CURVE('',#2159,#2112,#2161,.T.);
#2159 = VERTEX_POINT('',#2160);
#2160 = CARTESIAN_POINT('',(-12.12435565298,-7.,1.32));
#2161 = CIRCLE('',#2162,14.);
#2162 = AXIS2_PLACEMENT_3D('',#2163,#2164,#2165);
#2163 = CARTESIAN_POINT('',(-1.465E-15,1.571147367097E-15,1.32));
#2164 = DIRECTION('',(-1.11E-15,1.190525588833E-15,1.));
#2165 = DIRECTION('',(-0.866025403784,-0.5,-3.660254037844E-16));
#2166 = ORIENTED_EDGE('',*,*,#2119,.T.);
#2167 = ORIENTED_EDGE('',*,*,#2168,.F.);
#2168 = EDGE_CURVE('',#2169,#2093,#2171,.T.);
#2169 = VERTEX_POINT('',#2170);
#2170 = CARTESIAN_POINT('',(-12.12435565298,-7.,-3.E-15));
#2171 = CIRCLE('',#2172,14.);
#2172 = AXIS2_PLACEMENT_3D('',#2173,#2174,#2175);
#2173 = CARTESIAN_POINT('',(0.,0.,0.));
#2174 = DIRECTION('',(-1.11E-15,1.190525588833E-15,1.));
#2175 = DIRECTION('',(-0.866025403784,-0.5,-3.660254037844E-16));
#2176 = ORIENTED_EDGE('',*,*,#2177,.F.);
#2177 = EDGE_CURVE('',#2159,#2169,#2178,.T.);
#2178 = LINE('',#2179,#2180);
#2179 = CARTESIAN_POINT('',(-12.12435565298,-7.,1.32));
#2180 = VECTOR('',#2181,1.);
#2181 = DIRECTION('',(1.E-15,-1.E-15,-1.));
#2182 = CYLINDRICAL_SURFACE('',#2183,14.);
#2183 = AXIS2_PLACEMENT_3D('',#2184,#2185,#2186);
#2184 = CARTESIAN_POINT('',(-1.465E-15,1.571147367097E-15,1.32));
#2185 = DIRECTION('',(1.11E-15,-1.190525588833E-15,-1.));
#2186 = DIRECTION('',(-0.866025403784,-0.5,-3.660254037844E-16));
#2187 = ADVANCED_FACE('',(#2188),#2207,.T.);
#2188 = FACE_BOUND('',#2189,.F.);
#2189 = EDGE_LOOP('',(#2190,#2191,#2199,#2206));
#2190 = ORIENTED_EDGE('',*,*,#185,.T.);
#2191 = ORIENTED_EDGE('',*,*,#2192,.T.);
#2192 = EDGE_CURVE('',#186,#2193,#2195,.T.);
#2193 = VERTEX_POINT('',#2194);
#2194 = CARTESIAN_POINT('',(-13.19698087529,4.673296029273,-6.E-15));
#2195 = LINE('',#2196,#2197);
#2196 = CARTESIAN_POINT('',(-13.19698087529,4.673296029273,1.32));
#2197 = VECTOR('',#2198,1.);
#2198 = DIRECTION('',(5.E-16,-8.660254037844E-16,-1.));
#2199 = ORIENTED_EDGE('',*,*,#2200,.F.);
#2200 = EDGE_CURVE('',#2136,#2193,#2201,.T.);
#2201 = CIRCLE('',#2202,14.);
#2202 = AXIS2_PLACEMENT_3D('',#2203,#2204,#2205);
#2203 = CARTESIAN_POINT('',(0.,0.,0.));
#2204 = DIRECTION('',(-3.9E-16,1.056550992617E-15,1.));
#2205 = DIRECTION('',(-0.866025403784,0.5,-8.660254037844E-16));
#2206 = ORIENTED_EDGE('',*,*,#2144,.F.);
#2207 = CYLINDRICAL_SURFACE('',#2208,14.);
#2208 = AXIS2_PLACEMENT_3D('',#2209,#2210,#2211);
#2209 = CARTESIAN_POINT('',(-5.15E-16,1.394300900093E-15,1.32));
#2210 = DIRECTION('',(3.9E-16,-1.056550992617E-15,-1.));
#2211 = DIRECTION('',(-0.866025403784,0.5,-8.660254037844E-16));
#2212 = ADVANCED_FACE('',(#2213),#2240,.T.);
#2213 = FACE_BOUND('',#2214,.T.);
#2214 = EDGE_LOOP('',(#2215,#2224,#2232,#2239));
#2215 = ORIENTED_EDGE('',*,*,#2216,.T.);
#2216 = EDGE_CURVE('',#2159,#2217,#2219,.T.);
#2217 = VERTEX_POINT('',#2218);
#2218 = CARTESIAN_POINT('',(-13.19698087529,-4.673296029273,1.32));
#2219 = CIRCLE('',#2220,14.);
#2220 = AXIS2_PLACEMENT_3D('',#2221,#2222,#2223);
#2221 = CARTESIAN_POINT('',(-1.465E-15,1.571147367097E-15,1.32));
#2222 = DIRECTION('',(1.11E-15,-1.190525588833E-15,-1.));
#2223 = DIRECTION('',(-0.866025403784,-0.5,-3.660254037844E-16));
#2224 = ORIENTED_EDGE('',*,*,#2225,.T.);
#2225 = EDGE_CURVE('',#2217,#2226,#2228,.T.);
#2226 = VERTEX_POINT('',#2227);
#2227 = CARTESIAN_POINT('',(-13.19698087529,-4.673296029273,-6.E-15));
#2228 = LINE('',#2229,#2230);
#2229 = CARTESIAN_POINT('',(-13.19698087529,-4.673296029273,1.32));
#2230 = VECTOR('',#2231,1.);
#2231 = DIRECTION('',(1.E-15,-1.E-15,-1.));
#2232 = ORIENTED_EDGE('',*,*,#2233,.F.);
#2233 = EDGE_CURVE('',#2169,#2226,#2234,.T.);
#2234 = CIRCLE('',#2235,14.);
#2235 = AXIS2_PLACEMENT_3D('',#2236,#2237,#2238);
#2236 = CARTESIAN_POINT('',(0.,0.,0.));
#2237 = DIRECTION('',(1.11E-15,-1.190525588833E-15,-1.));
#2238 = DIRECTION('',(-0.866025403784,-0.5,-3.660254037844E-16));
#2239 = ORIENTED_EDGE('',*,*,#2177,.F.);
#2240 = CYLINDRICAL_SURFACE('',#2241,14.);
#2241 = AXIS2_PLACEMENT_3D('',#2242,#2243,#2244);
#2242 = CARTESIAN_POINT('',(-1.465E-15,1.571147367097E-15,1.32));
#2243 = DIRECTION('',(1.11E-15,-1.190525588833E-15,-1.));
#2244 = DIRECTION('',(-0.866025403784,-0.5,-3.660254037844E-16));
#2245 = ADVANCED_FACE('',(#2246),#2281,.T.);
#2246 = FACE_BOUND('',#2247,.T.);
#2247 = EDGE_LOOP('',(#2248,#2257,#2265,#2274,#2280));
#2248 = ORIENTED_EDGE('',*,*,#2249,.T.);
#2249 = EDGE_CURVE('',#2193,#2250,#2252,.T.);
#2250 = VERTEX_POINT('',#2251);
#2251 = CARTESIAN_POINT('',(-13.42347628815,3.976214825855,
    -9.155241194172E-15));
#2252 = CIRCLE('',#2253,14.);
#2253 = AXIS2_PLACEMENT_3D('',#2254,#2255,#2256);
#2254 = CARTESIAN_POINT('',(4.401923788647E-17,1.362435565298E-16,
    -6.E-17));
#2255 = DIRECTION('',(-3.6E-16,1.108512516844E-15,1.));
#2256 = DIRECTION('',(-0.942641491092,0.333806859234,-7.093800184622E-16
    ));
#2257 = ORIENTED_EDGE('',*,*,#2258,.T.);
#2258 = EDGE_CURVE('',#2250,#2259,#2261,.T.);
#2259 = VERTEX_POINT('',#2260);
#2260 = CARTESIAN_POINT('',(-13.42347628815,3.976214825855,3.4));
#2261 = LINE('',#2262,#2263);
#2262 = CARTESIAN_POINT('',(-13.42347628815,3.976214825855,
    -1.023524119417E-14));
#2263 = VECTOR('',#2264,1.);
#2264 = DIRECTION('',(-4.931164542431E-16,8.732791474946E-16,1.));
#2265 = ORIENTED_EDGE('',*,*,#2266,.F.);
#2266 = EDGE_CURVE('',#2267,#2259,#2269,.T.);
#2267 = VERTEX_POINT('',#2268);
#2268 = CARTESIAN_POINT('',(-13.19698087529,4.673296029273,3.4));
#2269 = CIRCLE('',#2270,14.);
#2270 = AXIS2_PLACEMENT_3D('',#2271,#2272,#2273);
#2271 = CARTESIAN_POINT('',(-1.185980762114E-15,3.894793808954E-15,3.4)
  );
#2272 = DIRECTION('',(-3.6E-16,1.108512516844E-15,1.));
#2273 = DIRECTION('',(-0.942641491092,0.333806859234,-7.093800184622E-16
    ));
#2274 = ORIENTED_EDGE('',*,*,#2275,.F.);
#2275 = EDGE_CURVE('',#186,#2267,#2276,.T.);
#2276 = LINE('',#2277,#2278);
#2277 = CARTESIAN_POINT('',(-13.19698087529,4.673296029273,
    -1.07356835184E-14));
#2278 = VECTOR('',#2279,1.);
#2279 = DIRECTION('',(-5.E-16,8.660254037844E-16,1.));
#2280 = ORIENTED_EDGE('',*,*,#2192,.T.);
#2281 = CYLINDRICAL_SURFACE('',#2282,14.);
#2282 = AXIS2_PLACEMENT_3D('',#2283,#2284,#2285);
#2283 = CARTESIAN_POINT('',(4.401923788647E-17,1.362435565298E-16,
    -6.E-17));
#2284 = DIRECTION('',(-3.6E-16,1.108512516844E-15,1.));
#2285 = DIRECTION('',(-0.942641491092,0.333806859234,-7.093800184622E-16
    ));
#2286 = ADVANCED_FACE('',(#2287),#2322,.T.);
#2287 = FACE_BOUND('',#2288,.F.);
#2288 = EDGE_LOOP('',(#2289,#2298,#2306,#2315,#2321));
#2289 = ORIENTED_EDGE('',*,*,#2290,.T.);
#2290 = EDGE_CURVE('',#2226,#2291,#2293,.T.);
#2291 = VERTEX_POINT('',#2292);
#2292 = CARTESIAN_POINT('',(-13.42347628815,-3.976214825855,
    -9.4472614623E-15));
#2293 = CIRCLE('',#2294,14.);
#2294 = AXIS2_PLACEMENT_3D('',#2295,#2296,#2297);
#2295 = CARTESIAN_POINT('',(4.401923788647E-17,-1.362435565298E-16,
    -6.E-17));
#2296 = DIRECTION('',(1.085E-15,-1.147224318643E-15,-1.));
#2297 = DIRECTION('',(-0.942641491092,-0.333806859234,
    -6.398146711921E-16));
#2298 = ORIENTED_EDGE('',*,*,#2299,.T.);
#2299 = EDGE_CURVE('',#2291,#2300,#2302,.T.);
#2300 = VERTEX_POINT('',#2301);
#2301 = CARTESIAN_POINT('',(-13.42347628815,-3.976214825855,3.4));
#2302 = LINE('',#2303,#2304);
#2303 = CARTESIAN_POINT('',(-13.42347628815,-3.976214825855,
    -9.5472614623E-15));
#2304 = VECTOR('',#2305,1.);
#2305 = DIRECTION('',(-1.E-15,1.E-15,1.));
#2306 = ORIENTED_EDGE('',*,*,#2307,.F.);
#2307 = EDGE_CURVE('',#2308,#2300,#2310,.T.);
#2308 = VERTEX_POINT('',#2309);
#2309 = CARTESIAN_POINT('',(-13.19698087529,-4.673296029273,3.4));
#2310 = CIRCLE('',#2311,14.);
#2311 = AXIS2_PLACEMENT_3D('',#2312,#2313,#2314);
#2312 = CARTESIAN_POINT('',(-3.640980762114E-15,3.757390923627E-15,3.4)
  );
#2313 = DIRECTION('',(1.085E-15,-1.147224318643E-15,-1.));
#2314 = DIRECTION('',(-0.942641491092,-0.333806859234,
    -6.398146711921E-16));
#2315 = ORIENTED_EDGE('',*,*,#2316,.F.);
#2316 = EDGE_CURVE('',#2217,#2308,#2317,.T.);
#2317 = LINE('',#2318,#2319);
#2318 = CARTESIAN_POINT('',(-13.19698087529,-4.673296029273,
    -8.623684846018E-15));
#2319 = VECTOR('',#2320,1.);
#2320 = DIRECTION('',(-1.E-15,1.E-15,1.));
#2321 = ORIENTED_EDGE('',*,*,#2225,.T.);
#2322 = CYLINDRICAL_SURFACE('',#2323,14.);
#2323 = AXIS2_PLACEMENT_3D('',#2324,#2325,#2326);
#2324 = CARTESIAN_POINT('',(4.401923788647E-17,-1.362435565298E-16,
    -6.E-17));
#2325 = DIRECTION('',(-1.085E-15,1.147224318643E-15,1.));
#2326 = DIRECTION('',(-0.942641491092,-0.333806859234,
    -6.398146711921E-16));
#2327 = ADVANCED_FACE('',(#2328),#2353,.F.);
#2328 = FACE_BOUND('',#2329,.F.);
#2329 = EDGE_LOOP('',(#2330,#2338,#2339,#2347));
#2330 = ORIENTED_EDGE('',*,*,#2331,.T.);
#2331 = EDGE_CURVE('',#2332,#2250,#2334,.T.);
#2332 = VERTEX_POINT('',#2333);
#2333 = CARTESIAN_POINT('',(-8.629377613814,2.556138102335,
    -5.528369339111E-15));
#2334 = LINE('',#2335,#2336);
#2335 = CARTESIAN_POINT('',(-8.629377613814,2.556138102335,
    -6.618369339111E-15));
#2336 = VECTOR('',#2337,1.);
#2337 = DIRECTION('',(-0.958819734868,0.284015344704,-7.253743710123E-16
    ));
#2338 = ORIENTED_EDGE('',*,*,#2258,.T.);
#2339 = ORIENTED_EDGE('',*,*,#2340,.T.);
#2340 = EDGE_CURVE('',#2259,#2341,#2343,.T.);
#2341 = VERTEX_POINT('',#2342);
#2342 = CARTESIAN_POINT('',(-8.629377613814,2.556138102335,3.4));
#2343 = LINE('',#2344,#2345);
#2344 = CARTESIAN_POINT('',(-13.42347628815,3.976214825855,3.4));
#2345 = VECTOR('',#2346,1.);
#2346 = DIRECTION('',(0.958819734868,-0.284015344704,7.253743710123E-16)
  );
#2347 = ORIENTED_EDGE('',*,*,#2348,.T.);
#2348 = EDGE_CURVE('',#2341,#2332,#2349,.T.);
#2349 = LINE('',#2350,#2351);
#2350 = CARTESIAN_POINT('',(-8.629377613814,2.556138102335,3.4));
#2351 = VECTOR('',#2352,1.);
#2352 = DIRECTION('',(4.931164542431E-16,-8.732791474946E-16,-1.));
#2353 = PLANE('',#2354);
#2354 = AXIS2_PLACEMENT_3D('',#2355,#2356,#2357);
#2355 = CARTESIAN_POINT('',(-11.02642695098,3.266176464095,1.7));
#2356 = DIRECTION('',(0.284015344704,0.958819734868,-8.983545756938E-16)
  );
#2357 = DIRECTION('',(0.958819734868,-0.284015344704,6.253743710123E-16)
  );
#2358 = ADVANCED_FACE('',(#2359),#2384,.F.);
#2359 = FACE_BOUND('',#2360,.T.);
#2360 = EDGE_LOOP('',(#2361,#2369,#2370,#2378));
#2361 = ORIENTED_EDGE('',*,*,#2362,.T.);
#2362 = EDGE_CURVE('',#2363,#2291,#2365,.T.);
#2363 = VERTEX_POINT('',#2364);
#2364 = CARTESIAN_POINT('',(-8.629377613814,-2.556138102335,
    -6.073239511478E-15));
#2365 = LINE('',#2366,#2367);
#2366 = CARTESIAN_POINT('',(-8.629377613814,-2.556138102335,
    -6.173239511478E-15));
#2367 = VECTOR('',#2368,1.);
#2368 = DIRECTION('',(-0.958819734868,-0.284015344704,
    -6.748043901643E-16));
#2369 = ORIENTED_EDGE('',*,*,#2299,.T.);
#2370 = ORIENTED_EDGE('',*,*,#2371,.T.);
#2371 = EDGE_CURVE('',#2300,#2372,#2374,.T.);
#2372 = VERTEX_POINT('',#2373);
#2373 = CARTESIAN_POINT('',(-8.629377613814,-2.556138102335,3.4));
#2374 = LINE('',#2375,#2376);
#2375 = CARTESIAN_POINT('',(-13.42347628815,-3.976214825855,3.4));
#2376 = VECTOR('',#2377,1.);
#2377 = DIRECTION('',(0.958819734868,0.284015344704,6.748043901643E-16)
  );
#2378 = ORIENTED_EDGE('',*,*,#2379,.T.);
#2379 = EDGE_CURVE('',#2372,#2363,#2380,.T.);
#2380 = LINE('',#2381,#2382);
#2381 = CARTESIAN_POINT('',(-8.629377613814,-2.556138102335,3.4));
#2382 = VECTOR('',#2383,1.);
#2383 = DIRECTION('',(1.E-15,-1.E-15,-1.));
#2384 = PLANE('',#2385);
#2385 = AXIS2_PLACEMENT_3D('',#2386,#2387,#2388);
#2386 = CARTESIAN_POINT('',(-11.02642695098,-3.266176464095,1.7));
#2387 = DIRECTION('',(0.284015344704,-0.958819734868,1.462835079572E-15)
  );
#2388 = DIRECTION('',(-0.958819734868,-0.284015344704,
    -6.748043901643E-16));
#2389 = ADVANCED_FACE('',(#2390),#2509,.T.);
#2390 = FACE_BOUND('',#2391,.F.);
#2391 = EDGE_LOOP('',(#2392,#2403,#2411,#2420,#2428,#2435,#2436,#2443,
    #2444,#2453,#2459,#2460,#2468,#2477,#2485,#2494,#2503));
#2392 = ORIENTED_EDGE('',*,*,#2393,.T.);
#2393 = EDGE_CURVE('',#2394,#2396,#2398,.T.);
#2394 = VERTEX_POINT('',#2395);
#2395 = CARTESIAN_POINT('',(-8.850577777778,-1.633178802062,5.));
#2396 = VERTEX_POINT('',#2397);
#2397 = CARTESIAN_POINT('',(-8.481414594757,-3.010914557381,5.));
#2398 = CIRCLE('',#2399,9.);
#2399 = AXIS2_PLACEMENT_3D('',#2400,#2401,#2402);
#2400 = CARTESIAN_POINT('',(0.,0.,5.));
#2401 = DIRECTION('',(0.,0.,1.));
#2402 = DIRECTION('',(1.,0.,0.));
#2403 = ORIENTED_EDGE('',*,*,#2404,.T.);
#2404 = EDGE_CURVE('',#2396,#2405,#2407,.T.);
#2405 = VERTEX_POINT('',#2406);
#2406 = CARTESIAN_POINT('',(-8.481414594757,-3.010914557381,1.32));
#2407 = LINE('',#2408,#2409);
#2408 = CARTESIAN_POINT('',(-8.481414594757,-3.010914557381,0.));
#2409 = VECTOR('',#2410,1.);
#2410 = DIRECTION('',(-0.,-0.,-1.));
#2411 = ORIENTED_EDGE('',*,*,#2412,.T.);
#2412 = EDGE_CURVE('',#2405,#2413,#2415,.T.);
#2413 = VERTEX_POINT('',#2414);
#2414 = CARTESIAN_POINT('',(-8.48377341983,-3.004261733104,1.32));
#2415 = CIRCLE('',#2416,9.);
#2416 = AXIS2_PLACEMENT_3D('',#2417,#2418,#2419);
#2417 = CARTESIAN_POINT('',(-1.465E-15,1.571147367097E-15,1.32));
#2418 = DIRECTION('',(1.11E-15,-1.190525588833E-15,-1.));
#2419 = DIRECTION('',(-0.866025403784,-0.5,-3.660254037844E-16));
#2420 = ORIENTED_EDGE('',*,*,#2421,.F.);
#2421 = EDGE_CURVE('',#2422,#2413,#2424,.T.);
#2422 = VERTEX_POINT('',#2423);
#2423 = CARTESIAN_POINT('',(-8.48377341983,-3.004261733104,3.4));
#2424 = LINE('',#2425,#2426);
#2425 = CARTESIAN_POINT('',(-8.48377341983,-3.004261733104,3.4));
#2426 = VECTOR('',#2427,1.);
#2427 = DIRECTION('',(1.E-15,-1.E-15,-1.));
#2428 = ORIENTED_EDGE('',*,*,#2429,.T.);
#2429 = EDGE_CURVE('',#2422,#2372,#2430,.T.);
#2430 = CIRCLE('',#2431,9.);
#2431 = AXIS2_PLACEMENT_3D('',#2432,#2433,#2434);
#2432 = CARTESIAN_POINT('',(-3.640980762114E-15,3.757390923627E-15,3.4)
  );
#2433 = DIRECTION('',(1.085E-15,-1.147224318643E-15,-1.));
#2434 = DIRECTION('',(-0.942641491092,-0.333806859234,
    -6.398146711921E-16));
#2435 = ORIENTED_EDGE('',*,*,#2379,.T.);
#2436 = ORIENTED_EDGE('',*,*,#2437,.F.);
#2437 = EDGE_CURVE('',#2332,#2363,#2438,.T.);
#2438 = CIRCLE('',#2439,9.);
#2439 = AXIS2_PLACEMENT_3D('',#2440,#2441,#2442);
#2440 = CARTESIAN_POINT('',(0.,0.,0.));
#2441 = DIRECTION('',(0.,0.,1.));
#2442 = DIRECTION('',(1.,0.,0.));
#2443 = ORIENTED_EDGE('',*,*,#2348,.F.);
#2444 = ORIENTED_EDGE('',*,*,#2445,.F.);
#2445 = EDGE_CURVE('',#2446,#2341,#2448,.T.);
#2446 = VERTEX_POINT('',#2447);
#2447 = CARTESIAN_POINT('',(-8.48377341983,3.004261733104,3.4));
#2448 = CIRCLE('',#2449,9.);
#2449 = AXIS2_PLACEMENT_3D('',#2450,#2451,#2452);
#2450 = CARTESIAN_POINT('',(-1.185980762114E-15,3.894793808954E-15,3.4)
  );
#2451 = DIRECTION('',(-3.6E-16,1.108512516844E-15,1.));
#2452 = DIRECTION('',(-0.942641491092,0.333806859234,-7.093800184622E-16
    ));
#2453 = ORIENTED_EDGE('',*,*,#2454,.T.);
#2454 = EDGE_CURVE('',#2446,#195,#2455,.T.);
#2455 = LINE('',#2456,#2457);
#2456 = CARTESIAN_POINT('',(-8.48377341983,3.004261733104,3.4));
#2457 = VECTOR('',#2458,1.);
#2458 = DIRECTION('',(5.E-16,-8.660254037844E-16,-1.));
#2459 = ORIENTED_EDGE('',*,*,#202,.F.);
#2460 = ORIENTED_EDGE('',*,*,#2461,.F.);
#2461 = EDGE_CURVE('',#2462,#203,#2464,.T.);
#2462 = VERTEX_POINT('',#2463);
#2463 = CARTESIAN_POINT('',(-8.481414594757,3.010914557381,5.));
#2464 = LINE('',#2465,#2466);
#2465 = CARTESIAN_POINT('',(-8.481414594757,3.010914557381,0.));
#2466 = VECTOR('',#2467,1.);
#2467 = DIRECTION('',(-0.,-0.,-1.));
#2468 = ORIENTED_EDGE('',*,*,#2469,.T.);
#2469 = EDGE_CURVE('',#2462,#2470,#2472,.T.);
#2470 = VERTEX_POINT('',#2471);
#2471 = CARTESIAN_POINT('',(-8.850577777778,1.633178802062,5.));
#2472 = CIRCLE('',#2473,9.);
#2473 = AXIS2_PLACEMENT_3D('',#2474,#2475,#2476);
#2474 = CARTESIAN_POINT('',(0.,0.,5.));
#2475 = DIRECTION('',(0.,0.,1.));
#2476 = DIRECTION('',(1.,0.,0.));
#2477 = ORIENTED_EDGE('',*,*,#2478,.T.);
#2478 = EDGE_CURVE('',#2470,#2479,#2481,.T.);
#2479 = VERTEX_POINT('',#2480);
#2480 = CARTESIAN_POINT('',(-8.850577777778,1.633178802062,1.32));
#2481 = LINE('',#2482,#2483);
#2482 = CARTESIAN_POINT('',(-8.850577777778,1.633178802062,0.));
#2483 = VECTOR('',#2484,1.);
#2484 = DIRECTION('',(-0.,-0.,-1.));
#2485 = ORIENTED_EDGE('',*,*,#2486,.F.);
#2486 = EDGE_CURVE('',#2487,#2479,#2489,.T.);
#2487 = VERTEX_POINT('',#2488);
#2488 = CARTESIAN_POINT('',(-9.,2.E-15,1.32));
#2489 = CIRCLE('',#2490,9.);
#2490 = AXIS2_PLACEMENT_3D('',#2491,#2492,#2493);
#2491 = CARTESIAN_POINT('',(0.,0.,1.32));
#2492 = DIRECTION('',(0.,0.,-1.));
#2493 = DIRECTION('',(1.,0.,0.));
#2494 = ORIENTED_EDGE('',*,*,#2495,.F.);
#2495 = EDGE_CURVE('',#2496,#2487,#2498,.T.);
#2496 = VERTEX_POINT('',#2497);
#2497 = CARTESIAN_POINT('',(-8.850577777778,-1.633178802062,1.32));
#2498 = CIRCLE('',#2499,9.);
#2499 = AXIS2_PLACEMENT_3D('',#2500,#2501,#2502);
#2500 = CARTESIAN_POINT('',(0.,0.,1.32));
#2501 = DIRECTION('',(0.,0.,-1.));
#2502 = DIRECTION('',(1.,0.,0.));
#2503 = ORIENTED_EDGE('',*,*,#2504,.F.);
#2504 = EDGE_CURVE('',#2394,#2496,#2505,.T.);
#2505 = LINE('',#2506,#2507);
#2506 = CARTESIAN_POINT('',(-8.850577777778,-1.633178802062,0.));
#2507 = VECTOR('',#2508,1.);
#2508 = DIRECTION('',(-0.,-0.,-1.));
#2509 = CYLINDRICAL_SURFACE('',#2510,9.);
#2510 = AXIS2_PLACEMENT_3D('',#2511,#2512,#2513);
#2511 = CARTESIAN_POINT('',(0.,0.,0.));
#2512 = DIRECTION('',(-0.,-0.,-1.));
#2513 = DIRECTION('',(1.,0.,0.));
#2514 = ADVANCED_FACE('',(#2515),#2612,.F.);
#2515 = FACE_BOUND('',#2516,.F.);
#2516 = EDGE_LOOP('',(#2517,#2526,#2534,#2543,#2551,#2560,#2568,#2577,
    #2586,#2594,#2603,#2609,#2610,#2611));
#2517 = ORIENTED_EDGE('',*,*,#2518,.T.);
#2518 = EDGE_CURVE('',#481,#2519,#2521,.T.);
#2519 = VERTEX_POINT('',#2520);
#2520 = CARTESIAN_POINT('',(7.066014574846,2.543921781042,5.));
#2521 = CIRCLE('',#2522,7.51);
#2522 = AXIS2_PLACEMENT_3D('',#2523,#2524,#2525);
#2523 = CARTESIAN_POINT('',(0.,0.,5.));
#2524 = DIRECTION('',(0.,0.,-1.));
#2525 = DIRECTION('',(1.,0.,0.));
#2526 = ORIENTED_EDGE('',*,*,#2527,.T.);
#2527 = EDGE_CURVE('',#2519,#2528,#2530,.T.);
#2528 = VERTEX_POINT('',#2529);
#2529 = CARTESIAN_POINT('',(7.066014574846,2.543921781042,
    5.648641068317E-16));
#2530 = LINE('',#2531,#2532);
#2531 = CARTESIAN_POINT('',(7.066014574846,2.543921781042,5.));
#2532 = VECTOR('',#2533,1.);
#2533 = DIRECTION('',(0.,2.22044604925E-16,-1.));
#2534 = ORIENTED_EDGE('',*,*,#2535,.F.);
#2535 = EDGE_CURVE('',#2536,#2528,#2538,.T.);
#2536 = VERTEX_POINT('',#2537);
#2537 = CARTESIAN_POINT('',(2.543921781042,7.066014574846,
    -5.27177535083E-15));
#2538 = CIRCLE('',#2539,7.51);
#2539 = AXIS2_PLACEMENT_3D('',#2540,#2541,#2542);
#2540 = CARTESIAN_POINT('',(0.,0.,0.));
#2541 = DIRECTION('',(0.,0.,-1.));
#2542 = DIRECTION('',(1.,0.,0.));
#2543 = ORIENTED_EDGE('',*,*,#2544,.F.);
#2544 = EDGE_CURVE('',#2545,#2536,#2547,.T.);
#2545 = VERTEX_POINT('',#2546);
#2546 = CARTESIAN_POINT('',(2.543921781042,7.066014574846,5.));
#2547 = LINE('',#2548,#2549);
#2548 = CARTESIAN_POINT('',(2.543921781042,7.066014574846,5.));
#2549 = VECTOR('',#2550,1.);
#2550 = DIRECTION('',(-2.22044604925E-16,-6.661338147751E-16,-1.));
#2551 = ORIENTED_EDGE('',*,*,#2552,.T.);
#2552 = EDGE_CURVE('',#2545,#2553,#2555,.T.);
#2553 = VERTEX_POINT('',#2554);
#2554 = CARTESIAN_POINT('',(3.200369471934,6.793948428058,5.));
#2555 = CIRCLE('',#2556,7.51);
#2556 = AXIS2_PLACEMENT_3D('',#2557,#2558,#2559);
#2557 = CARTESIAN_POINT('',(0.,0.,5.));
#2558 = DIRECTION('',(0.,0.,-1.));
#2559 = DIRECTION('',(1.,0.,0.));
#2560 = ORIENTED_EDGE('',*,*,#2561,.T.);
#2561 = EDGE_CURVE('',#2553,#2562,#2564,.T.);
#2562 = VERTEX_POINT('',#2563);
#2563 = CARTESIAN_POINT('',(3.200369471934,6.793948428058,1.32));
#2564 = LINE('',#2565,#2566);
#2565 = CARTESIAN_POINT('',(3.200369471934,6.793948428058,5.));
#2566 = VECTOR('',#2567,1.);
#2567 = DIRECTION('',(-3.810511776652E-16,2.2E-16,-1.));
#2568 = ORIENTED_EDGE('',*,*,#2569,.T.);
#2569 = EDGE_CURVE('',#2562,#2570,#2572,.T.);
#2570 = VERTEX_POINT('',#2571);
#2571 = CARTESIAN_POINT('',(3.755,6.503850782421,1.32));
#2572 = CIRCLE('',#2573,7.51);
#2573 = AXIS2_PLACEMENT_3D('',#2574,#2575,#2576);
#2574 = CARTESIAN_POINT('',(0.,0.,1.32));
#2575 = DIRECTION('',(0.,0.,-1.));
#2576 = DIRECTION('',(1.,0.,0.));
#2577 = ORIENTED_EDGE('',*,*,#2578,.T.);
#2578 = EDGE_CURVE('',#2570,#2579,#2581,.T.);
#2579 = VERTEX_POINT('',#2580);
#2580 = CARTESIAN_POINT('',(4.283547194733,6.16857547822,1.32));
#2581 = CIRCLE('',#2582,7.51);
#2582 = AXIS2_PLACEMENT_3D('',#2583,#2584,#2585);
#2583 = CARTESIAN_POINT('',(0.,0.,1.32));
#2584 = DIRECTION('',(0.,0.,-1.));
#2585 = DIRECTION('',(1.,0.,0.));
#2586 = ORIENTED_EDGE('',*,*,#2587,.F.);
#2587 = EDGE_CURVE('',#2588,#2579,#2590,.T.);
#2588 = VERTEX_POINT('',#2589);
#2589 = CARTESIAN_POINT('',(4.283547194733,6.16857547822,5.));
#2590 = LINE('',#2591,#2592);
#2591 = CARTESIAN_POINT('',(4.283547194733,6.16857547822,5.));
#2592 = VECTOR('',#2593,1.);
#2593 = DIRECTION('',(0.,0.,-1.));
#2594 = ORIENTED_EDGE('',*,*,#2595,.T.);
#2595 = EDGE_CURVE('',#2588,#2596,#2598,.T.);
#2596 = VERTEX_POINT('',#2597);
#2597 = CARTESIAN_POINT('',(6.16857547822,4.283547194733,5.));
#2598 = CIRCLE('',#2599,7.51);
#2599 = AXIS2_PLACEMENT_3D('',#2600,#2601,#2602);
#2600 = CARTESIAN_POINT('',(0.,0.,5.));
#2601 = DIRECTION('',(0.,0.,-1.));
#2602 = DIRECTION('',(1.,0.,0.));
#2603 = ORIENTED_EDGE('',*,*,#2604,.T.);
#2604 = EDGE_CURVE('',#2596,#436,#2605,.T.);
#2605 = LINE('',#2606,#2607);
#2606 = CARTESIAN_POINT('',(6.16857547822,4.283547194733,5.));
#2607 = VECTOR('',#2608,1.);
#2608 = DIRECTION('',(-2.2E-16,3.810511776652E-16,-1.));
#2609 = ORIENTED_EDGE('',*,*,#444,.T.);
#2610 = ORIENTED_EDGE('',*,*,#453,.T.);
#2611 = ORIENTED_EDGE('',*,*,#489,.F.);
#2612 = CYLINDRICAL_SURFACE('',#2613,7.51);
#2613 = AXIS2_PLACEMENT_3D('',#2614,#2615,#2616);
#2614 = CARTESIAN_POINT('',(0.,0.,0.));
#2615 = DIRECTION('',(0.,0.,-1.));
#2616 = DIRECTION('',(1.,0.,0.));
#2617 = ADVANCED_FACE('',(#2618),#2629,.T.);
#2618 = FACE_BOUND('',#2619,.F.);
#2619 = EDGE_LOOP('',(#2620,#2621,#2622,#2623));
#2620 = ORIENTED_EDGE('',*,*,#897,.F.);
#2621 = ORIENTED_EDGE('',*,*,#418,.F.);
#2622 = ORIENTED_EDGE('',*,*,#1134,.F.);
#2623 = ORIENTED_EDGE('',*,*,#2624,.F.);
#2624 = EDGE_CURVE('',#889,#1126,#2625,.T.);
#2625 = LINE('',#2626,#2627);
#2626 = CARTESIAN_POINT('',(10.6456835184,9.092272676623,3.4));
#2627 = VECTOR('',#2628,1.);
#2628 = DIRECTION('',(-0.7604059656,-0.64944804833,0.));
#2629 = PLANE('',#2630);
#2630 = AXIS2_PLACEMENT_3D('',#2631,#2632,#2633);
#2631 = CARTESIAN_POINT('',(8.7446686044,7.468652555797,1.7));
#2632 = DIRECTION('',(0.64944804833,-0.7604059656,-2.1E-16));
#2633 = DIRECTION('',(-0.7604059656,-0.64944804833,-8.E-17));
#2634 = ADVANCED_FACE('',(#2635),#2647,.F.);
#2635 = FACE_BOUND('',#2636,.T.);
#2636 = EDGE_LOOP('',(#2637,#2638,#2645,#2646));
#2637 = ORIENTED_EDGE('',*,*,#1015,.F.);
#2638 = ORIENTED_EDGE('',*,*,#2639,.T.);
#2639 = EDGE_CURVE('',#1016,#2596,#2640,.T.);
#2640 = CIRCLE('',#2641,1.64);
#2641 = AXIS2_PLACEMENT_3D('',#2642,#2643,#2644);
#2642 = CARTESIAN_POINT('',(7.79422863406,4.5,5.));
#2643 = DIRECTION('',(2.2E-16,-3.810511776652E-16,1.));
#2644 = DIRECTION('',(0.866025403784,0.5,2.992E-31));
#2645 = ORIENTED_EDGE('',*,*,#2604,.T.);
#2646 = ORIENTED_EDGE('',*,*,#435,.F.);
#2647 = CYLINDRICAL_SURFACE('',#2648,1.64);
#2648 = AXIS2_PLACEMENT_3D('',#2649,#2650,#2651);
#2649 = CARTESIAN_POINT('',(7.79422863406,4.5,5.));
#2650 = DIRECTION('',(-2.2E-16,3.810511776652E-16,-1.));
#2651 = DIRECTION('',(0.866025403784,0.5,2.992E-31));
#2652 = ADVANCED_FACE('',(#2653),#2672,.F.);
#2653 = FACE_BOUND('',#2654,.F.);
#2654 = EDGE_LOOP('',(#2655,#2656,#2665,#2671));
#2655 = ORIENTED_EDGE('',*,*,#642,.F.);
#2656 = ORIENTED_EDGE('',*,*,#2657,.T.);
#2657 = EDGE_CURVE('',#634,#2658,#2660,.T.);
#2658 = VERTEX_POINT('',#2659);
#2659 = CARTESIAN_POINT('',(7.483916666667,-0.625372949838,5.));
#2660 = CIRCLE('',#2661,1.64);
#2661 = AXIS2_PLACEMENT_3D('',#2662,#2663,#2664);
#2662 = CARTESIAN_POINT('',(9.,0.,5.));
#2663 = DIRECTION('',(0.,-0.,-1.));
#2664 = DIRECTION('',(1.,-6.8E-16,0.));
#2665 = ORIENTED_EDGE('',*,*,#2666,.T.);
#2666 = EDGE_CURVE('',#2658,#540,#2667,.T.);
#2667 = LINE('',#2668,#2669);
#2668 = CARTESIAN_POINT('',(7.483916666667,-0.625372949838,5.));
#2669 = VECTOR('',#2670,1.);
#2670 = DIRECTION('',(-0.,-0.,-1.));
#2671 = ORIENTED_EDGE('',*,*,#548,.F.);
#2672 = CYLINDRICAL_SURFACE('',#2673,1.64);
#2673 = AXIS2_PLACEMENT_3D('',#2674,#2675,#2676);
#2674 = CARTESIAN_POINT('',(9.,0.,5.));
#2675 = DIRECTION('',(-0.,-0.,-1.));
#2676 = DIRECTION('',(1.,-6.8E-16,0.));
#2677 = ADVANCED_FACE('',(#2678),#2705,.F.);
#2678 = FACE_BOUND('',#2679,.T.);
#2679 = EDGE_LOOP('',(#2680,#2681,#2690,#2698));
#2680 = ORIENTED_EDGE('',*,*,#625,.F.);
#2681 = ORIENTED_EDGE('',*,*,#2682,.T.);
#2682 = EDGE_CURVE('',#626,#2683,#2685,.T.);
#2683 = VERTEX_POINT('',#2684);
#2684 = CARTESIAN_POINT('',(6.793948428058,-3.200369471934,5.));
#2685 = CIRCLE('',#2686,1.64);
#2686 = AXIS2_PLACEMENT_3D('',#2687,#2688,#2689);
#2687 = CARTESIAN_POINT('',(7.79422863406,-4.5,5.));
#2688 = DIRECTION('',(-2.2E-16,-3.810511776652E-16,1.));
#2689 = DIRECTION('',(0.866025403784,-0.5,2.992E-31));
#2690 = ORIENTED_EDGE('',*,*,#2691,.T.);
#2691 = EDGE_CURVE('',#2683,#2692,#2694,.T.);
#2692 = VERTEX_POINT('',#2693);
#2693 = CARTESIAN_POINT('',(6.793948428058,-3.200369471934,1.32));
#2694 = LINE('',#2695,#2696);
#2695 = CARTESIAN_POINT('',(6.793948428058,-3.200369471934,5.));
#2696 = VECTOR('',#2697,1.);
#2697 = DIRECTION('',(2.2E-16,3.810511776652E-16,-1.));
#2698 = ORIENTED_EDGE('',*,*,#2699,.F.);
#2699 = EDGE_CURVE('',#617,#2692,#2700,.T.);
#2700 = CIRCLE('',#2701,1.64);
#2701 = AXIS2_PLACEMENT_3D('',#2702,#2703,#2704);
#2702 = CARTESIAN_POINT('',(7.79422863406,-4.5,1.32));
#2703 = DIRECTION('',(-2.2E-16,-3.810511776652E-16,1.));
#2704 = DIRECTION('',(0.866025403784,-0.5,7.92E-32));
#2705 = CYLINDRICAL_SURFACE('',#2706,1.64);
#2706 = AXIS2_PLACEMENT_3D('',#2707,#2708,#2709);
#2707 = CARTESIAN_POINT('',(7.79422863406,-4.5,5.));
#2708 = DIRECTION('',(2.2E-16,3.810511776652E-16,-1.));
#2709 = DIRECTION('',(0.866025403784,-0.5,2.992E-31));
#2710 = ADVANCED_FACE('',(#2711),#2953,.F.);
#2711 = FACE_BOUND('',#2712,.F.);
#2712 = EDGE_LOOP('',(#2713,#2723,#2732,#2740,#2747,#2748,#2757,#2766,
    #2774,#2783,#2791,#2800,#2809,#2817,#2826,#2834,#2843,#2852,#2860,
    #2869,#2877,#2886,#2895,#2903,#2912,#2920,#2929,#2938,#2946));
#2713 = ORIENTED_EDGE('',*,*,#2714,.T.);
#2714 = EDGE_CURVE('',#2715,#2717,#2719,.T.);
#2715 = VERTEX_POINT('',#2716);
#2716 = CARTESIAN_POINT('',(-7.066014574846,-2.543921781042,5.));
#2717 = VERTEX_POINT('',#2718);
#2718 = CARTESIAN_POINT('',(-7.066014574846,-2.543921781042,
    -2.447454816672E-15));
#2719 = LINE('',#2720,#2721);
#2720 = CARTESIAN_POINT('',(-7.066014574846,-2.543921781042,5.));
#2721 = VECTOR('',#2722,1.);
#2722 = DIRECTION('',(6.661338147751E-16,-8.881784197001E-16,-1.));
#2723 = ORIENTED_EDGE('',*,*,#2724,.F.);
#2724 = EDGE_CURVE('',#2725,#2717,#2727,.T.);
#2725 = VERTEX_POINT('',#2726);
#2726 = CARTESIAN_POINT('',(7.066014574846,-2.543921781042,
    -5.648641068317E-16));
#2727 = CIRCLE('',#2728,7.51);
#2728 = AXIS2_PLACEMENT_3D('',#2729,#2730,#2731);
#2729 = CARTESIAN_POINT('',(0.,0.,0.));
#2730 = DIRECTION('',(0.,0.,-1.));
#2731 = DIRECTION('',(1.,0.,0.));
#2732 = ORIENTED_EDGE('',*,*,#2733,.F.);
#2733 = EDGE_CURVE('',#2734,#2725,#2736,.T.);
#2734 = VERTEX_POINT('',#2735);
#2735 = CARTESIAN_POINT('',(7.066014574846,-2.543921781042,5.));
#2736 = LINE('',#2737,#2738);
#2737 = CARTESIAN_POINT('',(7.066014574846,-2.543921781042,5.));
#2738 = VECTOR('',#2739,1.);
#2739 = DIRECTION('',(0.,2.22044604925E-16,-1.));
#2740 = ORIENTED_EDGE('',*,*,#2741,.T.);
#2741 = EDGE_CURVE('',#2734,#2683,#2742,.T.);
#2742 = CIRCLE('',#2743,7.51);
#2743 = AXIS2_PLACEMENT_3D('',#2744,#2745,#2746);
#2744 = CARTESIAN_POINT('',(0.,0.,5.));
#2745 = DIRECTION('',(0.,0.,-1.));
#2746 = DIRECTION('',(1.,0.,0.));
#2747 = ORIENTED_EDGE('',*,*,#2691,.T.);
#2748 = ORIENTED_EDGE('',*,*,#2749,.T.);
#2749 = EDGE_CURVE('',#2692,#2750,#2752,.T.);
#2750 = VERTEX_POINT('',#2751);
#2751 = CARTESIAN_POINT('',(6.503850782421,-3.755,1.32));
#2752 = CIRCLE('',#2753,7.51);
#2753 = AXIS2_PLACEMENT_3D('',#2754,#2755,#2756);
#2754 = CARTESIAN_POINT('',(0.,0.,1.32));
#2755 = DIRECTION('',(0.,0.,-1.));
#2756 = DIRECTION('',(1.,0.,0.));
#2757 = ORIENTED_EDGE('',*,*,#2758,.T.);
#2758 = EDGE_CURVE('',#2750,#2759,#2761,.T.);
#2759 = VERTEX_POINT('',#2760);
#2760 = CARTESIAN_POINT('',(6.16857547822,-4.283547194733,1.32));
#2761 = CIRCLE('',#2762,7.51);
#2762 = AXIS2_PLACEMENT_3D('',#2763,#2764,#2765);
#2763 = CARTESIAN_POINT('',(0.,0.,1.32));
#2764 = DIRECTION('',(0.,0.,-1.));
#2765 = DIRECTION('',(1.,0.,0.));
#2766 = ORIENTED_EDGE('',*,*,#2767,.F.);
#2767 = EDGE_CURVE('',#2768,#2759,#2770,.T.);
#2768 = VERTEX_POINT('',#2769);
#2769 = CARTESIAN_POINT('',(6.16857547822,-4.283547194733,5.));
#2770 = LINE('',#2771,#2772);
#2771 = CARTESIAN_POINT('',(6.16857547822,-4.283547194733,5.));
#2772 = VECTOR('',#2773,1.);
#2773 = DIRECTION('',(0.,0.,-1.));
#2774 = ORIENTED_EDGE('',*,*,#2775,.T.);
#2775 = EDGE_CURVE('',#2768,#2776,#2778,.T.);
#2776 = VERTEX_POINT('',#2777);
#2777 = CARTESIAN_POINT('',(4.283547194733,-6.16857547822,5.));
#2778 = CIRCLE('',#2779,7.51);
#2779 = AXIS2_PLACEMENT_3D('',#2780,#2781,#2782);
#2780 = CARTESIAN_POINT('',(0.,0.,5.));
#2781 = DIRECTION('',(0.,0.,-1.));
#2782 = DIRECTION('',(1.,0.,0.));
#2783 = ORIENTED_EDGE('',*,*,#2784,.T.);
#2784 = EDGE_CURVE('',#2776,#2785,#2787,.T.);
#2785 = VERTEX_POINT('',#2786);
#2786 = CARTESIAN_POINT('',(4.283547194733,-6.16857547822,1.32));
#2787 = LINE('',#2788,#2789);
#2788 = CARTESIAN_POINT('',(4.283547194733,-6.16857547822,5.));
#2789 = VECTOR('',#2790,1.);
#2790 = DIRECTION('',(3.810511776652E-16,2.2E-16,-1.));
#2791 = ORIENTED_EDGE('',*,*,#2792,.T.);
#2792 = EDGE_CURVE('',#2785,#2793,#2795,.T.);
#2793 = VERTEX_POINT('',#2794);
#2794 = CARTESIAN_POINT('',(3.755,-6.503850782421,1.32));
#2795 = CIRCLE('',#2796,7.51);
#2796 = AXIS2_PLACEMENT_3D('',#2797,#2798,#2799);
#2797 = CARTESIAN_POINT('',(0.,0.,1.32));
#2798 = DIRECTION('',(0.,0.,-1.));
#2799 = DIRECTION('',(1.,0.,0.));
#2800 = ORIENTED_EDGE('',*,*,#2801,.T.);
#2801 = EDGE_CURVE('',#2793,#2802,#2804,.T.);
#2802 = VERTEX_POINT('',#2803);
#2803 = CARTESIAN_POINT('',(3.200369471934,-6.793948428058,1.32));
#2804 = CIRCLE('',#2805,7.51);
#2805 = AXIS2_PLACEMENT_3D('',#2806,#2807,#2808);
#2806 = CARTESIAN_POINT('',(0.,0.,1.32));
#2807 = DIRECTION('',(0.,0.,-1.));
#2808 = DIRECTION('',(1.,0.,0.));
#2809 = ORIENTED_EDGE('',*,*,#2810,.F.);
#2810 = EDGE_CURVE('',#2811,#2802,#2813,.T.);
#2811 = VERTEX_POINT('',#2812);
#2812 = CARTESIAN_POINT('',(3.200369471934,-6.793948428058,5.));
#2813 = LINE('',#2814,#2815);
#2814 = CARTESIAN_POINT('',(3.200369471934,-6.793948428058,5.));
#2815 = VECTOR('',#2816,1.);
#2816 = DIRECTION('',(0.,0.,-1.));
#2817 = ORIENTED_EDGE('',*,*,#2818,.T.);
#2818 = EDGE_CURVE('',#2811,#2819,#2821,.T.);
#2819 = VERTEX_POINT('',#2820);
#2820 = CARTESIAN_POINT('',(0.625372949838,-7.483916666667,5.));
#2821 = CIRCLE('',#2822,7.51);
#2822 = AXIS2_PLACEMENT_3D('',#2823,#2824,#2825);
#2823 = CARTESIAN_POINT('',(0.,0.,5.));
#2824 = DIRECTION('',(0.,0.,-1.));
#2825 = DIRECTION('',(1.,0.,0.));
#2826 = ORIENTED_EDGE('',*,*,#2827,.T.);
#2827 = EDGE_CURVE('',#2819,#2828,#2830,.T.);
#2828 = VERTEX_POINT('',#2829);
#2829 = CARTESIAN_POINT('',(0.625372949838,-7.483916666667,1.32));
#2830 = LINE('',#2831,#2832);
#2831 = CARTESIAN_POINT('',(0.625372949838,-7.483916666667,5.));
#2832 = VECTOR('',#2833,1.);
#2833 = DIRECTION('',(1.44E-15,0.,-1.));
#2834 = ORIENTED_EDGE('',*,*,#2835,.T.);
#2835 = EDGE_CURVE('',#2828,#2836,#2838,.T.);
#2836 = VERTEX_POINT('',#2837);
#2837 = CARTESIAN_POINT('',(-1.212E-15,-7.51,1.32));
#2838 = CIRCLE('',#2839,7.51);
#2839 = AXIS2_PLACEMENT_3D('',#2840,#2841,#2842);
#2840 = CARTESIAN_POINT('',(0.,0.,1.32));
#2841 = DIRECTION('',(0.,0.,-1.));
#2842 = DIRECTION('',(1.,0.,0.));
#2843 = ORIENTED_EDGE('',*,*,#2844,.T.);
#2844 = EDGE_CURVE('',#2836,#2845,#2847,.T.);
#2845 = VERTEX_POINT('',#2846);
#2846 = CARTESIAN_POINT('',(-0.625372949838,-7.483916666667,1.32));
#2847 = CIRCLE('',#2848,7.51);
#2848 = AXIS2_PLACEMENT_3D('',#2849,#2850,#2851);
#2849 = CARTESIAN_POINT('',(0.,0.,1.32));
#2850 = DIRECTION('',(0.,0.,-1.));
#2851 = DIRECTION('',(1.,0.,0.));
#2852 = ORIENTED_EDGE('',*,*,#2853,.F.);
#2853 = EDGE_CURVE('',#2854,#2845,#2856,.T.);
#2854 = VERTEX_POINT('',#2855);
#2855 = CARTESIAN_POINT('',(-0.625372949838,-7.483916666667,5.));
#2856 = LINE('',#2857,#2858);
#2857 = CARTESIAN_POINT('',(-0.625372949838,-7.483916666667,5.));
#2858 = VECTOR('',#2859,1.);
#2859 = DIRECTION('',(1.E-15,0.,-1.));
#2860 = ORIENTED_EDGE('',*,*,#2861,.T.);
#2861 = EDGE_CURVE('',#2854,#2862,#2864,.T.);
#2862 = VERTEX_POINT('',#2863);
#2863 = CARTESIAN_POINT('',(-3.200369471934,-6.793948428058,5.));
#2864 = CIRCLE('',#2865,7.51);
#2865 = AXIS2_PLACEMENT_3D('',#2866,#2867,#2868);
#2866 = CARTESIAN_POINT('',(0.,0.,5.));
#2867 = DIRECTION('',(0.,0.,-1.));
#2868 = DIRECTION('',(1.,0.,0.));
#2869 = ORIENTED_EDGE('',*,*,#2870,.T.);
#2870 = EDGE_CURVE('',#2862,#2871,#2873,.T.);
#2871 = VERTEX_POINT('',#2872);
#2872 = CARTESIAN_POINT('',(-3.200369471934,-6.793948428058,1.32));
#2873 = LINE('',#2874,#2875);
#2874 = CARTESIAN_POINT('',(-3.200369471934,-6.793948428058,5.));
#2875 = VECTOR('',#2876,1.);
#2876 = DIRECTION('',(1.24707658145E-15,-7.2E-16,-1.));
#2877 = ORIENTED_EDGE('',*,*,#2878,.T.);
#2878 = EDGE_CURVE('',#2871,#2879,#2881,.T.);
#2879 = VERTEX_POINT('',#2880);
#2880 = CARTESIAN_POINT('',(-3.755,-6.503850782421,1.32));
#2881 = CIRCLE('',#2882,7.51);
#2882 = AXIS2_PLACEMENT_3D('',#2883,#2884,#2885);
#2883 = CARTESIAN_POINT('',(0.,0.,1.32));
#2884 = DIRECTION('',(0.,0.,-1.));
#2885 = DIRECTION('',(1.,0.,0.));
#2886 = ORIENTED_EDGE('',*,*,#2887,.T.);
#2887 = EDGE_CURVE('',#2879,#2888,#2890,.T.);
#2888 = VERTEX_POINT('',#2889);
#2889 = CARTESIAN_POINT('',(-4.283547194733,-6.16857547822,1.32));
#2890 = CIRCLE('',#2891,7.51);
#2891 = AXIS2_PLACEMENT_3D('',#2892,#2893,#2894);
#2892 = CARTESIAN_POINT('',(0.,0.,1.32));
#2893 = DIRECTION('',(0.,0.,-1.));
#2894 = DIRECTION('',(1.,0.,0.));
#2895 = ORIENTED_EDGE('',*,*,#2896,.F.);
#2896 = EDGE_CURVE('',#2897,#2888,#2899,.T.);
#2897 = VERTEX_POINT('',#2898);
#2898 = CARTESIAN_POINT('',(-4.283547194733,-6.16857547822,5.));
#2899 = LINE('',#2900,#2901);
#2900 = CARTESIAN_POINT('',(-4.283547194733,-6.16857547822,5.));
#2901 = VECTOR('',#2902,1.);
#2902 = DIRECTION('',(8.660254037844E-16,-5.E-16,-1.));
#2903 = ORIENTED_EDGE('',*,*,#2904,.T.);
#2904 = EDGE_CURVE('',#2897,#2905,#2907,.T.);
#2905 = VERTEX_POINT('',#2906);
#2906 = CARTESIAN_POINT('',(-6.16857547822,-4.283547194733,5.));
#2907 = CIRCLE('',#2908,7.51);
#2908 = AXIS2_PLACEMENT_3D('',#2909,#2910,#2911);
#2909 = CARTESIAN_POINT('',(0.,0.,5.));
#2910 = DIRECTION('',(0.,0.,-1.));
#2911 = DIRECTION('',(1.,0.,0.));
#2912 = ORIENTED_EDGE('',*,*,#2913,.T.);
#2913 = EDGE_CURVE('',#2905,#2914,#2916,.T.);
#2914 = VERTEX_POINT('',#2915);
#2915 = CARTESIAN_POINT('',(-6.16857547822,-4.283547194733,1.32));
#2916 = LINE('',#2917,#2918);
#2917 = CARTESIAN_POINT('',(-6.16857547822,-4.283547194733,5.));
#2918 = VECTOR('',#2919,1.);
#2919 = DIRECTION('',(7.2E-16,-1.24707658145E-15,-1.));
#2920 = ORIENTED_EDGE('',*,*,#2921,.T.);
#2921 = EDGE_CURVE('',#2914,#2922,#2924,.T.);
#2922 = VERTEX_POINT('',#2923);
#2923 = CARTESIAN_POINT('',(-6.503850782421,-3.755,1.32));
#2924 = CIRCLE('',#2925,7.51);
#2925 = AXIS2_PLACEMENT_3D('',#2926,#2927,#2928);
#2926 = CARTESIAN_POINT('',(0.,0.,1.32));
#2927 = DIRECTION('',(0.,0.,-1.));
#2928 = DIRECTION('',(1.,0.,0.));
#2929 = ORIENTED_EDGE('',*,*,#2930,.T.);
#2930 = EDGE_CURVE('',#2922,#2931,#2933,.T.);
#2931 = VERTEX_POINT('',#2932);
#2932 = CARTESIAN_POINT('',(-6.793948428058,-3.200369471934,1.32));
#2933 = CIRCLE('',#2934,7.51);
#2934 = AXIS2_PLACEMENT_3D('',#2935,#2936,#2937);
#2935 = CARTESIAN_POINT('',(0.,0.,1.32));
#2936 = DIRECTION('',(0.,0.,-1.));
#2937 = DIRECTION('',(1.,0.,0.));
#2938 = ORIENTED_EDGE('',*,*,#2939,.F.);
#2939 = EDGE_CURVE('',#2940,#2931,#2942,.T.);
#2940 = VERTEX_POINT('',#2941);
#2941 = CARTESIAN_POINT('',(-6.793948428058,-3.200369471934,5.));
#2942 = LINE('',#2943,#2944);
#2943 = CARTESIAN_POINT('',(-6.793948428058,-3.200369471934,5.));
#2944 = VECTOR('',#2945,1.);
#2945 = DIRECTION('',(5.E-16,-8.660254037844E-16,-1.));
#2946 = ORIENTED_EDGE('',*,*,#2947,.T.);
#2947 = EDGE_CURVE('',#2940,#2715,#2948,.T.);
#2948 = CIRCLE('',#2949,7.51);
#2949 = AXIS2_PLACEMENT_3D('',#2950,#2951,#2952);
#2950 = CARTESIAN_POINT('',(0.,0.,5.));
#2951 = DIRECTION('',(0.,0.,-1.));
#2952 = DIRECTION('',(1.,0.,0.));
#2953 = CYLINDRICAL_SURFACE('',#2954,7.51);
#2954 = AXIS2_PLACEMENT_3D('',#2955,#2956,#2957);
#2955 = CARTESIAN_POINT('',(0.,0.,0.));
#2956 = DIRECTION('',(0.,0.,-1.));
#2957 = DIRECTION('',(1.,0.,0.));
#2958 = ADVANCED_FACE('',(#2959),#2987,.T.);
#2959 = FACE_BOUND('',#2960,.T.);
#2960 = EDGE_LOOP('',(#2961,#2962,#2968,#2969,#2970,#2971,#2972,#2979,
    #2980,#2986));
#2961 = ORIENTED_EDGE('',*,*,#780,.T.);
#2962 = ORIENTED_EDGE('',*,*,#2963,.F.);
#2963 = EDGE_CURVE('',#609,#734,#2964,.T.);
#2964 = LINE('',#2965,#2966);
#2965 = CARTESIAN_POINT('',(8.48377341983,-3.004261733104,1.32));
#2966 = VECTOR('',#2967,1.);
#2967 = DIRECTION('',(0.942641491092,-0.333806859234,0.));
#2968 = ORIENTED_EDGE('',*,*,#616,.F.);
#2969 = ORIENTED_EDGE('',*,*,#2699,.T.);
#2970 = ORIENTED_EDGE('',*,*,#2749,.T.);
#2971 = ORIENTED_EDGE('',*,*,#2758,.T.);
#2972 = ORIENTED_EDGE('',*,*,#2973,.F.);
#2973 = EDGE_CURVE('',#1161,#2759,#2974,.T.);
#2974 = CIRCLE('',#2975,1.64);
#2975 = AXIS2_PLACEMENT_3D('',#2976,#2977,#2978);
#2976 = CARTESIAN_POINT('',(7.79422863406,-4.5,1.32));
#2977 = DIRECTION('',(0.,-0.,-1.));
#2978 = DIRECTION('',(0.866025403784,-0.5,0.));
#2979 = ORIENTED_EDGE('',*,*,#1168,.T.);
#2980 = ORIENTED_EDGE('',*,*,#2981,.T.);
#2981 = EDGE_CURVE('',#1169,#839,#2982,.T.);
#2982 = LINE('',#2983,#2984);
#2983 = CARTESIAN_POINT('',(6.8436536904,-5.845032434972,1.32));
#2984 = VECTOR('',#2985,1.);
#2985 = DIRECTION('',(0.7604059656,-0.64944804833,0.));
#2986 = ORIENTED_EDGE('',*,*,#838,.F.);
#2987 = PLANE('',#2988);
#2988 = AXIS2_PLACEMENT_3D('',#2989,#2990,#2991);
#2989 = CARTESIAN_POINT('',(9.668622639001,-5.58218188332,1.32));
#2990 = DIRECTION('',(0.,0.,1.));
#2991 = DIRECTION('',(1.,0.,0.));
#2992 = ADVANCED_FACE('',(#2993),#3004,.T.);
#2993 = FACE_BOUND('',#2994,.F.);
#2994 = EDGE_LOOP('',(#2995,#2996,#2997,#2998));
#2995 = ORIENTED_EDGE('',*,*,#733,.F.);
#2996 = ORIENTED_EDGE('',*,*,#2963,.F.);
#2997 = ORIENTED_EDGE('',*,*,#608,.F.);
#2998 = ORIENTED_EDGE('',*,*,#2999,.F.);
#2999 = EDGE_CURVE('',#725,#600,#3000,.T.);
#3000 = LINE('',#3001,#3002);
#3001 = CARTESIAN_POINT('',(13.196980875291,-4.673296029273,3.4));
#3002 = VECTOR('',#3003,1.);
#3003 = DIRECTION('',(-0.942641491092,0.333806859234,0.));
#3004 = PLANE('',#3005);
#3005 = AXIS2_PLACEMENT_3D('',#3006,#3007,#3008);
#3006 = CARTESIAN_POINT('',(10.84037714756,-3.838778881188,1.7));
#3007 = DIRECTION('',(-0.333806859234,-0.942641491092,-2.1E-16));
#3008 = DIRECTION('',(-0.942641491092,0.333806859234,-8.E-17));
#3009 = ADVANCED_FACE('',(#3010),#3016,.F.);
#3010 = FACE_BOUND('',#3011,.T.);
#3011 = EDGE_LOOP('',(#3012,#3013,#3014,#3015));
#3012 = ORIENTED_EDGE('',*,*,#724,.T.);
#3013 = ORIENTED_EDGE('',*,*,#673,.T.);
#3014 = ORIENTED_EDGE('',*,*,#599,.F.);
#3015 = ORIENTED_EDGE('',*,*,#2999,.F.);
#3016 = PLANE('',#3017);
#3017 = AXIS2_PLACEMENT_3D('',#3018,#3019,#3020);
#3018 = CARTESIAN_POINT('',(-5.140192378865E-16,-9.503074360872E-16,3.4)
  );
#3019 = DIRECTION('',(1.4E-16,2.424871130596E-16,-1.));
#3020 = DIRECTION('',(-0.942641491092,0.333806859234,-5.10259471378E-17)
  );
#3021 = ADVANCED_FACE('',(#3022),#3028,.F.);
#3022 = FACE_BOUND('',#3023,.T.);
#3023 = EDGE_LOOP('',(#3024,#3025,#3026,#3027));
#3024 = ORIENTED_EDGE('',*,*,#888,.T.);
#3025 = ORIENTED_EDGE('',*,*,#962,.T.);
#3026 = ORIENTED_EDGE('',*,*,#1125,.F.);
#3027 = ORIENTED_EDGE('',*,*,#2624,.F.);
#3028 = PLANE('',#3029);
#3029 = AXIS2_PLACEMENT_3D('',#3030,#3031,#3032);
#3030 = CARTESIAN_POINT('',(5.659807621135E-16,-9.203074360872E-16,3.4)
  );
#3031 = DIRECTION('',(-1.4E-16,2.424871130596E-16,-1.));
#3032 = DIRECTION('',(-0.7604059656,-0.64944804833,-5.10259471378E-17));
#3033 = ADVANCED_FACE('',(#3034),#3045,.F.);
#3034 = FACE_BOUND('',#3035,.F.);
#3035 = EDGE_LOOP('',(#3036,#3037,#3038,#3039));
#3036 = ORIENTED_EDGE('',*,*,#929,.T.);
#3037 = ORIENTED_EDGE('',*,*,#993,.T.);
#3038 = ORIENTED_EDGE('',*,*,#1185,.F.);
#3039 = ORIENTED_EDGE('',*,*,#3040,.F.);
#3040 = EDGE_CURVE('',#930,#1178,#3041,.T.);
#3041 = LINE('',#3042,#3043);
#3042 = CARTESIAN_POINT('',(10.6456835184,-9.092272676623,3.4));
#3043 = VECTOR('',#3044,1.);
#3044 = DIRECTION('',(-0.7604059656,0.64944804833,0.));
#3045 = PLANE('',#3046);
#3046 = AXIS2_PLACEMENT_3D('',#3047,#3048,#3049);
#3047 = CARTESIAN_POINT('',(-1.890192378865E-16,-3.873909236273E-16,3.4)
  );
#3048 = DIRECTION('',(8.5E-17,1.472243186434E-16,-1.));
#3049 = DIRECTION('',(0.7604059656,-0.64944804833,-3.098003933367E-17));
#3050 = ADVANCED_FACE('',(#3051),#3057,.T.);
#3051 = FACE_BOUND('',#3052,.T.);
#3052 = EDGE_LOOP('',(#3053,#3054,#3055,#3056));
#3053 = ORIENTED_EDGE('',*,*,#938,.F.);
#3054 = ORIENTED_EDGE('',*,*,#2981,.F.);
#3055 = ORIENTED_EDGE('',*,*,#1177,.F.);
#3056 = ORIENTED_EDGE('',*,*,#3040,.F.);
#3057 = PLANE('',#3058);
#3058 = AXIS2_PLACEMENT_3D('',#3059,#3060,#3061);
#3059 = CARTESIAN_POINT('',(8.7446686044,-7.468652555797,1.7));
#3060 = DIRECTION('',(0.64944804833,0.7604059656,2.2E-16));
#3061 = DIRECTION('',(0.7604059656,-0.64944804833,0.));
#3062 = ADVANCED_FACE('',(#3063),#3074,.F.);
#3063 = FACE_BOUND('',#3064,.F.);
#3064 = EDGE_LOOP('',(#3065,#3066,#3067,#3068));
#3065 = ORIENTED_EDGE('',*,*,#1365,.T.);
#3066 = ORIENTED_EDGE('',*,*,#1309,.T.);
#3067 = ORIENTED_EDGE('',*,*,#1100,.F.);
#3068 = ORIENTED_EDGE('',*,*,#3069,.F.);
#3069 = EDGE_CURVE('',#1366,#1093,#3070,.T.);
#3070 = LINE('',#3071,#3072);
#3071 = CARTESIAN_POINT('',(2.55129735689,13.765568705895,3.4));
#3072 = VECTOR('',#3073,1.);
#3073 = DIRECTION('',(-0.182235525492,-0.983254907564,0.));
#3074 = PLANE('',#3075);
#3075 = AXIS2_PLACEMENT_3D('',#3076,#3077,#3078);
#3076 = CARTESIAN_POINT('',(4.3E-16,3.E-17,3.4));
#3077 = DIRECTION('',(-1.7E-16,0.,-1.));
#3078 = DIRECTION('',(0.182235525492,0.983254907564,-3.098003933367E-17)
  );
#3079 = ADVANCED_FACE('',(#3080),#3091,.T.);
#3080 = FACE_BOUND('',#3081,.T.);
#3081 = EDGE_LOOP('',(#3082,#3083,#3089,#3090));
#3082 = ORIENTED_EDGE('',*,*,#1374,.F.);
#3083 = ORIENTED_EDGE('',*,*,#3084,.F.);
#3084 = EDGE_CURVE('',#1084,#1375,#3085,.T.);
#3085 = LINE('',#3086,#3087);
#3086 = CARTESIAN_POINT('',(1.640119729429,8.849294168076,1.32));
#3087 = VECTOR('',#3088,1.);
#3088 = DIRECTION('',(0.182235525492,0.983254907564,0.));
#3089 = ORIENTED_EDGE('',*,*,#1092,.F.);
#3090 = ORIENTED_EDGE('',*,*,#3069,.F.);
#3091 = PLANE('',#3092);
#3092 = AXIS2_PLACEMENT_3D('',#3093,#3094,#3095);
#3093 = CARTESIAN_POINT('',(2.09570854316,11.307431436985,1.7));
#3094 = DIRECTION('',(-0.983254907564,0.182235525492,2.2E-16));
#3095 = DIRECTION('',(0.182235525492,0.983254907564,0.));
#3096 = ADVANCED_FACE('',(#3097),#3144,.T.);
#3097 = FACE_BOUND('',#3098,.T.);
#3098 = EDGE_LOOP('',(#3099,#3110,#3117,#3118,#3119,#3120,#3121,#3127,
    #3128,#3137));
#3099 = ORIENTED_EDGE('',*,*,#3100,.T.);
#3100 = EDGE_CURVE('',#3101,#3103,#3105,.T.);
#3101 = VERTEX_POINT('',#3102);
#3102 = CARTESIAN_POINT('',(-1.08E-16,7.51,1.32));
#3103 = VERTEX_POINT('',#3104);
#3104 = CARTESIAN_POINT('',(0.625372949838,7.483916666667,1.32));
#3105 = CIRCLE('',#3106,7.51);
#3106 = AXIS2_PLACEMENT_3D('',#3107,#3108,#3109);
#3107 = CARTESIAN_POINT('',(0.,0.,1.32));
#3108 = DIRECTION('',(0.,0.,-1.));
#3109 = DIRECTION('',(1.,0.,0.));
#3110 = ORIENTED_EDGE('',*,*,#3111,.F.);
#3111 = EDGE_CURVE('',#1076,#3103,#3112,.T.);
#3112 = CIRCLE('',#3113,1.64);
#3113 = AXIS2_PLACEMENT_3D('',#3114,#3115,#3116);
#3114 = CARTESIAN_POINT('',(0.,9.,1.32));
#3115 = DIRECTION('',(0.,-1.E-15,-1.));
#3116 = DIRECTION('',(1.8E-16,1.,-1.E-15));
#3117 = ORIENTED_EDGE('',*,*,#1083,.T.);
#3118 = ORIENTED_EDGE('',*,*,#3084,.T.);
#3119 = ORIENTED_EDGE('',*,*,#1437,.F.);
#3120 = ORIENTED_EDGE('',*,*,#1503,.T.);
#3121 = ORIENTED_EDGE('',*,*,#3122,.F.);
#3122 = EDGE_CURVE('',#1825,#1504,#3123,.T.);
#3123 = LINE('',#3124,#3125);
#3124 = CARTESIAN_POINT('',(-1.640119729429,8.849294168076,1.32));
#3125 = VECTOR('',#3126,1.);
#3126 = DIRECTION('',(-0.182235525492,0.983254907564,0.));
#3127 = ORIENTED_EDGE('',*,*,#1832,.F.);
#3128 = ORIENTED_EDGE('',*,*,#3129,.T.);
#3129 = EDGE_CURVE('',#1716,#3130,#3132,.T.);
#3130 = VERTEX_POINT('',#3131);
#3131 = CARTESIAN_POINT('',(-0.625372949838,7.483916666667,1.32));
#3132 = CIRCLE('',#3133,1.64);
#3133 = AXIS2_PLACEMENT_3D('',#3134,#3135,#3136);
#3134 = CARTESIAN_POINT('',(5.9E-16,9.,1.32));
#3135 = DIRECTION('',(4.4E-16,1.E-15,1.));
#3136 = DIRECTION('',(-1.8E-16,1.,-1.E-15));
#3137 = ORIENTED_EDGE('',*,*,#3138,.T.);
#3138 = EDGE_CURVE('',#3130,#3101,#3139,.T.);
#3139 = CIRCLE('',#3140,7.51);
#3140 = AXIS2_PLACEMENT_3D('',#3141,#3142,#3143);
#3141 = CARTESIAN_POINT('',(0.,0.,1.32));
#3142 = DIRECTION('',(0.,0.,-1.));
#3143 = DIRECTION('',(1.,0.,0.));
#3144 = PLANE('',#3145);
#3145 = AXIS2_PLACEMENT_3D('',#3146,#3147,#3148);
#3146 = CARTESIAN_POINT('',(-3.209688808198E-15,11.16436376664,1.32));
#3147 = DIRECTION('',(0.,-6.169892861585E-16,1.));
#3148 = DIRECTION('',(0.,1.,6.169892861585E-16));
#3149 = ADVANCED_FACE('',(#3150),#3169,.F.);
#3150 = FACE_BOUND('',#3151,.F.);
#3151 = EDGE_LOOP('',(#3152,#3153,#3162,#3168));
#3152 = ORIENTED_EDGE('',*,*,#1075,.F.);
#3153 = ORIENTED_EDGE('',*,*,#3154,.T.);
#3154 = EDGE_CURVE('',#1067,#3155,#3157,.T.);
#3155 = VERTEX_POINT('',#3156);
#3156 = CARTESIAN_POINT('',(0.625372949838,7.483916666667,5.));
#3157 = CIRCLE('',#3158,1.64);
#3158 = AXIS2_PLACEMENT_3D('',#3159,#3160,#3161);
#3159 = CARTESIAN_POINT('',(0.,9.,5.));
#3160 = DIRECTION('',(0.,-1.E-15,-1.));
#3161 = DIRECTION('',(6.8E-16,1.,-1.E-15));
#3162 = ORIENTED_EDGE('',*,*,#3163,.T.);
#3163 = EDGE_CURVE('',#3155,#3103,#3164,.T.);
#3164 = LINE('',#3165,#3166);
#3165 = CARTESIAN_POINT('',(0.625372949838,7.483916666667,5.));
#3166 = VECTOR('',#3167,1.);
#3167 = DIRECTION('',(0.,-1.E-15,-1.));
#3168 = ORIENTED_EDGE('',*,*,#3111,.F.);
#3169 = CYLINDRICAL_SURFACE('',#3170,1.64);
#3170 = AXIS2_PLACEMENT_3D('',#3171,#3172,#3173);
#3171 = CARTESIAN_POINT('',(0.,9.,5.));
#3172 = DIRECTION('',(0.,-1.E-15,-1.));
#3173 = DIRECTION('',(6.8E-16,1.,-1.E-15));
#3174 = ADVANCED_FACE('',(#3175),#3193,.F.);
#3175 = FACE_BOUND('',#3176,.T.);
#3176 = EDGE_LOOP('',(#3177,#3178,#3185,#3186));
#3177 = ORIENTED_EDGE('',*,*,#1058,.F.);
#3178 = ORIENTED_EDGE('',*,*,#3179,.T.);
#3179 = EDGE_CURVE('',#1059,#2553,#3180,.T.);
#3180 = CIRCLE('',#3181,1.64);
#3181 = AXIS2_PLACEMENT_3D('',#3182,#3183,#3184);
#3182 = CARTESIAN_POINT('',(4.5,7.79422863406,5.));
#3183 = DIRECTION('',(3.810511776652E-16,-2.2E-16,1.));
#3184 = DIRECTION('',(0.5,0.866025403784,2.992E-31));
#3185 = ORIENTED_EDGE('',*,*,#2561,.T.);
#3186 = ORIENTED_EDGE('',*,*,#3187,.F.);
#3187 = EDGE_CURVE('',#1050,#2562,#3188,.T.);
#3188 = CIRCLE('',#3189,1.64);
#3189 = AXIS2_PLACEMENT_3D('',#3190,#3191,#3192);
#3190 = CARTESIAN_POINT('',(4.5,7.79422863406,1.32));
#3191 = DIRECTION('',(3.810511776652E-16,-2.2E-16,1.));
#3192 = DIRECTION('',(0.5,0.866025403784,7.92E-32));
#3193 = CYLINDRICAL_SURFACE('',#3194,1.64);
#3194 = AXIS2_PLACEMENT_3D('',#3195,#3196,#3197);
#3195 = CARTESIAN_POINT('',(4.5,7.79422863406,5.));
#3196 = DIRECTION('',(-3.810511776652E-16,2.2E-16,-1.));
#3197 = DIRECTION('',(0.5,0.866025403784,2.992E-31));
#3198 = ADVANCED_FACE('',(#3199),#3213,.T.);
#3199 = FACE_BOUND('',#3200,.T.);
#3200 = EDGE_LOOP('',(#3201,#3202,#3209,#3210,#3211,#3212));
#3201 = ORIENTED_EDGE('',*,*,#2578,.T.);
#3202 = ORIENTED_EDGE('',*,*,#3203,.F.);
#3203 = EDGE_CURVE('',#1033,#2579,#3204,.T.);
#3204 = CIRCLE('',#3205,1.64);
#3205 = AXIS2_PLACEMENT_3D('',#3206,#3207,#3208);
#3206 = CARTESIAN_POINT('',(4.5,7.79422863406,1.32));
#3207 = DIRECTION('',(0.,0.,-1.));
#3208 = DIRECTION('',(0.5,0.866025403784,0.));
#3209 = ORIENTED_EDGE('',*,*,#1040,.F.);
#3210 = ORIENTED_EDGE('',*,*,#1049,.F.);
#3211 = ORIENTED_EDGE('',*,*,#3187,.T.);
#3212 = ORIENTED_EDGE('',*,*,#2569,.T.);
#3213 = PLANE('',#3214);
#3214 = AXIS2_PLACEMENT_3D('',#3215,#3216,#3217);
#3215 = CARTESIAN_POINT('',(4.172202488858,7.226466690167,1.32));
#3216 = DIRECTION('',(2.441206481201E-16,0.,1.));
#3217 = DIRECTION('',(1.,0.,-2.441206481201E-16));
#3218 = ADVANCED_FACE('',(#3219),#3231,.F.);
#3219 = FACE_BOUND('',#3220,.F.);
#3220 = EDGE_LOOP('',(#3221,#3222,#3229,#3230));
#3221 = ORIENTED_EDGE('',*,*,#1032,.F.);
#3222 = ORIENTED_EDGE('',*,*,#3223,.T.);
#3223 = EDGE_CURVE('',#1024,#2588,#3224,.T.);
#3224 = CIRCLE('',#3225,1.64);
#3225 = AXIS2_PLACEMENT_3D('',#3226,#3227,#3228);
#3226 = CARTESIAN_POINT('',(4.5,7.79422863406,5.));
#3227 = DIRECTION('',(0.,0.,-1.));
#3228 = DIRECTION('',(0.5,0.866025403784,0.));
#3229 = ORIENTED_EDGE('',*,*,#2587,.T.);
#3230 = ORIENTED_EDGE('',*,*,#3203,.F.);
#3231 = CYLINDRICAL_SURFACE('',#3232,1.64);
#3232 = AXIS2_PLACEMENT_3D('',#3233,#3234,#3235);
#3233 = CARTESIAN_POINT('',(4.5,7.79422863406,5.));
#3234 = DIRECTION('',(0.,-0.,-1.));
#3235 = DIRECTION('',(0.5,0.866025403784,0.));
#3236 = ADVANCED_FACE('',(#3237),#3243,.T.);
#3237 = FACE_BOUND('',#3238,.T.);
#3238 = EDGE_LOOP('',(#3239,#3240,#3241,#3242));
#3239 = ORIENTED_EDGE('',*,*,#2595,.T.);
#3240 = ORIENTED_EDGE('',*,*,#2639,.F.);
#3241 = ORIENTED_EDGE('',*,*,#1023,.T.);
#3242 = ORIENTED_EDGE('',*,*,#3223,.T.);
#3243 = PLANE('',#3244);
#3244 = AXIS2_PLACEMENT_3D('',#3245,#3246,#3247);
#3245 = CARTESIAN_POINT('',(-3.E-16,2.4E-16,5.));
#3246 = DIRECTION('',(0.,0.,1.));
#3247 = DIRECTION('',(1.,0.,0.));
#3248 = ADVANCED_FACE('',(#3249),#3267,.T.);
#3249 = FACE_BOUND('',#3250,.T.);
#3250 = EDGE_LOOP('',(#3251,#3258,#3259,#3266));
#3251 = ORIENTED_EDGE('',*,*,#3252,.T.);
#3252 = EDGE_CURVE('',#1152,#2768,#3253,.T.);
#3253 = CIRCLE('',#3254,1.64);
#3254 = AXIS2_PLACEMENT_3D('',#3255,#3256,#3257);
#3255 = CARTESIAN_POINT('',(7.79422863406,-4.5,5.));
#3256 = DIRECTION('',(0.,-0.,-1.));
#3257 = DIRECTION('',(0.866025403784,-0.5,0.));
#3258 = ORIENTED_EDGE('',*,*,#2775,.T.);
#3259 = ORIENTED_EDGE('',*,*,#3260,.F.);
#3260 = EDGE_CURVE('',#1150,#2776,#3261,.T.);
#3261 = CIRCLE('',#3262,1.64);
#3262 = AXIS2_PLACEMENT_3D('',#3263,#3264,#3265);
#3263 = CARTESIAN_POINT('',(4.5,-7.79422863406,5.));
#3264 = DIRECTION('',(-3.810511776652E-16,-2.2E-16,1.));
#3265 = DIRECTION('',(0.5,-0.866025403784,2.992E-31));
#3266 = ORIENTED_EDGE('',*,*,#1149,.T.);
#3267 = PLANE('',#3268);
#3268 = AXIS2_PLACEMENT_3D('',#3269,#3270,#3271);
#3269 = CARTESIAN_POINT('',(-3.E-16,2.4E-16,5.));
#3270 = DIRECTION('',(0.,0.,1.));
#3271 = DIRECTION('',(1.,0.,0.));
#3272 = ADVANCED_FACE('',(#3273),#3285,.F.);
#3273 = FACE_BOUND('',#3274,.T.);
#3274 = EDGE_LOOP('',(#3275,#3276,#3277,#3278));
#3275 = ORIENTED_EDGE('',*,*,#1279,.F.);
#3276 = ORIENTED_EDGE('',*,*,#3260,.T.);
#3277 = ORIENTED_EDGE('',*,*,#2784,.T.);
#3278 = ORIENTED_EDGE('',*,*,#3279,.F.);
#3279 = EDGE_CURVE('',#1271,#2785,#3280,.T.);
#3280 = CIRCLE('',#3281,1.64);
#3281 = AXIS2_PLACEMENT_3D('',#3282,#3283,#3284);
#3282 = CARTESIAN_POINT('',(4.5,-7.79422863406,1.32));
#3283 = DIRECTION('',(-3.810511776652E-16,-2.2E-16,1.));
#3284 = DIRECTION('',(0.5,-0.866025403784,7.92E-32));
#3285 = CYLINDRICAL_SURFACE('',#3286,1.64);
#3286 = AXIS2_PLACEMENT_3D('',#3287,#3288,#3289);
#3287 = CARTESIAN_POINT('',(4.5,-7.79422863406,5.));
#3288 = DIRECTION('',(3.810511776652E-16,2.2E-16,-1.));
#3289 = DIRECTION('',(0.5,-0.866025403784,2.992E-31));
#3290 = ADVANCED_FACE('',(#3291),#3305,.T.);
#3291 = FACE_BOUND('',#3292,.T.);
#3292 = EDGE_LOOP('',(#3293,#3294,#3301,#3302,#3303,#3304));
#3293 = ORIENTED_EDGE('',*,*,#2801,.T.);
#3294 = ORIENTED_EDGE('',*,*,#3295,.F.);
#3295 = EDGE_CURVE('',#1254,#2802,#3296,.T.);
#3296 = CIRCLE('',#3297,1.64);
#3297 = AXIS2_PLACEMENT_3D('',#3298,#3299,#3300);
#3298 = CARTESIAN_POINT('',(4.5,-7.79422863406,1.32));
#3299 = DIRECTION('',(0.,-0.,-1.));
#3300 = DIRECTION('',(0.5,-0.866025403784,0.));
#3301 = ORIENTED_EDGE('',*,*,#1261,.F.);
#3302 = ORIENTED_EDGE('',*,*,#1270,.F.);
#3303 = ORIENTED_EDGE('',*,*,#3279,.T.);
#3304 = ORIENTED_EDGE('',*,*,#2792,.T.);
#3305 = PLANE('',#3306);
#3306 = AXIS2_PLACEMENT_3D('',#3307,#3308,#3309);
#3307 = CARTESIAN_POINT('',(4.172202488858,-7.226466690167,1.32));
#3308 = DIRECTION('',(0.,0.,1.));
#3309 = DIRECTION('',(1.,0.,0.));
#3310 = ADVANCED_FACE('',(#3311),#3323,.F.);
#3311 = FACE_BOUND('',#3312,.F.);
#3312 = EDGE_LOOP('',(#3313,#3314,#3321,#3322));
#3313 = ORIENTED_EDGE('',*,*,#1253,.F.);
#3314 = ORIENTED_EDGE('',*,*,#3315,.T.);
#3315 = EDGE_CURVE('',#1245,#2811,#3316,.T.);
#3316 = CIRCLE('',#3317,1.64);
#3317 = AXIS2_PLACEMENT_3D('',#3318,#3319,#3320);
#3318 = CARTESIAN_POINT('',(4.5,-7.79422863406,5.));
#3319 = DIRECTION('',(0.,-0.,-1.));
#3320 = DIRECTION('',(0.5,-0.866025403784,0.));
#3321 = ORIENTED_EDGE('',*,*,#2810,.T.);
#3322 = ORIENTED_EDGE('',*,*,#3295,.F.);
#3323 = CYLINDRICAL_SURFACE('',#3324,1.64);
#3324 = AXIS2_PLACEMENT_3D('',#3325,#3326,#3327);
#3325 = CARTESIAN_POINT('',(4.5,-7.79422863406,5.));
#3326 = DIRECTION('',(-0.,0.,-1.));
#3327 = DIRECTION('',(0.5,-0.866025403784,0.));
#3328 = ADVANCED_FACE('',(#3329),#3341,.T.);
#3329 = FACE_BOUND('',#3330,.T.);
#3330 = EDGE_LOOP('',(#3331,#3332,#3333,#3340));
#3331 = ORIENTED_EDGE('',*,*,#3315,.T.);
#3332 = ORIENTED_EDGE('',*,*,#2818,.T.);
#3333 = ORIENTED_EDGE('',*,*,#3334,.F.);
#3334 = EDGE_CURVE('',#1237,#2819,#3335,.T.);
#3335 = CIRCLE('',#3336,1.64);
#3336 = AXIS2_PLACEMENT_3D('',#3337,#3338,#3339);
#3337 = CARTESIAN_POINT('',(-7.22E-15,-9.,5.));
#3338 = DIRECTION('',(-1.44E-15,0.,1.));
#3339 = DIRECTION('',(6.8E-16,-1.,9.792E-31));
#3340 = ORIENTED_EDGE('',*,*,#1244,.T.);
#3341 = PLANE('',#3342);
#3342 = AXIS2_PLACEMENT_3D('',#3343,#3344,#3345);
#3343 = CARTESIAN_POINT('',(-3.E-16,2.4E-16,5.));
#3344 = DIRECTION('',(0.,0.,1.));
#3345 = DIRECTION('',(1.,0.,0.));
#3346 = ADVANCED_FACE('',(#3347),#3359,.F.);
#3347 = FACE_BOUND('',#3348,.T.);
#3348 = EDGE_LOOP('',(#3349,#3350,#3351,#3352));
#3349 = ORIENTED_EDGE('',*,*,#1236,.F.);
#3350 = ORIENTED_EDGE('',*,*,#3334,.T.);
#3351 = ORIENTED_EDGE('',*,*,#2827,.T.);
#3352 = ORIENTED_EDGE('',*,*,#3353,.F.);
#3353 = EDGE_CURVE('',#1228,#2828,#3354,.T.);
#3354 = CIRCLE('',#3355,1.64);
#3355 = AXIS2_PLACEMENT_3D('',#3356,#3357,#3358);
#3356 = CARTESIAN_POINT('',(-1.91E-15,-9.,1.32));
#3357 = DIRECTION('',(-1.44E-15,0.,1.));
#3358 = DIRECTION('',(1.8E-16,-1.,2.592E-31));
#3359 = CYLINDRICAL_SURFACE('',#3360,1.64);
#3360 = AXIS2_PLACEMENT_3D('',#3361,#3362,#3363);
#3361 = CARTESIAN_POINT('',(-7.22E-15,-9.,5.));
#3362 = DIRECTION('',(1.44E-15,0.,-1.));
#3363 = DIRECTION('',(6.8E-16,-1.,9.792E-31));
#3364 = ADVANCED_FACE('',(#3365),#3393,.T.);
#3365 = FACE_BOUND('',#3366,.T.);
#3366 = EDGE_LOOP('',(#3367,#3368,#3375,#3376,#3382,#3383,#3384,#3390,
    #3391,#3392));
#3367 = ORIENTED_EDGE('',*,*,#2844,.T.);
#3368 = ORIENTED_EDGE('',*,*,#3369,.F.);
#3369 = EDGE_CURVE('',#1859,#2845,#3370,.T.);
#3370 = CIRCLE('',#3371,1.64);
#3371 = AXIS2_PLACEMENT_3D('',#3372,#3373,#3374);
#3372 = CARTESIAN_POINT('',(-1.32E-15,-9.,1.32));
#3373 = DIRECTION('',(1.E-15,0.,-1.));
#3374 = DIRECTION('',(-1.8E-16,-1.,-1.8E-31));
#3375 = ORIENTED_EDGE('',*,*,#1866,.T.);
#3376 = ORIENTED_EDGE('',*,*,#3377,.T.);
#3377 = EDGE_CURVE('',#1867,#1537,#3378,.T.);
#3378 = LINE('',#3379,#3380);
#3379 = CARTESIAN_POINT('',(-1.640119729429,-8.849294168076,1.32));
#3380 = VECTOR('',#3381,1.);
#3381 = DIRECTION('',(-0.182235525492,-0.983254907564,3.338068592338E-16
    ));
#3382 = ORIENTED_EDGE('',*,*,#1536,.F.);
#3383 = ORIENTED_EDGE('',*,*,#1470,.T.);
#3384 = ORIENTED_EDGE('',*,*,#3385,.F.);
#3385 = EDGE_CURVE('',#1220,#1416,#3386,.T.);
#3386 = LINE('',#3387,#3388);
#3387 = CARTESIAN_POINT('',(1.640119729429,-8.849294168076,1.32));
#3388 = VECTOR('',#3389,1.);
#3389 = DIRECTION('',(0.182235525492,-0.983254907564,6.494480483302E-16)
  );
#3390 = ORIENTED_EDGE('',*,*,#1227,.F.);
#3391 = ORIENTED_EDGE('',*,*,#3353,.T.);
#3392 = ORIENTED_EDGE('',*,*,#2835,.T.);
#3393 = PLANE('',#3394);
#3394 = AXIS2_PLACEMENT_3D('',#3395,#3396,#3397);
#3395 = CARTESIAN_POINT('',(-3.096776281994E-15,-11.16436376664,1.32));
#3396 = DIRECTION('',(-9.49414888879E-16,8.436513860717E-16,1.));
#3397 = DIRECTION('',(1.,0.,9.49414888879E-16));
#3398 = ADVANCED_FACE('',(#3399),#3410,.T.);
#3399 = FACE_BOUND('',#3400,.F.);
#3400 = EDGE_LOOP('',(#3401,#3402,#3403,#3404));
#3401 = ORIENTED_EDGE('',*,*,#1415,.F.);
#3402 = ORIENTED_EDGE('',*,*,#3385,.F.);
#3403 = ORIENTED_EDGE('',*,*,#1219,.F.);
#3404 = ORIENTED_EDGE('',*,*,#3405,.F.);
#3405 = EDGE_CURVE('',#1407,#1211,#3406,.T.);
#3406 = LINE('',#3407,#3408);
#3407 = CARTESIAN_POINT('',(2.55129735689,-13.76556870589,3.4));
#3408 = VECTOR('',#3409,1.);
#3409 = DIRECTION('',(-0.182235525492,0.983254907564,-6.494480483302E-16
    ));
#3410 = PLANE('',#3411);
#3411 = AXIS2_PLACEMENT_3D('',#3412,#3413,#3414);
#3412 = CARTESIAN_POINT('',(2.09570854316,-11.30743143698,1.7));
#3413 = DIRECTION('',(-0.983254907564,-0.182235525492,-9.704059656E-16)
  );
#3414 = DIRECTION('',(-0.182235525492,0.983254907564,-7.294480483302E-16
    ));
#3415 = ADVANCED_FACE('',(#3416),#3422,.F.);
#3416 = FACE_BOUND('',#3417,.T.);
#3417 = EDGE_LOOP('',(#3418,#3419,#3420,#3421));
#3418 = ORIENTED_EDGE('',*,*,#1406,.T.);
#3419 = ORIENTED_EDGE('',*,*,#1340,.T.);
#3420 = ORIENTED_EDGE('',*,*,#1210,.F.);
#3421 = ORIENTED_EDGE('',*,*,#3405,.F.);
#3422 = PLANE('',#3423);
#3423 = AXIS2_PLACEMENT_3D('',#3424,#3425,#3426);
#3424 = CARTESIAN_POINT('',(-4.024486372867E-15,1.67E-15,3.4));
#3425 = DIRECTION('',(1.146025403784E-15,-5.E-16,-1.));
#3426 = DIRECTION('',(-0.182235525492,0.983254907564,-7.00473995468E-16)
  );
#3427 = ADVANCED_FACE('',(#3428),#3434,.F.);
#3428 = FACE_BOUND('',#3429,.F.);
#3429 = EDGE_LOOP('',(#3430,#3431,#3432,#3433));
#3430 = ORIENTED_EDGE('',*,*,#1160,.F.);
#3431 = ORIENTED_EDGE('',*,*,#3252,.T.);
#3432 = ORIENTED_EDGE('',*,*,#2767,.T.);
#3433 = ORIENTED_EDGE('',*,*,#2973,.F.);
#3434 = CYLINDRICAL_SURFACE('',#3435,1.64);
#3435 = AXIS2_PLACEMENT_3D('',#3436,#3437,#3438);
#3436 = CARTESIAN_POINT('',(7.79422863406,-4.5,5.));
#3437 = DIRECTION('',(-0.,0.,-1.));
#3438 = DIRECTION('',(0.866025403784,-0.5,0.));
#3439 = ADVANCED_FACE('',(#3440),#3451,.F.);
#3440 = FACE_BOUND('',#3441,.T.);
#3441 = EDGE_LOOP('',(#3442,#3443,#3444,#3445));
#3442 = ORIENTED_EDGE('',*,*,#1586,.T.);
#3443 = ORIENTED_EDGE('',*,*,#1660,.T.);
#3444 = ORIENTED_EDGE('',*,*,#1815,.F.);
#3445 = ORIENTED_EDGE('',*,*,#3446,.F.);
#3446 = EDGE_CURVE('',#1587,#1816,#3447,.T.);
#3447 = LINE('',#3448,#3449);
#3448 = CARTESIAN_POINT('',(-2.55129735689,13.765568705895,3.4));
#3449 = VECTOR('',#3450,1.);
#3450 = DIRECTION('',(0.182235525492,-0.983254907564,0.));
#3451 = PLANE('',#3452);
#3452 = AXIS2_PLACEMENT_3D('',#3453,#3454,#3455);
#3453 = CARTESIAN_POINT('',(1.08E-15,3.E-17,3.4));
#3454 = DIRECTION('',(-2.8E-16,0.,-1.));
#3455 = DIRECTION('',(0.182235525492,-0.983254907564,-5.10259471378E-17)
  );
#3456 = ADVANCED_FACE('',(#3457),#3463,.T.);
#3457 = FACE_BOUND('',#3458,.F.);
#3458 = EDGE_LOOP('',(#3459,#3460,#3461,#3462));
#3459 = ORIENTED_EDGE('',*,*,#1595,.F.);
#3460 = ORIENTED_EDGE('',*,*,#3122,.F.);
#3461 = ORIENTED_EDGE('',*,*,#1824,.F.);
#3462 = ORIENTED_EDGE('',*,*,#3446,.F.);
#3463 = PLANE('',#3464);
#3464 = AXIS2_PLACEMENT_3D('',#3465,#3466,#3467);
#3465 = CARTESIAN_POINT('',(-2.09570854316,11.307431436985,1.7));
#3466 = DIRECTION('',(0.983254907564,0.182235525492,-2.1E-16));
#3467 = DIRECTION('',(0.182235525492,-0.983254907564,-8.E-17));
#3468 = ADVANCED_FACE('',(#3469),#3480,.F.);
#3469 = FACE_BOUND('',#3470,.F.);
#3470 = EDGE_LOOP('',(#3471,#3472,#3473,#3474));
#3471 = ORIENTED_EDGE('',*,*,#1627,.T.);
#3472 = ORIENTED_EDGE('',*,*,#1691,.T.);
#3473 = ORIENTED_EDGE('',*,*,#1883,.F.);
#3474 = ORIENTED_EDGE('',*,*,#3475,.F.);
#3475 = EDGE_CURVE('',#1628,#1876,#3476,.T.);
#3476 = LINE('',#3477,#3478);
#3477 = CARTESIAN_POINT('',(-2.55129735689,-13.76556870589,3.4));
#3478 = VECTOR('',#3479,1.);
#3479 = DIRECTION('',(0.182235525492,0.983254907564,-3.338068592338E-16)
  );
#3480 = PLANE('',#3481);
#3481 = AXIS2_PLACEMENT_3D('',#3482,#3483,#3484);
#3482 = CARTESIAN_POINT('',(-3.374486372867E-15,1.67E-15,3.4));
#3483 = DIRECTION('',(1.036025403784E-15,-5.E-16,-1.));
#3484 = DIRECTION('',(-0.182235525492,-0.983254907564,3.028268199001E-16
    ));
#3485 = ADVANCED_FACE('',(#3486),#3492,.T.);
#3486 = FACE_BOUND('',#3487,.T.);
#3487 = EDGE_LOOP('',(#3488,#3489,#3490,#3491));
#3488 = ORIENTED_EDGE('',*,*,#1636,.F.);
#3489 = ORIENTED_EDGE('',*,*,#3377,.F.);
#3490 = ORIENTED_EDGE('',*,*,#1875,.F.);
#3491 = ORIENTED_EDGE('',*,*,#3475,.F.);
#3492 = PLANE('',#3493);
#3493 = AXIS2_PLACEMENT_3D('',#3494,#3495,#3496);
#3494 = CARTESIAN_POINT('',(-2.09570854316,-11.30743143698,1.7));
#3495 = DIRECTION('',(0.983254907564,-0.182235525492,1.162641491092E-15)
  );
#3496 = DIRECTION('',(-0.182235525492,-0.983254907564,3.338068592338E-16
    ));
#3497 = ADVANCED_FACE('',(#3498),#3517,.F.);
#3498 = FACE_BOUND('',#3499,.T.);
#3499 = EDGE_LOOP('',(#3500,#3501,#3510,#3516));
#3500 = ORIENTED_EDGE('',*,*,#1713,.F.);
#3501 = ORIENTED_EDGE('',*,*,#3502,.T.);
#3502 = EDGE_CURVE('',#1714,#3503,#3505,.T.);
#3503 = VERTEX_POINT('',#3504);
#3504 = CARTESIAN_POINT('',(-0.625372949838,7.483916666667,5.));
#3505 = CIRCLE('',#3506,1.64);
#3506 = AXIS2_PLACEMENT_3D('',#3507,#3508,#3509);
#3507 = CARTESIAN_POINT('',(2.22E-15,9.,5.));
#3508 = DIRECTION('',(4.4E-16,1.E-15,1.));
#3509 = DIRECTION('',(-6.8E-16,1.,-1.E-15));
#3510 = ORIENTED_EDGE('',*,*,#3511,.T.);
#3511 = EDGE_CURVE('',#3503,#3130,#3512,.T.);
#3512 = LINE('',#3513,#3514);
#3513 = CARTESIAN_POINT('',(-0.625372949838,7.483916666667,5.));
#3514 = VECTOR('',#3515,1.);
#3515 = DIRECTION('',(-4.4E-16,-1.E-15,-1.));
#3516 = ORIENTED_EDGE('',*,*,#3129,.F.);
#3517 = CYLINDRICAL_SURFACE('',#3518,1.64);
#3518 = AXIS2_PLACEMENT_3D('',#3519,#3520,#3521);
#3519 = CARTESIAN_POINT('',(2.22E-15,9.,5.));
#3520 = DIRECTION('',(-4.4E-16,-1.E-15,-1.));
#3521 = DIRECTION('',(-6.8E-16,1.,-1.E-15));
#3522 = ADVANCED_FACE('',(#3523),#3534,.F.);
#3523 = FACE_BOUND('',#3524,.F.);
#3524 = EDGE_LOOP('',(#3525,#3526,#3527,#3528));
#3525 = ORIENTED_EDGE('',*,*,#2063,.T.);
#3526 = ORIENTED_EDGE('',*,*,#2007,.T.);
#3527 = ORIENTED_EDGE('',*,*,#1790,.F.);
#3528 = ORIENTED_EDGE('',*,*,#3529,.F.);
#3529 = EDGE_CURVE('',#2064,#1783,#3530,.T.);
#3530 = LINE('',#3531,#3532);
#3531 = CARTESIAN_POINT('',(-10.6456835184,9.092272676623,3.4));
#3532 = VECTOR('',#3533,1.);
#3533 = DIRECTION('',(0.7604059656,-0.64944804833,9.426414910922E-16));
#3534 = PLANE('',#3535);
#3535 = AXIS2_PLACEMENT_3D('',#3536,#3537,#3538);
#3536 = CARTESIAN_POINT('',(-1.510980762114E-15,3.331877296494E-15,3.4)
  );
#3537 = DIRECTION('',(4.15E-16,-1.013249722428E-15,-1.));
#3538 = DIRECTION('',(-0.7604059656,0.64944804833,-9.736215304258E-16));
#3539 = ADVANCED_FACE('',(#3540),#3546,.T.);
#3540 = FACE_BOUND('',#3541,.T.);
#3541 = EDGE_LOOP('',(#3542,#3543,#3544,#3545));
#3542 = ORIENTED_EDGE('',*,*,#2072,.F.);
#3543 = ORIENTED_EDGE('',*,*,#168,.F.);
#3544 = ORIENTED_EDGE('',*,*,#1782,.F.);
#3545 = ORIENTED_EDGE('',*,*,#3529,.F.);
#3546 = PLANE('',#3547);
#3547 = AXIS2_PLACEMENT_3D('',#3548,#3549,#3550);
#3548 = CARTESIAN_POINT('',(-8.7446686044,7.468652555797,1.7));
#3549 = DIRECTION('',(-0.64944804833,-0.7604059656,5.538068592338E-16));
#3550 = DIRECTION('',(-0.7604059656,0.64944804833,-9.426414910922E-16));
#3551 = ADVANCED_FACE('',(#3552),#3564,.F.);
#3552 = FACE_BOUND('',#3553,.F.);
#3553 = EDGE_LOOP('',(#3554,#3555,#3562,#3563));
#3554 = ORIENTED_EDGE('',*,*,#1775,.F.);
#3555 = ORIENTED_EDGE('',*,*,#3556,.T.);
#3556 = EDGE_CURVE('',#1767,#84,#3557,.T.);
#3557 = CIRCLE('',#3558,1.64);
#3558 = AXIS2_PLACEMENT_3D('',#3559,#3560,#3561);
#3559 = CARTESIAN_POINT('',(-7.79422863406,4.5,5.));
#3560 = DIRECTION('',(8.660254037844E-16,-5.E-16,-1.));
#3561 = DIRECTION('',(-0.866025403784,0.5,-1.E-15));
#3562 = ORIENTED_EDGE('',*,*,#83,.T.);
#3563 = ORIENTED_EDGE('',*,*,#150,.F.);
#3564 = CYLINDRICAL_SURFACE('',#3565,1.64);
#3565 = AXIS2_PLACEMENT_3D('',#3566,#3567,#3568);
#3566 = CARTESIAN_POINT('',(-7.79422863406,4.5,5.));
#3567 = DIRECTION('',(8.660254037844E-16,-5.E-16,-1.));
#3568 = DIRECTION('',(-0.866025403784,0.5,-1.E-15));
#3569 = ADVANCED_FACE('',(#3570),#3582,.T.);
#3570 = FACE_BOUND('',#3571,.T.);
#3571 = EDGE_LOOP('',(#3572,#3573,#3580,#3581));
#3572 = ORIENTED_EDGE('',*,*,#91,.T.);
#3573 = ORIENTED_EDGE('',*,*,#3574,.F.);
#3574 = EDGE_CURVE('',#1759,#92,#3575,.T.);
#3575 = CIRCLE('',#3576,1.64);
#3576 = AXIS2_PLACEMENT_3D('',#3577,#3578,#3579);
#3577 = CARTESIAN_POINT('',(-4.5,7.79422863406,5.));
#3578 = DIRECTION('',(-1.189488223348E-16,1.086025403784E-15,1.));
#3579 = DIRECTION('',(-0.5,0.866025403784,-1.E-15));
#3580 = ORIENTED_EDGE('',*,*,#1766,.T.);
#3581 = ORIENTED_EDGE('',*,*,#3556,.T.);
#3582 = PLANE('',#3583);
#3583 = AXIS2_PLACEMENT_3D('',#3584,#3585,#3586);
#3584 = CARTESIAN_POINT('',(-3.E-16,2.4E-16,5.));
#3585 = DIRECTION('',(0.,0.,1.));
#3586 = DIRECTION('',(1.,0.,0.));
#3587 = ADVANCED_FACE('',(#3588),#3600,.F.);
#3588 = FACE_BOUND('',#3589,.T.);
#3589 = EDGE_LOOP('',(#3590,#3591,#3592,#3593));
#3590 = ORIENTED_EDGE('',*,*,#1758,.F.);
#3591 = ORIENTED_EDGE('',*,*,#3574,.T.);
#3592 = ORIENTED_EDGE('',*,*,#100,.T.);
#3593 = ORIENTED_EDGE('',*,*,#3594,.F.);
#3594 = EDGE_CURVE('',#1750,#101,#3595,.T.);
#3595 = CIRCLE('',#3596,1.64);
#3596 = AXIS2_PLACEMENT_3D('',#3597,#3598,#3599);
#3597 = CARTESIAN_POINT('',(-4.5,7.79422863406,1.32));
#3598 = DIRECTION('',(-1.189488223348E-16,1.086025403784E-15,1.));
#3599 = DIRECTION('',(-0.5,0.866025403784,-1.E-15));
#3600 = CYLINDRICAL_SURFACE('',#3601,1.64);
#3601 = AXIS2_PLACEMENT_3D('',#3602,#3603,#3604);
#3602 = CARTESIAN_POINT('',(-4.5,7.79422863406,5.));
#3603 = DIRECTION('',(1.189488223348E-16,-1.086025403784E-15,-1.));
#3604 = DIRECTION('',(-0.5,0.866025403784,-1.E-15));
#3605 = ADVANCED_FACE('',(#3606),#3620,.T.);
#3606 = FACE_BOUND('',#3607,.T.);
#3607 = EDGE_LOOP('',(#3608,#3609,#3616,#3617,#3618,#3619));
#3608 = ORIENTED_EDGE('',*,*,#117,.T.);
#3609 = ORIENTED_EDGE('',*,*,#3610,.F.);
#3610 = EDGE_CURVE('',#1733,#118,#3611,.T.);
#3611 = CIRCLE('',#3612,1.64);
#3612 = AXIS2_PLACEMENT_3D('',#3613,#3614,#3615);
#3613 = CARTESIAN_POINT('',(-4.5,7.79422863406,1.32));
#3614 = DIRECTION('',(5.E-16,-8.660254037844E-16,-1.));
#3615 = DIRECTION('',(-0.5,0.866025403784,-1.E-15));
#3616 = ORIENTED_EDGE('',*,*,#1740,.F.);
#3617 = ORIENTED_EDGE('',*,*,#1749,.F.);
#3618 = ORIENTED_EDGE('',*,*,#3594,.T.);
#3619 = ORIENTED_EDGE('',*,*,#108,.T.);
#3620 = PLANE('',#3621);
#3621 = AXIS2_PLACEMENT_3D('',#3622,#3623,#3624);
#3622 = CARTESIAN_POINT('',(-4.172202488858,7.226466690167,1.32));
#3623 = DIRECTION('',(1.106473683482E-15,-1.645310238875E-15,1.));
#3624 = DIRECTION('',(0.,1.,1.645310238875E-15));
#3625 = ADVANCED_FACE('',(#3626),#3638,.F.);
#3626 = FACE_BOUND('',#3627,.F.);
#3627 = EDGE_LOOP('',(#3628,#3629,#3636,#3637));
#3628 = ORIENTED_EDGE('',*,*,#1732,.F.);
#3629 = ORIENTED_EDGE('',*,*,#3630,.T.);
#3630 = EDGE_CURVE('',#1724,#127,#3631,.T.);
#3631 = CIRCLE('',#3632,1.64);
#3632 = AXIS2_PLACEMENT_3D('',#3633,#3634,#3635);
#3633 = CARTESIAN_POINT('',(-4.5,7.79422863406,5.));
#3634 = DIRECTION('',(5.E-16,-8.660254037844E-16,-1.));
#3635 = DIRECTION('',(-0.5,0.866025403784,-1.E-15));
#3636 = ORIENTED_EDGE('',*,*,#126,.T.);
#3637 = ORIENTED_EDGE('',*,*,#3610,.F.);
#3638 = CYLINDRICAL_SURFACE('',#3639,1.64);
#3639 = AXIS2_PLACEMENT_3D('',#3640,#3641,#3642);
#3640 = CARTESIAN_POINT('',(-4.5,7.79422863406,5.));
#3641 = DIRECTION('',(5.E-16,-8.660254037844E-16,-1.));
#3642 = DIRECTION('',(-0.5,0.866025403784,-1.E-15));
#3643 = ADVANCED_FACE('',(#3644),#3662,.T.);
#3644 = FACE_BOUND('',#3645,.T.);
#3645 = EDGE_LOOP('',(#3646,#3653,#3654,#3661));
#3646 = ORIENTED_EDGE('',*,*,#3647,.T.);
#3647 = EDGE_CURVE('',#1850,#2854,#3648,.T.);
#3648 = CIRCLE('',#3649,1.64);
#3649 = AXIS2_PLACEMENT_3D('',#3650,#3651,#3652);
#3650 = CARTESIAN_POINT('',(-5.E-15,-9.,5.));
#3651 = DIRECTION('',(1.E-15,0.,-1.));
#3652 = DIRECTION('',(-6.8E-16,-1.,-6.8E-31));
#3653 = ORIENTED_EDGE('',*,*,#2861,.T.);
#3654 = ORIENTED_EDGE('',*,*,#3655,.F.);
#3655 = EDGE_CURVE('',#1848,#2862,#3656,.T.);
#3656 = CIRCLE('',#3657,1.64);
#3657 = AXIS2_PLACEMENT_3D('',#3658,#3659,#3660);
#3658 = CARTESIAN_POINT('',(-4.5,-7.79422863406,5.));
#3659 = DIRECTION('',(-1.24707658145E-15,7.2E-16,1.));
#3660 = DIRECTION('',(-0.5,-0.866025403784,1.077807613153E-30));
#3661 = ORIENTED_EDGE('',*,*,#1847,.T.);
#3662 = PLANE('',#3663);
#3663 = AXIS2_PLACEMENT_3D('',#3664,#3665,#3666);
#3664 = CARTESIAN_POINT('',(-3.E-16,2.4E-16,5.));
#3665 = DIRECTION('',(0.,0.,1.));
#3666 = DIRECTION('',(1.,0.,0.));
#3667 = ADVANCED_FACE('',(#3668),#3680,.F.);
#3668 = FACE_BOUND('',#3669,.T.);
#3669 = EDGE_LOOP('',(#3670,#3671,#3672,#3673));
#3670 = ORIENTED_EDGE('',*,*,#1977,.F.);
#3671 = ORIENTED_EDGE('',*,*,#3655,.T.);
#3672 = ORIENTED_EDGE('',*,*,#2870,.T.);
#3673 = ORIENTED_EDGE('',*,*,#3674,.F.);
#3674 = EDGE_CURVE('',#1969,#2871,#3675,.T.);
#3675 = CIRCLE('',#3676,1.64);
#3676 = AXIS2_PLACEMENT_3D('',#3677,#3678,#3679);
#3677 = CARTESIAN_POINT('',(-4.5,-7.79422863406,1.32));
#3678 = DIRECTION('',(-1.24707658145E-15,7.2E-16,1.));
#3679 = DIRECTION('',(-0.5,-0.866025403784,3.578076131526E-31));
#3680 = CYLINDRICAL_SURFACE('',#3681,1.64);
#3681 = AXIS2_PLACEMENT_3D('',#3682,#3683,#3684);
#3682 = CARTESIAN_POINT('',(-4.5,-7.79422863406,5.));
#3683 = DIRECTION('',(1.24707658145E-15,-7.2E-16,-1.));
#3684 = DIRECTION('',(-0.5,-0.866025403784,1.077807613153E-30));
#3685 = ADVANCED_FACE('',(#3686),#3700,.T.);
#3686 = FACE_BOUND('',#3687,.T.);
#3687 = EDGE_LOOP('',(#3688,#3689,#3696,#3697,#3698,#3699));
#3688 = ORIENTED_EDGE('',*,*,#2887,.T.);
#3689 = ORIENTED_EDGE('',*,*,#3690,.F.);
#3690 = EDGE_CURVE('',#1952,#2888,#3691,.T.);
#3691 = CIRCLE('',#3692,1.64);
#3692 = AXIS2_PLACEMENT_3D('',#3693,#3694,#3695);
#3693 = CARTESIAN_POINT('',(-4.5,-7.79422863406,1.32));
#3694 = DIRECTION('',(8.660254037844E-16,-5.E-16,-1.));
#3695 = DIRECTION('',(-0.5,-0.866025403784,-8.139238684737E-32));
#3696 = ORIENTED_EDGE('',*,*,#1959,.F.);
#3697 = ORIENTED_EDGE('',*,*,#1968,.F.);
#3698 = ORIENTED_EDGE('',*,*,#3674,.T.);
#3699 = ORIENTED_EDGE('',*,*,#2878,.T.);
#3700 = PLANE('',#3701);
#3701 = AXIS2_PLACEMENT_3D('',#3702,#3703,#3704);
#3702 = CARTESIAN_POINT('',(-4.172202488858,-7.226466690167,1.32));
#3703 = DIRECTION('',(-5.89107527922E-16,5.497123441226E-16,1.));
#3704 = DIRECTION('',(1.,0.,5.89107527922E-16));
#3705 = ADVANCED_FACE('',(#3706),#3718,.F.);
#3706 = FACE_BOUND('',#3707,.F.);
#3707 = EDGE_LOOP('',(#3708,#3709,#3716,#3717));
#3708 = ORIENTED_EDGE('',*,*,#1951,.F.);
#3709 = ORIENTED_EDGE('',*,*,#3710,.T.);
#3710 = EDGE_CURVE('',#1943,#2897,#3711,.T.);
#3711 = CIRCLE('',#3712,1.64);
#3712 = AXIS2_PLACEMENT_3D('',#3713,#3714,#3715);
#3713 = CARTESIAN_POINT('',(-4.5,-7.79422863406,5.));
#3714 = DIRECTION('',(8.660254037844E-16,-5.E-16,-1.));
#3715 = DIRECTION('',(-0.5,-0.866025403784,-5.813923868474E-31));
#3716 = ORIENTED_EDGE('',*,*,#2896,.T.);
#3717 = ORIENTED_EDGE('',*,*,#3690,.F.);
#3718 = CYLINDRICAL_SURFACE('',#3719,1.64);
#3719 = AXIS2_PLACEMENT_3D('',#3720,#3721,#3722);
#3720 = CARTESIAN_POINT('',(-4.5,-7.79422863406,5.));
#3721 = DIRECTION('',(8.660254037844E-16,-5.E-16,-1.));
#3722 = DIRECTION('',(-0.5,-0.866025403784,-5.813923868474E-31));
#3723 = ADVANCED_FACE('',(#3724),#3736,.T.);
#3724 = FACE_BOUND('',#3725,.T.);
#3725 = EDGE_LOOP('',(#3726,#3727,#3728,#3735));
#3726 = ORIENTED_EDGE('',*,*,#3710,.T.);
#3727 = ORIENTED_EDGE('',*,*,#2904,.T.);
#3728 = ORIENTED_EDGE('',*,*,#3729,.F.);
#3729 = EDGE_CURVE('',#1935,#2905,#3730,.T.);
#3730 = CIRCLE('',#3731,1.64);
#3731 = AXIS2_PLACEMENT_3D('',#3732,#3733,#3734);
#3732 = CARTESIAN_POINT('',(-7.79422863406,-4.5,5.));
#3733 = DIRECTION('',(-7.2E-16,1.24707658145E-15,1.));
#3734 = DIRECTION('',(-0.866025403784,-0.5,1.245061155099E-30));
#3735 = ORIENTED_EDGE('',*,*,#1942,.T.);
#3736 = PLANE('',#3737);
#3737 = AXIS2_PLACEMENT_3D('',#3738,#3739,#3740);
#3738 = CARTESIAN_POINT('',(-3.E-16,2.4E-16,5.));
#3739 = DIRECTION('',(0.,0.,1.));
#3740 = DIRECTION('',(1.,0.,0.));
#3741 = ADVANCED_FACE('',(#3742),#3754,.F.);
#3742 = FACE_BOUND('',#3743,.T.);
#3743 = EDGE_LOOP('',(#3744,#3745,#3746,#3747));
#3744 = ORIENTED_EDGE('',*,*,#1934,.F.);
#3745 = ORIENTED_EDGE('',*,*,#3729,.T.);
#3746 = ORIENTED_EDGE('',*,*,#2913,.T.);
#3747 = ORIENTED_EDGE('',*,*,#3748,.F.);
#3748 = EDGE_CURVE('',#1926,#2914,#3749,.T.);
#3749 = CIRCLE('',#3750,1.64);
#3750 = AXIS2_PLACEMENT_3D('',#3751,#3752,#3753);
#3751 = CARTESIAN_POINT('',(-7.79422863406,-4.5,1.32));
#3752 = DIRECTION('',(-7.2E-16,1.24707658145E-15,1.));
#3753 = DIRECTION('',(-0.866025403784,-0.5,5.250611550988E-31));
#3754 = CYLINDRICAL_SURFACE('',#3755,1.64);
#3755 = AXIS2_PLACEMENT_3D('',#3756,#3757,#3758);
#3756 = CARTESIAN_POINT('',(-7.79422863406,-4.5,5.));
#3757 = DIRECTION('',(7.2E-16,-1.24707658145E-15,-1.));
#3758 = DIRECTION('',(-0.866025403784,-0.5,1.245061155099E-30));
#3759 = ADVANCED_FACE('',(#3760),#3788,.T.);
#3760 = FACE_BOUND('',#3761,.T.);
#3761 = EDGE_LOOP('',(#3762,#3763,#3770,#3771,#3777,#3778,#3779,#3785,
    #3786,#3787));
#3762 = ORIENTED_EDGE('',*,*,#2930,.T.);
#3763 = ORIENTED_EDGE('',*,*,#3764,.F.);
#3764 = EDGE_CURVE('',#2405,#2931,#3765,.T.);
#3765 = CIRCLE('',#3766,1.64);
#3766 = AXIS2_PLACEMENT_3D('',#3767,#3768,#3769);
#3767 = CARTESIAN_POINT('',(-7.79422863406,-4.5,1.32));
#3768 = DIRECTION('',(5.E-16,-8.660254037844E-16,-1.));
#3769 = DIRECTION('',(-0.866025403784,-0.5,8.586115509877E-32));
#3770 = ORIENTED_EDGE('',*,*,#2412,.T.);
#3771 = ORIENTED_EDGE('',*,*,#3772,.T.);
#3772 = EDGE_CURVE('',#2413,#2217,#3773,.T.);
#3773 = LINE('',#3774,#3775);
#3774 = CARTESIAN_POINT('',(-8.48377341983,-3.004261733104,1.32));
#3775 = VECTOR('',#3776,1.);
#3776 = DIRECTION('',(-0.942641491092,-0.333806859234,
    -6.088346318584E-16));
#3777 = ORIENTED_EDGE('',*,*,#2216,.F.);
#3778 = ORIENTED_EDGE('',*,*,#2158,.T.);
#3779 = ORIENTED_EDGE('',*,*,#3780,.F.);
#3780 = EDGE_CURVE('',#1918,#2112,#3781,.T.);
#3781 = LINE('',#3782,#3783);
#3782 = CARTESIAN_POINT('',(-6.8436536904,-5.845032434972,1.32));
#3783 = VECTOR('',#3784,1.);
#3784 = DIRECTION('',(-0.7604059656,-0.64944804833,-1.109579172698E-16)
  );
#3785 = ORIENTED_EDGE('',*,*,#1925,.F.);
#3786 = ORIENTED_EDGE('',*,*,#3748,.T.);
#3787 = ORIENTED_EDGE('',*,*,#2921,.T.);
#3788 = PLANE('',#3789);
#3789 = AXIS2_PLACEMENT_3D('',#3790,#3791,#3792);
#3790 = CARTESIAN_POINT('',(-9.668622639001,-5.58218188332,1.32));
#3791 = DIRECTION('',(-1.293033920486E-15,8.672744051404E-16,1.));
#3792 = DIRECTION('',(1.,0.,1.293033920486E-15));
#3793 = ADVANCED_FACE('',(#3794),#3805,.T.);
#3794 = FACE_BOUND('',#3795,.F.);
#3795 = EDGE_LOOP('',(#3796,#3797,#3798,#3799));
#3796 = ORIENTED_EDGE('',*,*,#2111,.F.);
#3797 = ORIENTED_EDGE('',*,*,#3780,.F.);
#3798 = ORIENTED_EDGE('',*,*,#1917,.F.);
#3799 = ORIENTED_EDGE('',*,*,#3800,.F.);
#3800 = EDGE_CURVE('',#2103,#1909,#3801,.T.);
#3801 = LINE('',#3802,#3803);
#3802 = CARTESIAN_POINT('',(-10.6456835184,-9.092272676623,3.4));
#3803 = VECTOR('',#3804,1.);
#3804 = DIRECTION('',(0.7604059656,0.64944804833,1.109579172698E-16));
#3805 = PLANE('',#3806);
#3806 = AXIS2_PLACEMENT_3D('',#3807,#3808,#3809);
#3807 = CARTESIAN_POINT('',(-8.7446686044,-7.468652555797,1.7));
#3808 = DIRECTION('',(-0.64944804833,0.7604059656,-1.61985401393E-15));
#3809 = DIRECTION('',(0.7604059656,0.64944804833,3.095791726985E-17));
#3810 = ADVANCED_FACE('',(#3811),#3817,.F.);
#3811 = FACE_BOUND('',#3812,.T.);
#3812 = EDGE_LOOP('',(#3813,#3814,#3815,#3816));
#3813 = ORIENTED_EDGE('',*,*,#2102,.T.);
#3814 = ORIENTED_EDGE('',*,*,#2038,.T.);
#3815 = ORIENTED_EDGE('',*,*,#1908,.F.);
#3816 = ORIENTED_EDGE('',*,*,#3800,.F.);
#3817 = PLANE('',#3818);
#3818 = AXIS2_PLACEMENT_3D('',#3819,#3820,#3821);
#3819 = CARTESIAN_POINT('',(-3.965980762114E-15,4.320307436087E-15,3.4)
  );
#3820 = DIRECTION('',(1.14E-15,-1.24248711306E-15,-1.));
#3821 = DIRECTION('',(0.7604059656,0.64944804833,5.993197013205E-17));
#3822 = ADVANCED_FACE('',(#3823),#3829,.F.);
#3823 = FACE_BOUND('',#3824,.F.);
#3824 = EDGE_LOOP('',(#3825,#3826,#3827,#3828));
#3825 = ORIENTED_EDGE('',*,*,#1858,.F.);
#3826 = ORIENTED_EDGE('',*,*,#3647,.T.);
#3827 = ORIENTED_EDGE('',*,*,#2853,.T.);
#3828 = ORIENTED_EDGE('',*,*,#3369,.F.);
#3829 = CYLINDRICAL_SURFACE('',#3830,1.64);
#3830 = AXIS2_PLACEMENT_3D('',#3831,#3832,#3833);
#3831 = CARTESIAN_POINT('',(-5.E-15,-9.,5.));
#3832 = DIRECTION('',(1.E-15,0.,-1.));
#3833 = DIRECTION('',(-6.8E-16,-1.,-6.8E-31));
#3834 = ADVANCED_FACE('',(#3835),#3846,.F.);
#3835 = FACE_BOUND('',#3836,.T.);
#3836 = EDGE_LOOP('',(#3837,#3838,#3839,#3840));
#3837 = ORIENTED_EDGE('',*,*,#2266,.T.);
#3838 = ORIENTED_EDGE('',*,*,#2340,.T.);
#3839 = ORIENTED_EDGE('',*,*,#2445,.F.);
#3840 = ORIENTED_EDGE('',*,*,#3841,.F.);
#3841 = EDGE_CURVE('',#2267,#2446,#3842,.T.);
#3842 = LINE('',#3843,#3844);
#3843 = CARTESIAN_POINT('',(-13.19698087529,4.673296029273,3.4));
#3844 = VECTOR('',#3845,1.);
#3845 = DIRECTION('',(0.942641491092,-0.333806859234,7.604059656E-16));
#3846 = PLANE('',#3847);
#3847 = AXIS2_PLACEMENT_3D('',#3848,#3849,#3850);
#3848 = CARTESIAN_POINT('',(-1.185980762114E-15,3.894793808954E-15,3.4)
  );
#3849 = DIRECTION('',(3.6E-16,-1.108512516844E-15,-1.));
#3850 = DIRECTION('',(0.942641491092,-0.333806859234,7.093800184622E-16)
  );
#3851 = ADVANCED_FACE('',(#3852),#3858,.T.);
#3852 = FACE_BOUND('',#3853,.F.);
#3853 = EDGE_LOOP('',(#3854,#3855,#3856,#3857));
#3854 = ORIENTED_EDGE('',*,*,#2275,.F.);
#3855 = ORIENTED_EDGE('',*,*,#194,.F.);
#3856 = ORIENTED_EDGE('',*,*,#2454,.F.);
#3857 = ORIENTED_EDGE('',*,*,#3841,.F.);
#3858 = PLANE('',#3859);
#3859 = AXIS2_PLACEMENT_3D('',#3860,#3861,#3862);
#3860 = CARTESIAN_POINT('',(-10.84037714756,3.838778881188,1.7));
#3861 = DIRECTION('',(0.333806859234,0.942641491092,-8.594480483302E-16)
  );
#3862 = DIRECTION('',(0.942641491092,-0.333806859234,6.804059656E-16));
#3863 = ADVANCED_FACE('',(#3864),#3875,.F.);
#3864 = FACE_BOUND('',#3865,.F.);
#3865 = EDGE_LOOP('',(#3866,#3867,#3868,#3869));
#3866 = ORIENTED_EDGE('',*,*,#2307,.T.);
#3867 = ORIENTED_EDGE('',*,*,#2371,.T.);
#3868 = ORIENTED_EDGE('',*,*,#2429,.F.);
#3869 = ORIENTED_EDGE('',*,*,#3870,.F.);
#3870 = EDGE_CURVE('',#2308,#2422,#3871,.T.);
#3871 = LINE('',#3872,#3873);
#3872 = CARTESIAN_POINT('',(-13.19698087529,-4.673296029273,3.4));
#3873 = VECTOR('',#3874,1.);
#3874 = DIRECTION('',(0.942641491092,0.333806859234,6.088346318584E-16)
  );
#3875 = PLANE('',#3876);
#3876 = AXIS2_PLACEMENT_3D('',#3877,#3878,#3879);
#3877 = CARTESIAN_POINT('',(-3.640980762114E-15,3.757390923627E-15,3.4)
  );
#3878 = DIRECTION('',(1.085E-15,-1.147224318643E-15,-1.));
#3879 = DIRECTION('',(-0.942641491092,-0.333806859234,
    -6.398146711921E-16));
#3880 = ADVANCED_FACE('',(#3881),#3887,.T.);
#3881 = FACE_BOUND('',#3882,.T.);
#3882 = EDGE_LOOP('',(#3883,#3884,#3885,#3886));
#3883 = ORIENTED_EDGE('',*,*,#2316,.F.);
#3884 = ORIENTED_EDGE('',*,*,#3772,.F.);
#3885 = ORIENTED_EDGE('',*,*,#2421,.F.);
#3886 = ORIENTED_EDGE('',*,*,#3870,.F.);
#3887 = PLANE('',#3888);
#3888 = AXIS2_PLACEMENT_3D('',#3889,#3890,#3891);
#3889 = CARTESIAN_POINT('',(-10.84037714756,-3.838778881188,1.7));
#3890 = DIRECTION('',(0.333806859234,-0.942641491092,1.496448350326E-15)
  );
#3891 = DIRECTION('',(-0.942641491092,-0.333806859234,
    -6.088346318584E-16));
#3892 = ADVANCED_FACE('',(#3893),#3920,.F.);
#3893 = FACE_BOUND('',#3894,.T.);
#3894 = EDGE_LOOP('',(#3895,#3896,#3905,#3913));
#3895 = ORIENTED_EDGE('',*,*,#2504,.F.);
#3896 = ORIENTED_EDGE('',*,*,#3897,.T.);
#3897 = EDGE_CURVE('',#2394,#3898,#3900,.T.);
#3898 = VERTEX_POINT('',#3899);
#3899 = CARTESIAN_POINT('',(-7.483916666667,-0.625372949838,5.));
#3900 = CIRCLE('',#3901,1.64);
#3901 = AXIS2_PLACEMENT_3D('',#3902,#3903,#3904);
#3902 = CARTESIAN_POINT('',(-9.,7.22E-15,5.));
#3903 = DIRECTION('',(-1.E-15,1.44E-15,1.));
#3904 = DIRECTION('',(-1.,-6.8E-16,-1.E-15));
#3905 = ORIENTED_EDGE('',*,*,#3906,.T.);
#3906 = EDGE_CURVE('',#3898,#3907,#3909,.T.);
#3907 = VERTEX_POINT('',#3908);
#3908 = CARTESIAN_POINT('',(-7.483916666667,-0.625372949838,1.32));
#3909 = LINE('',#3910,#3911);
#3910 = CARTESIAN_POINT('',(-7.483916666667,-0.625372949838,5.));
#3911 = VECTOR('',#3912,1.);
#3912 = DIRECTION('',(1.E-15,-1.44E-15,-1.));
#3913 = ORIENTED_EDGE('',*,*,#3914,.F.);
#3914 = EDGE_CURVE('',#2496,#3907,#3915,.T.);
#3915 = CIRCLE('',#3916,1.64);
#3916 = AXIS2_PLACEMENT_3D('',#3917,#3918,#3919);
#3917 = CARTESIAN_POINT('',(-9.,1.91E-15,1.32));
#3918 = DIRECTION('',(-1.E-15,1.44E-15,1.));
#3919 = DIRECTION('',(-1.,-1.8E-16,-1.E-15));
#3920 = CYLINDRICAL_SURFACE('',#3921,1.64);
#3921 = AXIS2_PLACEMENT_3D('',#3922,#3923,#3924);
#3922 = CARTESIAN_POINT('',(-9.,7.22E-15,5.));
#3923 = DIRECTION('',(1.E-15,-1.44E-15,-1.));
#3924 = DIRECTION('',(-1.,-6.8E-16,-1.E-15));
#3925 = ADVANCED_FACE('',(#3926),#3956,.T.);
#3926 = FACE_BOUND('',#3927,.T.);
#3927 = EDGE_LOOP('',(#3928,#3939,#3946,#3947,#3948,#3949));
#3928 = ORIENTED_EDGE('',*,*,#3929,.T.);
#3929 = EDGE_CURVE('',#3930,#3932,#3934,.T.);
#3930 = VERTEX_POINT('',#3931);
#3931 = CARTESIAN_POINT('',(-7.51,1.212E-15,1.32));
#3932 = VERTEX_POINT('',#3933);
#3933 = CARTESIAN_POINT('',(-7.483916666667,0.625372949838,1.32));
#3934 = CIRCLE('',#3935,7.51);
#3935 = AXIS2_PLACEMENT_3D('',#3936,#3937,#3938);
#3936 = CARTESIAN_POINT('',(0.,0.,1.32));
#3937 = DIRECTION('',(0.,0.,-1.));
#3938 = DIRECTION('',(1.,0.,0.));
#3939 = ORIENTED_EDGE('',*,*,#3940,.F.);
#3940 = EDGE_CURVE('',#2479,#3932,#3941,.T.);
#3941 = CIRCLE('',#3942,1.64);
#3942 = AXIS2_PLACEMENT_3D('',#3943,#3944,#3945);
#3943 = CARTESIAN_POINT('',(-9.,1.32E-15,1.32));
#3944 = DIRECTION('',(1.E-15,-1.E-15,-1.));
#3945 = DIRECTION('',(-1.,1.8E-16,-1.E-15));
#3946 = ORIENTED_EDGE('',*,*,#2486,.F.);
#3947 = ORIENTED_EDGE('',*,*,#2495,.F.);
#3948 = ORIENTED_EDGE('',*,*,#3914,.T.);
#3949 = ORIENTED_EDGE('',*,*,#3950,.T.);
#3950 = EDGE_CURVE('',#3907,#3930,#3951,.T.);
#3951 = CIRCLE('',#3952,7.51);
#3952 = AXIS2_PLACEMENT_3D('',#3953,#3954,#3955);
#3953 = CARTESIAN_POINT('',(0.,0.,1.32));
#3954 = DIRECTION('',(0.,0.,-1.));
#3955 = DIRECTION('',(1.,0.,0.));
#3956 = PLANE('',#3957);
#3957 = AXIS2_PLACEMENT_3D('',#3958,#3959,#3960);
#3958 = CARTESIAN_POINT('',(-8.344404977716,-3.293634775626E-16,1.32));
#3959 = DIRECTION('',(2.125849581246E-15,7.63846611904E-16,1.));
#3960 = DIRECTION('',(1.,0.,-2.125849581246E-15));
#3961 = ADVANCED_FACE('',(#3962),#3981,.F.);
#3962 = FACE_BOUND('',#3963,.F.);
#3963 = EDGE_LOOP('',(#3964,#3965,#3974,#3980));
#3964 = ORIENTED_EDGE('',*,*,#2478,.F.);
#3965 = ORIENTED_EDGE('',*,*,#3966,.T.);
#3966 = EDGE_CURVE('',#2470,#3967,#3969,.T.);
#3967 = VERTEX_POINT('',#3968);
#3968 = CARTESIAN_POINT('',(-7.483916666667,0.625372949838,5.));
#3969 = CIRCLE('',#3970,1.64);
#3970 = AXIS2_PLACEMENT_3D('',#3971,#3972,#3973);
#3971 = CARTESIAN_POINT('',(-9.,5.E-15,5.));
#3972 = DIRECTION('',(1.E-15,-1.E-15,-1.));
#3973 = DIRECTION('',(-1.,6.8E-16,-1.E-15));
#3974 = ORIENTED_EDGE('',*,*,#3975,.T.);
#3975 = EDGE_CURVE('',#3967,#3932,#3976,.T.);
#3976 = LINE('',#3977,#3978);
#3977 = CARTESIAN_POINT('',(-7.483916666667,0.625372949838,5.));
#3978 = VECTOR('',#3979,1.);
#3979 = DIRECTION('',(1.E-15,-1.E-15,-1.));
#3980 = ORIENTED_EDGE('',*,*,#3940,.F.);
#3981 = CYLINDRICAL_SURFACE('',#3982,1.64);
#3982 = AXIS2_PLACEMENT_3D('',#3983,#3984,#3985);
#3983 = CARTESIAN_POINT('',(-9.,5.E-15,5.));
#3984 = DIRECTION('',(1.E-15,-1.E-15,-1.));
#3985 = DIRECTION('',(-1.,6.8E-16,-1.E-15));
#3986 = ADVANCED_FACE('',(#3987),#3999,.F.);
#3987 = FACE_BOUND('',#3988,.T.);
#3988 = EDGE_LOOP('',(#3989,#3990,#3997,#3998));
#3989 = ORIENTED_EDGE('',*,*,#2461,.F.);
#3990 = ORIENTED_EDGE('',*,*,#3991,.T.);
#3991 = EDGE_CURVE('',#2462,#49,#3992,.T.);
#3992 = CIRCLE('',#3993,1.64);
#3993 = AXIS2_PLACEMENT_3D('',#3994,#3995,#3996);
#3994 = CARTESIAN_POINT('',(-7.79422863406,4.5,5.));
#3995 = DIRECTION('',(-6.460254037844E-16,8.810511776652E-16,1.));
#3996 = DIRECTION('',(-0.866025403784,0.5,-1.E-15));
#3997 = ORIENTED_EDGE('',*,*,#57,.T.);
#3998 = ORIENTED_EDGE('',*,*,#211,.F.);
#3999 = CYLINDRICAL_SURFACE('',#4000,1.64);
#4000 = AXIS2_PLACEMENT_3D('',#4001,#4002,#4003);
#4001 = CARTESIAN_POINT('',(-7.79422863406,4.5,5.));
#4002 = DIRECTION('',(6.460254037844E-16,-8.810511776652E-16,-1.));
#4003 = DIRECTION('',(-0.866025403784,0.5,-1.E-15));
#4004 = ADVANCED_FACE('',(#4005),#4017,.F.);
#4005 = FACE_BOUND('',#4006,.F.);
#4006 = EDGE_LOOP('',(#4007,#4008,#4015,#4016));
#4007 = ORIENTED_EDGE('',*,*,#2404,.F.);
#4008 = ORIENTED_EDGE('',*,*,#4009,.T.);
#4009 = EDGE_CURVE('',#2396,#2940,#4010,.T.);
#4010 = CIRCLE('',#4011,1.64);
#4011 = AXIS2_PLACEMENT_3D('',#4012,#4013,#4014);
#4012 = CARTESIAN_POINT('',(-7.79422863406,-4.5,5.));
#4013 = DIRECTION('',(5.E-16,-8.660254037844E-16,-1.));
#4014 = DIRECTION('',(-0.866025403784,-0.5,-4.141388449012E-31));
#4015 = ORIENTED_EDGE('',*,*,#2939,.T.);
#4016 = ORIENTED_EDGE('',*,*,#3764,.F.);
#4017 = CYLINDRICAL_SURFACE('',#4018,1.64);
#4018 = AXIS2_PLACEMENT_3D('',#4019,#4020,#4021);
#4019 = CARTESIAN_POINT('',(-7.79422863406,-4.5,5.));
#4020 = DIRECTION('',(5.E-16,-8.660254037844E-16,-1.));
#4021 = DIRECTION('',(-0.866025403784,-0.5,-4.141388449012E-31));
#4022 = ADVANCED_FACE('',(#4023),#4048,.F.);
#4023 = FACE_BOUND('',#4024,.T.);
#4024 = EDGE_LOOP('',(#4025,#4033,#4041,#4047));
#4025 = ORIENTED_EDGE('',*,*,#4026,.T.);
#4026 = EDGE_CURVE('',#2717,#4027,#4029,.T.);
#4027 = VERTEX_POINT('',#4028);
#4028 = CARTESIAN_POINT('',(-4.713812652461,-1.697076980429,
    -1.632722853732E-15));
#4029 = LINE('',#4030,#4031);
#4030 = CARTESIAN_POINT('',(-7.066014574846,-2.543921781042,
    -2.447454816672E-15));
#4031 = VECTOR('',#4032,1.);
#4032 = DIRECTION('',(0.940880768954,0.338737920245,3.25892785176E-16));
#4033 = ORIENTED_EDGE('',*,*,#4034,.T.);
#4034 = EDGE_CURVE('',#4027,#4035,#4037,.T.);
#4035 = VERTEX_POINT('',#4036);
#4036 = CARTESIAN_POINT('',(-4.713812652461,-1.697076980429,5.));
#4037 = LINE('',#4038,#4039);
#4038 = CARTESIAN_POINT('',(-4.713812652461,-1.697076980429,
    -1.632722853732E-15));
#4039 = VECTOR('',#4040,1.);
#4040 = DIRECTION('',(-6.661338147751E-16,8.881784197001E-16,1.));
#4041 = ORIENTED_EDGE('',*,*,#4042,.T.);
#4042 = EDGE_CURVE('',#4035,#2715,#4043,.T.);
#4043 = LINE('',#4044,#4045);
#4044 = CARTESIAN_POINT('',(-4.713812652461,-1.697076980429,5.));
#4045 = VECTOR('',#4046,1.);
#4046 = DIRECTION('',(-0.940880768954,-0.338737920245,-3.25892785176E-16
    ));
#4047 = ORIENTED_EDGE('',*,*,#2714,.T.);
#4048 = PLANE('',#4049);
#4049 = AXIS2_PLACEMENT_3D('',#4050,#4051,#4052);
#4050 = CARTESIAN_POINT('',(-5.889913613653,-2.120499380736,2.5));
#4051 = DIRECTION('',(-0.338737920245,0.940880768954,-1.283359382443E-15
    ));
#4052 = DIRECTION('',(7.413487424491E-16,-1.097095918324E-15,-1.));
#4053 = ADVANCED_FACE('',(#4054),#4079,.F.);
#4054 = FACE_BOUND('',#4055,.F.);
#4055 = EDGE_LOOP('',(#4056,#4064,#4072,#4078));
#4056 = ORIENTED_EDGE('',*,*,#4057,.T.);
#4057 = EDGE_CURVE('',#2725,#4058,#4060,.T.);
#4058 = VERTEX_POINT('',#4059);
#4059 = CARTESIAN_POINT('',(4.713812652461,-1.697076980429,
    -3.768267876467E-16));
#4060 = LINE('',#4061,#4062);
#4061 = CARTESIAN_POINT('',(7.066014574846,-2.543921781042,
    -5.648641068317E-16));
#4062 = VECTOR('',#4063,1.);
#4063 = DIRECTION('',(-0.940880768954,0.338737920245,7.521492767399E-17)
  );
#4064 = ORIENTED_EDGE('',*,*,#4065,.T.);
#4065 = EDGE_CURVE('',#4058,#4066,#4068,.T.);
#4066 = VERTEX_POINT('',#4067);
#4067 = CARTESIAN_POINT('',(4.713812652461,-1.697076980429,5.));
#4068 = LINE('',#4069,#4070);
#4069 = CARTESIAN_POINT('',(4.713812652461,-1.697076980429,
    -3.768267876467E-16));
#4070 = VECTOR('',#4071,1.);
#4071 = DIRECTION('',(0.,-2.22044604925E-16,1.));
#4072 = ORIENTED_EDGE('',*,*,#4073,.T.);
#4073 = EDGE_CURVE('',#4066,#2734,#4074,.T.);
#4074 = LINE('',#4075,#4076);
#4075 = CARTESIAN_POINT('',(4.713812652461,-1.697076980429,5.));
#4076 = VECTOR('',#4077,1.);
#4077 = DIRECTION('',(0.940880768954,-0.338737920245,-7.521492767399E-17
    ));
#4078 = ORIENTED_EDGE('',*,*,#2733,.T.);
#4079 = PLANE('',#4080);
#4080 = AXIS2_PLACEMENT_3D('',#4081,#4082,#4083);
#4081 = CARTESIAN_POINT('',(5.889913613653,-2.120499380736,2.5));
#4082 = DIRECTION('',(0.338737920245,0.940880768954,-1.312710630103E-17)
  );
#4083 = DIRECTION('',(7.521492767399E-17,-1.312710630103E-17,1.));
#4084 = ADVANCED_FACE('',(#4085),#4110,.F.);
#4085 = FACE_BOUND('',#4086,.F.);
#4086 = EDGE_LOOP('',(#4087,#4095,#4103,#4109));
#4087 = ORIENTED_EDGE('',*,*,#4088,.T.);
#4088 = EDGE_CURVE('',#32,#4089,#4091,.T.);
#4089 = VERTEX_POINT('',#4090);
#4090 = CARTESIAN_POINT('',(-4.713812652461,1.697076980429,
    -4.647337154906E-15));
#4091 = LINE('',#4092,#4093);
#4092 = CARTESIAN_POINT('',(-7.066014574846,2.543921781042,
    -6.966367671325E-15));
#4093 = VECTOR('',#4094,1.);
#4094 = DIRECTION('',(0.940880768954,-0.338737920245,9.27612206568E-16)
  );
#4095 = ORIENTED_EDGE('',*,*,#4096,.T.);
#4096 = EDGE_CURVE('',#4089,#4097,#4099,.T.);
#4097 = VERTEX_POINT('',#4098);
#4098 = CARTESIAN_POINT('',(-4.713812652461,1.697076980429,5.));
#4099 = LINE('',#4100,#4101);
#4100 = CARTESIAN_POINT('',(-4.713812652461,1.697076980429,
    -4.647337154906E-15));
#4101 = VECTOR('',#4102,1.);
#4102 = DIRECTION('',(-6.661338147751E-16,8.881784197001E-16,1.));
#4103 = ORIENTED_EDGE('',*,*,#4104,.T.);
#4104 = EDGE_CURVE('',#4097,#41,#4105,.T.);
#4105 = LINE('',#4106,#4107);
#4106 = CARTESIAN_POINT('',(-4.713812652461,1.697076980429,5.));
#4107 = VECTOR('',#4108,1.);
#4108 = DIRECTION('',(-0.940880768954,0.338737920245,-9.27612206568E-16)
  );
#4109 = ORIENTED_EDGE('',*,*,#40,.T.);
#4110 = PLANE('',#4111);
#4111 = AXIS2_PLACEMENT_3D('',#4112,#4113,#4114);
#4112 = CARTESIAN_POINT('',(-5.889913613653,2.120499380736,2.5));
#4113 = DIRECTION('',(-0.338737920245,-0.940880768954,3.87980606549E-16)
  );
#4114 = DIRECTION('',(-7.413487424491E-16,6.792609210761E-16,1.));
#4115 = ADVANCED_FACE('',(#4116),#4141,.F.);
#4116 = FACE_BOUND('',#4117,.T.);
#4117 = EDGE_LOOP('',(#4118,#4126,#4134,#4140));
#4118 = ORIENTED_EDGE('',*,*,#4119,.T.);
#4119 = EDGE_CURVE('',#24,#4120,#4122,.T.);
#4120 = VERTEX_POINT('',#4121);
#4121 = CARTESIAN_POINT('',(-1.697076980429,4.713812652461,
    -2.763203216672E-15));
#4122 = LINE('',#4123,#4124);
#4123 = CARTESIAN_POINT('',(-2.543921781042,7.066014574846,
    -4.142047137167E-15));
#4124 = VECTOR('',#4125,1.);
#4125 = DIRECTION('',(0.338737920245,-0.940880768954,5.51537568198E-16)
  );
#4126 = ORIENTED_EDGE('',*,*,#4127,.T.);
#4127 = EDGE_CURVE('',#4120,#4128,#4130,.T.);
#4128 = VERTEX_POINT('',#4129);
#4129 = CARTESIAN_POINT('',(-1.697076980429,4.713812652461,5.));
#4130 = LINE('',#4131,#4132);
#4131 = CARTESIAN_POINT('',(-1.697076980429,4.713812652461,
    -2.763203216672E-15));
#4132 = VECTOR('',#4133,1.);
#4133 = DIRECTION('',(2.22044604925E-16,6.661338147751E-16,1.));
#4134 = ORIENTED_EDGE('',*,*,#4135,.T.);
#4135 = EDGE_CURVE('',#4128,#22,#4136,.T.);
#4136 = LINE('',#4137,#4138);
#4137 = CARTESIAN_POINT('',(-1.697076980429,4.713812652461,5.));
#4138 = VECTOR('',#4139,1.);
#4139 = DIRECTION('',(-0.338737920245,0.940880768954,-5.51537568198E-16)
  );
#4140 = ORIENTED_EDGE('',*,*,#21,.T.);
#4141 = PLANE('',#4142);
#4142 = AXIS2_PLACEMENT_3D('',#4143,#4144,#4145);
#4143 = CARTESIAN_POINT('',(-2.120499380736,5.889913613653,2.5));
#4144 = DIRECTION('',(0.940880768954,0.338737920245,-6.56606886571E-16)
  );
#4145 = DIRECTION('',(-4.30962103549E-16,-7.413487424491E-16,-1.));
#4146 = ADVANCED_FACE('',(#4147),#4172,.F.);
#4147 = FACE_BOUND('',#4148,.F.);
#4148 = EDGE_LOOP('',(#4149,#4157,#4165,#4171));
#4149 = ORIENTED_EDGE('',*,*,#4150,.T.);
#4150 = EDGE_CURVE('',#2536,#4151,#4153,.T.);
#4151 = VERTEX_POINT('',#4152);
#4152 = CARTESIAN_POINT('',(1.697076980429,4.713812652461,
    -3.516856791965E-15));
#4153 = LINE('',#4154,#4155);
#4154 = CARTESIAN_POINT('',(2.543921781042,7.066014574846,
    -5.27177535083E-15));
#4155 = VECTOR('',#4156,1.);
#4156 = DIRECTION('',(-0.338737920245,-0.940880768954,7.01967423546E-16)
  );
#4157 = ORIENTED_EDGE('',*,*,#4158,.T.);
#4158 = EDGE_CURVE('',#4151,#4159,#4161,.T.);
#4159 = VERTEX_POINT('',#4160);
#4160 = CARTESIAN_POINT('',(1.697076980429,4.713812652461,5.));
#4161 = LINE('',#4162,#4163);
#4162 = CARTESIAN_POINT('',(1.697076980429,4.713812652461,
    -3.516856791965E-15));
#4163 = VECTOR('',#4164,1.);
#4164 = DIRECTION('',(2.22044604925E-16,6.661338147751E-16,1.));
#4165 = ORIENTED_EDGE('',*,*,#4166,.T.);
#4166 = EDGE_CURVE('',#4159,#2545,#4167,.T.);
#4167 = LINE('',#4168,#4169);
#4168 = CARTESIAN_POINT('',(1.697076980429,4.713812652461,5.));
#4169 = VECTOR('',#4170,1.);
#4170 = DIRECTION('',(0.338737920245,0.940880768954,-7.01967423546E-16)
  );
#4171 = ORIENTED_EDGE('',*,*,#2544,.T.);
#4172 = PLANE('',#4173);
#4173 = AXIS2_PLACEMENT_3D('',#4174,#4175,#4176);
#4174 = CARTESIAN_POINT('',(2.120499380736,5.889913613653,2.5));
#4175 = DIRECTION('',(-0.940880768954,0.338737920245,-2.38771889323E-16)
  );
#4176 = DIRECTION('',(1.312710630103E-17,7.413487424491E-16,1.));
#4177 = ADVANCED_FACE('',(#4178),#4203,.F.);
#4178 = FACE_BOUND('',#4179,.T.);
#4179 = EDGE_LOOP('',(#4180,#4188,#4196,#4202));
#4180 = ORIENTED_EDGE('',*,*,#4181,.T.);
#4181 = EDGE_CURVE('',#2528,#4182,#4184,.T.);
#4182 = VERTEX_POINT('',#4183);
#4183 = CARTESIAN_POINT('',(4.713812652461,1.697076980429,
    3.768267876467E-16));
#4184 = LINE('',#4185,#4186);
#4185 = CARTESIAN_POINT('',(7.066014574846,2.543921781042,
    5.648641068317E-16));
#4186 = VECTOR('',#4187,1.);
#4187 = DIRECTION('',(-0.940880768954,-0.338737920245,
    -7.521492767399E-17));
#4188 = ORIENTED_EDGE('',*,*,#4189,.T.);
#4189 = EDGE_CURVE('',#4182,#4190,#4192,.T.);
#4190 = VERTEX_POINT('',#4191);
#4191 = CARTESIAN_POINT('',(4.713812652461,1.697076980429,5.));
#4192 = LINE('',#4193,#4194);
#4193 = CARTESIAN_POINT('',(4.713812652461,1.697076980429,
    3.768267876467E-16));
#4194 = VECTOR('',#4195,1.);
#4195 = DIRECTION('',(0.,-2.22044604925E-16,1.));
#4196 = ORIENTED_EDGE('',*,*,#4197,.T.);
#4197 = EDGE_CURVE('',#4190,#2519,#4198,.T.);
#4198 = LINE('',#4199,#4200);
#4199 = CARTESIAN_POINT('',(4.713812652461,1.697076980429,5.));
#4200 = VECTOR('',#4201,1.);
#4201 = DIRECTION('',(0.940880768954,0.338737920245,7.521492767399E-17)
  );
#4202 = ORIENTED_EDGE('',*,*,#2527,.T.);
#4203 = PLANE('',#4204);
#4204 = AXIS2_PLACEMENT_3D('',#4205,#4206,#4207);
#4205 = CARTESIAN_POINT('',(5.889913613653,2.120499380736,2.5));
#4206 = DIRECTION('',(0.338737920245,-0.940880768954,-4.30962103549E-16)
  );
#4207 = DIRECTION('',(-7.521492767399E-17,4.30962103549E-16,-1.));
#4208 = ADVANCED_FACE('',(#4209,#4254),#4313,.T.);
#4209 = FACE_BOUND('',#4210,.T.);
#4210 = EDGE_LOOP('',(#4211,#4212,#4213,#4214,#4215,#4216,#4217,#4218,
    #4219,#4220,#4221,#4222,#4223,#4224,#4225,#4226,#4227,#4228,#4229,
    #4230,#4231,#4232,#4233,#4234,#4235,#4236,#4237,#4238,#4239,#4240,
    #4241,#4242,#4243,#4244,#4245,#4246,#4247,#4248,#4249,#4250,#4251,
    #4252,#4253));
#4211 = ORIENTED_EDGE('',*,*,#227,.F.);
#4212 = ORIENTED_EDGE('',*,*,#582,.F.);
#4213 = ORIENTED_EDGE('',*,*,#657,.T.);
#4214 = ORIENTED_EDGE('',*,*,#714,.F.);
#4215 = ORIENTED_EDGE('',*,*,#790,.F.);
#4216 = ORIENTED_EDGE('',*,*,#855,.T.);
#4217 = ORIENTED_EDGE('',*,*,#912,.T.);
#4218 = ORIENTED_EDGE('',*,*,#984,.F.);
#4219 = ORIENTED_EDGE('',*,*,#1193,.F.);
#4220 = ORIENTED_EDGE('',*,*,#1324,.T.);
#4221 = ORIENTED_EDGE('',*,*,#1396,.F.);
#4222 = ORIENTED_EDGE('',*,*,#1480,.F.);
#4223 = ORIENTED_EDGE('',*,*,#1553,.T.);
#4224 = ORIENTED_EDGE('',*,*,#1610,.T.);
#4225 = ORIENTED_EDGE('',*,*,#1682,.F.);
#4226 = ORIENTED_EDGE('',*,*,#1891,.F.);
#4227 = ORIENTED_EDGE('',*,*,#2022,.T.);
#4228 = ORIENTED_EDGE('',*,*,#2092,.F.);
#4229 = ORIENTED_EDGE('',*,*,#2168,.F.);
#4230 = ORIENTED_EDGE('',*,*,#2233,.T.);
#4231 = ORIENTED_EDGE('',*,*,#2290,.T.);
#4232 = ORIENTED_EDGE('',*,*,#2362,.F.);
#4233 = ORIENTED_EDGE('',*,*,#2437,.F.);
#4234 = ORIENTED_EDGE('',*,*,#2331,.T.);
#4235 = ORIENTED_EDGE('',*,*,#2249,.F.);
#4236 = ORIENTED_EDGE('',*,*,#2200,.F.);
#4237 = ORIENTED_EDGE('',*,*,#2135,.T.);
#4238 = ORIENTED_EDGE('',*,*,#2053,.T.);
#4239 = ORIENTED_EDGE('',*,*,#1991,.F.);
#4240 = ORIENTED_EDGE('',*,*,#1807,.F.);
#4241 = ORIENTED_EDGE('',*,*,#1651,.T.);
#4242 = ORIENTED_EDGE('',*,*,#1569,.F.);
#4243 = ORIENTED_EDGE('',*,*,#1520,.F.);
#4244 = ORIENTED_EDGE('',*,*,#1447,.T.);
#4245 = ORIENTED_EDGE('',*,*,#1355,.T.);
#4246 = ORIENTED_EDGE('',*,*,#1293,.F.);
#4247 = ORIENTED_EDGE('',*,*,#1117,.F.);
#4248 = ORIENTED_EDGE('',*,*,#953,.T.);
#4249 = ORIENTED_EDGE('',*,*,#871,.F.);
#4250 = ORIENTED_EDGE('',*,*,#822,.F.);
#4251 = ORIENTED_EDGE('',*,*,#757,.T.);
#4252 = ORIENTED_EDGE('',*,*,#688,.T.);
#4253 = ORIENTED_EDGE('',*,*,#320,.F.);
#4254 = FACE_BOUND('',#4255,.T.);
#4255 = EDGE_LOOP('',(#4256,#4257,#4258,#4267,#4274,#4275,#4276,#4277,
    #4286,#4293,#4294,#4295,#4296,#4305,#4312));
#4256 = ORIENTED_EDGE('',*,*,#2724,.F.);
#4257 = ORIENTED_EDGE('',*,*,#4057,.T.);
#4258 = ORIENTED_EDGE('',*,*,#4259,.F.);
#4259 = EDGE_CURVE('',#4260,#4058,#4262,.T.);
#4260 = VERTEX_POINT('',#4261);
#4261 = CARTESIAN_POINT('',(5.01,0.,0.));
#4262 = CIRCLE('',#4263,5.01);
#4263 = AXIS2_PLACEMENT_3D('',#4264,#4265,#4266);
#4264 = CARTESIAN_POINT('',(0.,0.,0.));
#4265 = DIRECTION('',(0.,2.22044604925E-16,-1.));
#4266 = DIRECTION('',(1.,0.,0.));
#4267 = ORIENTED_EDGE('',*,*,#4268,.T.);
#4268 = EDGE_CURVE('',#4260,#4182,#4269,.T.);
#4269 = CIRCLE('',#4270,5.01);
#4270 = AXIS2_PLACEMENT_3D('',#4271,#4272,#4273);
#4271 = CARTESIAN_POINT('',(0.,0.,0.));
#4272 = DIRECTION('',(0.,-2.22044604925E-16,1.));
#4273 = DIRECTION('',(1.,0.,0.));
#4274 = ORIENTED_EDGE('',*,*,#4181,.F.);
#4275 = ORIENTED_EDGE('',*,*,#2535,.F.);
#4276 = ORIENTED_EDGE('',*,*,#4150,.T.);
#4277 = ORIENTED_EDGE('',*,*,#4278,.F.);
#4278 = EDGE_CURVE('',#4279,#4151,#4281,.T.);
#4279 = VERTEX_POINT('',#4280);
#4280 = CARTESIAN_POINT('',(5.562217353372E-16,5.01,-3.337330412023E-15)
  );
#4281 = CIRCLE('',#4282,5.01);
#4282 = AXIS2_PLACEMENT_3D('',#4283,#4284,#4285);
#4283 = CARTESIAN_POINT('',(0.,0.,0.));
#4284 = DIRECTION('',(-2.22044604925E-16,-6.661338147751E-16,-1.));
#4285 = DIRECTION('',(1.110223024625E-16,1.,-6.661338147751E-16));
#4286 = ORIENTED_EDGE('',*,*,#4287,.T.);
#4287 = EDGE_CURVE('',#4279,#4120,#4288,.T.);
#4288 = CIRCLE('',#4289,5.01);
#4289 = AXIS2_PLACEMENT_3D('',#4290,#4291,#4292);
#4290 = CARTESIAN_POINT('',(0.,0.,0.));
#4291 = DIRECTION('',(2.22044604925E-16,6.661338147751E-16,1.));
#4292 = DIRECTION('',(1.110223024625E-16,1.,-6.661338147751E-16));
#4293 = ORIENTED_EDGE('',*,*,#4119,.F.);
#4294 = ORIENTED_EDGE('',*,*,#31,.F.);
#4295 = ORIENTED_EDGE('',*,*,#4088,.T.);
#4296 = ORIENTED_EDGE('',*,*,#4297,.F.);
#4297 = EDGE_CURVE('',#4298,#4089,#4300,.T.);
#4298 = VERTEX_POINT('',#4299);
#4299 = CARTESIAN_POINT('',(-5.01,6.135480463728E-16,-3.337330412023E-15
    ));
#4300 = CIRCLE('',#4301,5.01);
#4301 = AXIS2_PLACEMENT_3D('',#4302,#4303,#4304);
#4302 = CARTESIAN_POINT('',(0.,0.,0.));
#4303 = DIRECTION('',(6.661338147751E-16,-8.881784197001E-16,-1.));
#4304 = DIRECTION('',(-1.,1.224646799147E-16,-6.661338147751E-16));
#4305 = ORIENTED_EDGE('',*,*,#4306,.T.);
#4306 = EDGE_CURVE('',#4298,#4027,#4307,.T.);
#4307 = CIRCLE('',#4308,5.01);
#4308 = AXIS2_PLACEMENT_3D('',#4309,#4310,#4311);
#4309 = CARTESIAN_POINT('',(0.,0.,0.));
#4310 = DIRECTION('',(-6.661338147751E-16,8.881784197001E-16,1.));
#4311 = DIRECTION('',(-1.,1.224646799147E-16,-6.661338147751E-16));
#4312 = ORIENTED_EDGE('',*,*,#4026,.F.);
#4313 = PLANE('',#4314);
#4314 = AXIS2_PLACEMENT_3D('',#4315,#4316,#4317);
#4315 = CARTESIAN_POINT('',(1.215844103128E-03,2.202783664817E-15,
    -1.17610201391E-15));
#4316 = DIRECTION('',(3.099550018407E-16,-2.255030387263E-16,-1.));
#4317 = DIRECTION('',(-1.,0.,-3.099550018407E-16));
#4318 = ADVANCED_FACE('',(#4319),#4363,.T.);
#4319 = FACE_BOUND('',#4320,.T.);
#4320 = EDGE_LOOP('',(#4321,#4322,#4323,#4324,#4333,#4340,#4341,#4342,
    #4343,#4344,#4345,#4354,#4361,#4362));
#4321 = ORIENTED_EDGE('',*,*,#480,.T.);
#4322 = ORIENTED_EDGE('',*,*,#2518,.T.);
#4323 = ORIENTED_EDGE('',*,*,#4197,.F.);
#4324 = ORIENTED_EDGE('',*,*,#4325,.F.);
#4325 = EDGE_CURVE('',#4326,#4190,#4328,.T.);
#4326 = VERTEX_POINT('',#4327);
#4327 = CARTESIAN_POINT('',(5.01,-1.110223024625E-15,5.));
#4328 = CIRCLE('',#4329,5.01);
#4329 = AXIS2_PLACEMENT_3D('',#4330,#4331,#4332);
#4330 = CARTESIAN_POINT('',(0.,-1.110223024625E-15,5.));
#4331 = DIRECTION('',(0.,-2.22044604925E-16,1.));
#4332 = DIRECTION('',(1.,0.,0.));
#4333 = ORIENTED_EDGE('',*,*,#4334,.T.);
#4334 = EDGE_CURVE('',#4326,#4066,#4335,.T.);
#4335 = CIRCLE('',#4336,5.01);
#4336 = AXIS2_PLACEMENT_3D('',#4337,#4338,#4339);
#4337 = CARTESIAN_POINT('',(0.,-1.110223024625E-15,5.));
#4338 = DIRECTION('',(0.,2.22044604925E-16,-1.));
#4339 = DIRECTION('',(1.,0.,0.));
#4340 = ORIENTED_EDGE('',*,*,#4073,.T.);
#4341 = ORIENTED_EDGE('',*,*,#2741,.T.);
#4342 = ORIENTED_EDGE('',*,*,#2682,.F.);
#4343 = ORIENTED_EDGE('',*,*,#633,.T.);
#4344 = ORIENTED_EDGE('',*,*,#2657,.T.);
#4345 = ORIENTED_EDGE('',*,*,#4346,.F.);
#4346 = EDGE_CURVE('',#4347,#2658,#4349,.T.);
#4347 = VERTEX_POINT('',#4348);
#4348 = CARTESIAN_POINT('',(7.51,-1.110223024625E-15,5.));
#4349 = CIRCLE('',#4350,7.51);
#4350 = AXIS2_PLACEMENT_3D('',#4351,#4352,#4353);
#4351 = CARTESIAN_POINT('',(0.,-1.110223024625E-15,5.));
#4352 = DIRECTION('',(0.,2.22044604925E-16,-1.));
#4353 = DIRECTION('',(1.,0.,0.));
#4354 = ORIENTED_EDGE('',*,*,#4355,.T.);
#4355 = EDGE_CURVE('',#4347,#506,#4356,.T.);
#4356 = CIRCLE('',#4357,7.51);
#4357 = AXIS2_PLACEMENT_3D('',#4358,#4359,#4360);
#4358 = CARTESIAN_POINT('',(0.,-1.110223024625E-15,5.));
#4359 = DIRECTION('',(0.,-2.22044604925E-16,1.));
#4360 = DIRECTION('',(1.,0.,0.));
#4361 = ORIENTED_EDGE('',*,*,#505,.F.);
#4362 = ORIENTED_EDGE('',*,*,#263,.T.);
#4363 = PLANE('',#4364);
#4364 = AXIS2_PLACEMENT_3D('',#4365,#4366,#4367);
#4365 = CARTESIAN_POINT('',(6.933409716344,-2.953189037075E-15,5.));
#4366 = DIRECTION('',(0.,0.,1.));
#4367 = DIRECTION('',(1.,0.,0.));
#4368 = ADVANCED_FACE('',(#4369),#4413,.T.);
#4369 = FACE_BOUND('',#4370,.T.);
#4370 = EDGE_LOOP('',(#4371,#4372,#4373,#4374,#4375,#4384,#4391,#4392,
    #4393,#4394,#4395,#4396,#4405,#4412));
#4371 = ORIENTED_EDGE('',*,*,#2552,.T.);
#4372 = ORIENTED_EDGE('',*,*,#3179,.F.);
#4373 = ORIENTED_EDGE('',*,*,#1066,.T.);
#4374 = ORIENTED_EDGE('',*,*,#3154,.T.);
#4375 = ORIENTED_EDGE('',*,*,#4376,.F.);
#4376 = EDGE_CURVE('',#4377,#3155,#4379,.T.);
#4377 = VERTEX_POINT('',#4378);
#4378 = CARTESIAN_POINT('',(1.944000516119E-15,7.51,5.));
#4379 = CIRCLE('',#4380,7.51);
#4380 = AXIS2_PLACEMENT_3D('',#4381,#4382,#4383);
#4381 = CARTESIAN_POINT('',(1.110223024625E-15,3.330669073875E-15,5.));
#4382 = DIRECTION('',(-2.22044604925E-16,-6.661338147751E-16,-1.));
#4383 = DIRECTION('',(1.110223024625E-16,1.,-6.661338147751E-16));
#4384 = ORIENTED_EDGE('',*,*,#4385,.T.);
#4385 = EDGE_CURVE('',#4377,#3503,#4386,.T.);
#4386 = CIRCLE('',#4387,7.51);
#4387 = AXIS2_PLACEMENT_3D('',#4388,#4389,#4390);
#4388 = CARTESIAN_POINT('',(1.110223024625E-15,3.330669073875E-15,5.));
#4389 = DIRECTION('',(2.22044604925E-16,6.661338147751E-16,1.));
#4390 = DIRECTION('',(1.110223024625E-16,1.,-6.661338147751E-16));
#4391 = ORIENTED_EDGE('',*,*,#3502,.F.);
#4392 = ORIENTED_EDGE('',*,*,#1723,.T.);
#4393 = ORIENTED_EDGE('',*,*,#3630,.T.);
#4394 = ORIENTED_EDGE('',*,*,#134,.T.);
#4395 = ORIENTED_EDGE('',*,*,#4135,.F.);
#4396 = ORIENTED_EDGE('',*,*,#4397,.F.);
#4397 = EDGE_CURVE('',#4398,#4128,#4400,.T.);
#4398 = VERTEX_POINT('',#4399);
#4399 = CARTESIAN_POINT('',(1.666444759962E-15,5.01,5.));
#4400 = CIRCLE('',#4401,5.01);
#4401 = AXIS2_PLACEMENT_3D('',#4402,#4403,#4404);
#4402 = CARTESIAN_POINT('',(1.110223024625E-15,3.330669073875E-15,5.));
#4403 = DIRECTION('',(2.22044604925E-16,6.661338147751E-16,1.));
#4404 = DIRECTION('',(1.110223024625E-16,1.,-6.661338147751E-16));
#4405 = ORIENTED_EDGE('',*,*,#4406,.T.);
#4406 = EDGE_CURVE('',#4398,#4159,#4407,.T.);
#4407 = CIRCLE('',#4408,5.01);
#4408 = AXIS2_PLACEMENT_3D('',#4409,#4410,#4411);
#4409 = CARTESIAN_POINT('',(1.110223024625E-15,3.330669073875E-15,5.));
#4410 = DIRECTION('',(-2.22044604925E-16,-6.661338147751E-16,-1.));
#4411 = DIRECTION('',(1.110223024625E-16,1.,-6.661338147751E-16));
#4412 = ORIENTED_EDGE('',*,*,#4166,.T.);
#4413 = PLANE('',#4414);
#4414 = AXIS2_PLACEMENT_3D('',#4415,#4416,#4417);
#4415 = CARTESIAN_POINT('',(-4.632453391491E-15,6.933409716344,5.));
#4416 = DIRECTION('',(-4.276510496288E-16,0.,1.));
#4417 = DIRECTION('',(1.,0.,4.276510496288E-16));
#4418 = ADVANCED_FACE('',(#4419),#4463,.T.);
#4419 = FACE_BOUND('',#4420,.T.);
#4420 = EDGE_LOOP('',(#4421,#4422,#4423,#4424,#4433,#4440,#4441,#4442,
    #4443,#4444,#4445,#4454,#4461,#4462));
#4421 = ORIENTED_EDGE('',*,*,#4009,.T.);
#4422 = ORIENTED_EDGE('',*,*,#2947,.T.);
#4423 = ORIENTED_EDGE('',*,*,#4042,.F.);
#4424 = ORIENTED_EDGE('',*,*,#4425,.F.);
#4425 = EDGE_CURVE('',#4426,#4035,#4428,.T.);
#4426 = VERTEX_POINT('',#4427);
#4427 = CARTESIAN_POINT('',(-5.01,5.054440144873E-15,5.));
#4428 = CIRCLE('',#4429,5.01);
#4429 = AXIS2_PLACEMENT_3D('',#4430,#4431,#4432);
#4430 = CARTESIAN_POINT('',(-3.330669073875E-15,4.440892098501E-15,5.));
#4431 = DIRECTION('',(-6.661338147751E-16,8.881784197001E-16,1.));
#4432 = DIRECTION('',(-1.,1.224646799147E-16,-6.661338147751E-16));
#4433 = ORIENTED_EDGE('',*,*,#4434,.T.);
#4434 = EDGE_CURVE('',#4426,#4097,#4435,.T.);
#4435 = CIRCLE('',#4436,5.01);
#4436 = AXIS2_PLACEMENT_3D('',#4437,#4438,#4439);
#4437 = CARTESIAN_POINT('',(-3.330669073875E-15,4.440892098501E-15,5.));
#4438 = DIRECTION('',(6.661338147751E-16,-8.881784197001E-16,-1.));
#4439 = DIRECTION('',(-1.,1.224646799147E-16,-6.661338147751E-16));
#4440 = ORIENTED_EDGE('',*,*,#4104,.T.);
#4441 = ORIENTED_EDGE('',*,*,#48,.T.);
#4442 = ORIENTED_EDGE('',*,*,#3991,.F.);
#4443 = ORIENTED_EDGE('',*,*,#2469,.T.);
#4444 = ORIENTED_EDGE('',*,*,#3966,.T.);
#4445 = ORIENTED_EDGE('',*,*,#4446,.F.);
#4446 = EDGE_CURVE('',#4447,#3967,#4449,.T.);
#4447 = VERTEX_POINT('',#4448);
#4448 = CARTESIAN_POINT('',(-7.51,5.36060184466E-15,5.));
#4449 = CIRCLE('',#4450,7.51);
#4450 = AXIS2_PLACEMENT_3D('',#4451,#4452,#4453);
#4451 = CARTESIAN_POINT('',(-3.330669073875E-15,4.440892098501E-15,5.));
#4452 = DIRECTION('',(6.661338147751E-16,-8.881784197001E-16,-1.));
#4453 = DIRECTION('',(-1.,1.224646799147E-16,-6.661338147751E-16));
#4454 = ORIENTED_EDGE('',*,*,#4455,.T.);
#4455 = EDGE_CURVE('',#4447,#3898,#4456,.T.);
#4456 = CIRCLE('',#4457,7.51);
#4457 = AXIS2_PLACEMENT_3D('',#4458,#4459,#4460);
#4458 = CARTESIAN_POINT('',(-3.330669073875E-15,4.440892098501E-15,5.));
#4459 = DIRECTION('',(-6.661338147751E-16,8.881784197001E-16,1.));
#4460 = DIRECTION('',(-1.,1.224646799147E-16,-6.661338147751E-16));
#4461 = ORIENTED_EDGE('',*,*,#3897,.F.);
#4462 = ORIENTED_EDGE('',*,*,#2393,.T.);
#4463 = PLANE('',#4464);
#4464 = AXIS2_PLACEMENT_3D('',#4465,#4466,#4467);
#4465 = CARTESIAN_POINT('',(-6.933409716344,4.063925020717E-15,5.));
#4466 = DIRECTION('',(0.,8.162918252103E-16,1.));
#4467 = DIRECTION('',(0.,1.,-8.162918252103E-16));
#4468 = ADVANCED_FACE('',(#4469),#4477,.T.);
#4469 = FACE_BOUND('',#4470,.F.);
#4470 = EDGE_LOOP('',(#4471,#4472,#4473,#4474,#4475,#4476));
#4471 = ORIENTED_EDGE('',*,*,#2666,.F.);
#4472 = ORIENTED_EDGE('',*,*,#4346,.F.);
#4473 = ORIENTED_EDGE('',*,*,#4355,.T.);
#4474 = ORIENTED_EDGE('',*,*,#514,.T.);
#4475 = ORIENTED_EDGE('',*,*,#566,.T.);
#4476 = ORIENTED_EDGE('',*,*,#537,.T.);
#4477 = CYLINDRICAL_SURFACE('',#4478,7.51);
#4478 = AXIS2_PLACEMENT_3D('',#4479,#4480,#4481);
#4479 = CARTESIAN_POINT('',(0.,-1.110223024625E-15,5.));
#4480 = DIRECTION('',(0.,2.22044604925E-16,-1.));
#4481 = DIRECTION('',(1.,0.,0.));
#4482 = ADVANCED_FACE('',(#4483),#4491,.T.);
#4483 = FACE_BOUND('',#4484,.T.);
#4484 = EDGE_LOOP('',(#4485,#4486,#4487,#4488,#4489,#4490));
#4485 = ORIENTED_EDGE('',*,*,#4385,.F.);
#4486 = ORIENTED_EDGE('',*,*,#4376,.T.);
#4487 = ORIENTED_EDGE('',*,*,#3163,.T.);
#4488 = ORIENTED_EDGE('',*,*,#3100,.F.);
#4489 = ORIENTED_EDGE('',*,*,#3138,.F.);
#4490 = ORIENTED_EDGE('',*,*,#3511,.F.);
#4491 = CYLINDRICAL_SURFACE('',#4492,7.51);
#4492 = AXIS2_PLACEMENT_3D('',#4493,#4494,#4495);
#4493 = CARTESIAN_POINT('',(1.110223024625E-15,3.330669073875E-15,5.));
#4494 = DIRECTION('',(-2.22044604925E-16,-6.661338147751E-16,-1.));
#4495 = DIRECTION('',(1.110223024625E-16,1.,-6.661338147751E-16));
#4496 = ADVANCED_FACE('',(#4497),#4505,.T.);
#4497 = FACE_BOUND('',#4498,.F.);
#4498 = EDGE_LOOP('',(#4499,#4500,#4501,#4502,#4503,#4504));
#4499 = ORIENTED_EDGE('',*,*,#4455,.T.);
#4500 = ORIENTED_EDGE('',*,*,#3906,.T.);
#4501 = ORIENTED_EDGE('',*,*,#3950,.T.);
#4502 = ORIENTED_EDGE('',*,*,#3929,.T.);
#4503 = ORIENTED_EDGE('',*,*,#3975,.F.);
#4504 = ORIENTED_EDGE('',*,*,#4446,.F.);
#4505 = CYLINDRICAL_SURFACE('',#4506,7.51);
#4506 = AXIS2_PLACEMENT_3D('',#4507,#4508,#4509);
#4507 = CARTESIAN_POINT('',(-3.330669073875E-15,4.440892098501E-15,5.));
#4508 = DIRECTION('',(6.661338147751E-16,-8.881784197001E-16,-1.));
#4509 = DIRECTION('',(-1.,1.224646799147E-16,-6.661338147751E-16));
#4510 = ADVANCED_FACE('',(#4511),#4519,.F.);
#4511 = FACE_BOUND('',#4512,.F.);
#4512 = EDGE_LOOP('',(#4513,#4514,#4515,#4516,#4517,#4518));
#4513 = ORIENTED_EDGE('',*,*,#4096,.F.);
#4514 = ORIENTED_EDGE('',*,*,#4297,.F.);
#4515 = ORIENTED_EDGE('',*,*,#4306,.T.);
#4516 = ORIENTED_EDGE('',*,*,#4034,.T.);
#4517 = ORIENTED_EDGE('',*,*,#4425,.F.);
#4518 = ORIENTED_EDGE('',*,*,#4434,.T.);
#4519 = CYLINDRICAL_SURFACE('',#4520,5.01);
#4520 = AXIS2_PLACEMENT_3D('',#4521,#4522,#4523);
#4521 = CARTESIAN_POINT('',(0.,0.,0.));
#4522 = DIRECTION('',(-6.661338147751E-16,8.881784197001E-16,1.));
#4523 = DIRECTION('',(-1.,1.224646799147E-16,-6.661338147751E-16));
#4524 = ADVANCED_FACE('',(#4525),#4533,.F.);
#4525 = FACE_BOUND('',#4526,.F.);
#4526 = EDGE_LOOP('',(#4527,#4528,#4529,#4530,#4531,#4532));
#4527 = ORIENTED_EDGE('',*,*,#4158,.F.);
#4528 = ORIENTED_EDGE('',*,*,#4278,.F.);
#4529 = ORIENTED_EDGE('',*,*,#4287,.T.);
#4530 = ORIENTED_EDGE('',*,*,#4127,.T.);
#4531 = ORIENTED_EDGE('',*,*,#4397,.F.);
#4532 = ORIENTED_EDGE('',*,*,#4406,.T.);
#4533 = CYLINDRICAL_SURFACE('',#4534,5.01);
#4534 = AXIS2_PLACEMENT_3D('',#4535,#4536,#4537);
#4535 = CARTESIAN_POINT('',(0.,0.,0.));
#4536 = DIRECTION('',(2.22044604925E-16,6.661338147751E-16,1.));
#4537 = DIRECTION('',(1.110223024625E-16,1.,-6.661338147751E-16));
#4538 = ADVANCED_FACE('',(#4539),#4547,.F.);
#4539 = FACE_BOUND('',#4540,.F.);
#4540 = EDGE_LOOP('',(#4541,#4542,#4543,#4544,#4545,#4546));
#4541 = ORIENTED_EDGE('',*,*,#4268,.T.);
#4542 = ORIENTED_EDGE('',*,*,#4189,.T.);
#4543 = ORIENTED_EDGE('',*,*,#4325,.F.);
#4544 = ORIENTED_EDGE('',*,*,#4334,.T.);
#4545 = ORIENTED_EDGE('',*,*,#4065,.F.);
#4546 = ORIENTED_EDGE('',*,*,#4259,.F.);
#4547 = CYLINDRICAL_SURFACE('',#4548,5.01);
#4548 = AXIS2_PLACEMENT_3D('',#4549,#4550,#4551);
#4549 = CARTESIAN_POINT('',(0.,0.,0.));
#4550 = DIRECTION('',(0.,-2.22044604925E-16,1.));
#4551 = DIRECTION('',(1.,0.,0.));
#4552 = ( GEOMETRIC_REPRESENTATION_CONTEXT(3) 
GLOBAL_UNCERTAINTY_ASSIGNED_CONTEXT((#4556)) 
GLOBAL_UNIT_ASSIGNED_CONTEXT((#4553,#4554,#4555)) REPRESENTATION_CONTEXT
('Context #1','3D Context with UNIT and UNCERTAINTY') );
#4553 = ( LENGTH_UNIT() NAMED_UNIT(*) SI_UNIT(.MILLI.,.METRE.) );
#4554 = ( NAMED_UNIT(*) PLANE_ANGLE_UNIT() SI_UNIT($,.RADIAN.) );
#4555 = ( NAMED_UNIT(*) SI_UNIT($,.STERADIAN.) SOLID_ANGLE_UNIT() );
#4556 = UNCERTAINTY_MEASURE_WITH_UNIT(LENGTH_MEASURE(1.E-07),#4553,
  'distance_accuracy_value','confusion accuracy');
#4557 = PRODUCT_RELATED_PRODUCT_CATEGORY('part',$,(#7));
#4558 = MECHANICAL_DESIGN_GEOMETRIC_PRESENTATION_REPRESENTATION('',(
    #4559),#4552);
#4559 = STYLED_ITEM('color',(#4560),#15);
#4560 = PRESENTATION_STYLE_ASSIGNMENT((#4561,#4567));
#4561 = SURFACE_STYLE_USAGE(.BOTH.,#4562);
#4562 = SURFACE_SIDE_STYLE('',(#4563));
#4563 = SURFACE_STYLE_FILL_AREA(#4564);
#4564 = FILL_AREA_STYLE('',(#4565));
#4565 = FILL_AREA_STYLE_COLOUR('',#4566);
#4566 = COLOUR_RGB('',0.800000010877,0.800000010877,0.800000010877);
#4567 = CURVE_STYLE('',#4568,POSITIVE_LENGTH_MEASURE(0.1),#4569);
#4568 = DRAUGHTING_PRE_DEFINED_CURVE_FONT('continuous');
#4569 = COLOUR_RGB('',9.803921802644E-02,9.803921802644E-02,
  9.803921802644E-02);
ENDSEC;
END-ISO-10303-21;
