ISO-10303-21;
HEADER;
FILE_DESCRIPTION(('FreeCAD Model'),'2;1');
FILE_NAME('Open CASCADE Shape Model','2025-10-21T16:09:51',(''),(''),
  'Open CASCADE STEP processor 7.7','FreeCAD','Unknown');
FILE_SCHEMA(('AUTOMOTIVE_DESIGN { 1 0 10303 214 1 1 1 1 }'));
ENDSEC;
DATA;
#1 = APPLICATION_PROTOCOL_DEFINITION('international standard',
  'automotive_design',2000,#2);
#2 = APPLICATION_CONTEXT(
  'core data for automotive mechanical design processes');
#3 = SHAPE_DEFINITION_REPRESENTATION(#4,#10);
#4 = PRODUCT_DEFINITION_SHAPE('','',#5);
#5 = PRODUCT_DEFINITION('design','',#6,#9);
#6 = PRODUCT_DEFINITION_FORMATION('','',#7);
#7 = PRODUCT('Body','Body','',(#8));
#8 = PRODUCT_CONTEXT('',#2,'mechanical');
#9 = PRODUCT_DEFINITION_CONTEXT('part definition',#2,'design');
#10 = ADVANCED_BREP_SHAPE_REPRESENTATION('',(#11,#15),#5378);
#11 = AXIS2_PLACEMENT_3D('',#12,#13,#14);
#12 = CARTESIAN_POINT('',(0.,0.,0.));
#13 = DIRECTION('',(0.,0.,1.));
#14 = DIRECTION('',(1.,0.,-0.));
#15 = MANIFOLD_SOLID_BREP('',#16);
#16 = CLOSED_SHELL('',(#17,#170,#212,#253,#277,#302,#326,#694,#718,#743,
    #767,#801,#843,#869,#903,#921,#948,#966,#990,#1032,#1049,#1065,#1105
    ,#1127,#1140,#1172,#1197,#1230,#1263,#1287,#1311,#1447,#1583,#1607,
    #1631,#1664,#1697,#1722,#1745,#1770,#1787,#1820,#1833,#1857,#1993,
    #2017,#2050,#2075,#2100,#2117,#2150,#2183,#2207,#2231,#2367,#2486,
    #2510,#2534,#2567,#2600,#2625,#2643,#2767,#2791,#2815,#2831,#2864,
    #2881,#3035,#3046,#3063,#3081,#3092,#3109,#3149,#3166,#3178,#3195,
    #3207,#3224,#3241,#3267,#3309,#3335,#3369,#3385,#3402,#3429,#3523,
    #3541,#3558,#3570,#3583,#3617,#3633,#3650,#3675,#3687,#3711,#3728,
    #3740,#3773,#3790,#3807,#3833,#3875,#3971,#3997,#4015,#4028,#4052,
    #4069,#4081,#4093,#4126,#4143,#4160,#4195,#4229,#4315,#4349,#4365,
    #4382,#4409,#4427,#4440,#4457,#4469,#4503,#4519,#4536,#4555,#4719,
    #4744,#4761,#4772,#4789,#4800,#4817,#4828,#4853,#4877,#4893,#4910,
    #4942,#4953,#4970,#4987,#4999,#5016,#5027,#5051,#5067,#5084,#5116,
    #5133,#5150,#5167,#5179,#5196,#5207,#5224,#5241,#5253,#5264,#5295,
    #5322,#5349,#5366));
#17 = ADVANCED_FACE('',(#18),#165,.T.);
#18 = FACE_BOUND('',#19,.F.);
#19 = EDGE_LOOP('',(#20,#30,#39,#47,#56,#65,#73,#82,#90,#99,#107,#116,
    #124,#133,#141,#150,#158));
#20 = ORIENTED_EDGE('',*,*,#21,.F.);
#21 = EDGE_CURVE('',#22,#24,#26,.T.);
#22 = VERTEX_POINT('',#23);
#23 = CARTESIAN_POINT('',(-3.010914557381,-8.481414594757,5.));
#24 = VERTEX_POINT('',#25);
#25 = CARTESIAN_POINT('',(-3.010914557381,-8.481414594757,1.32));
#26 = LINE('',#27,#28);
#27 = CARTESIAN_POINT('',(-3.010914557381,-8.481414594757,0.));
#28 = VECTOR('',#29,1.);
#29 = DIRECTION('',(-0.,-0.,-1.));
#30 = ORIENTED_EDGE('',*,*,#31,.T.);
#31 = EDGE_CURVE('',#22,#32,#34,.T.);
#32 = VERTEX_POINT('',#33);
#33 = CARTESIAN_POINT('',(-1.633178802062,-8.850577777778,5.));
#34 = CIRCLE('',#35,9.);
#35 = AXIS2_PLACEMENT_3D('',#36,#37,#38);
#36 = CARTESIAN_POINT('',(0.,0.,5.));
#37 = DIRECTION('',(0.,0.,1.));
#38 = DIRECTION('',(1.,0.,0.));
#39 = ORIENTED_EDGE('',*,*,#40,.T.);
#40 = EDGE_CURVE('',#32,#41,#43,.T.);
#41 = VERTEX_POINT('',#42);
#42 = CARTESIAN_POINT('',(-1.633178802062,-8.850577777778,1.32));
#43 = LINE('',#44,#45);
#44 = CARTESIAN_POINT('',(-1.633178802062,-8.850577777778,0.));
#45 = VECTOR('',#46,1.);
#46 = DIRECTION('',(-0.,-0.,-1.));
#47 = ORIENTED_EDGE('',*,*,#48,.F.);
#48 = EDGE_CURVE('',#49,#41,#51,.T.);
#49 = VERTEX_POINT('',#50);
#50 = CARTESIAN_POINT('',(-3.E-15,-9.,1.32));
#51 = CIRCLE('',#52,9.);
#52 = AXIS2_PLACEMENT_3D('',#53,#54,#55);
#53 = CARTESIAN_POINT('',(0.,0.,1.32));
#54 = DIRECTION('',(0.,0.,-1.));
#55 = DIRECTION('',(1.,0.,0.));
#56 = ORIENTED_EDGE('',*,*,#57,.F.);
#57 = EDGE_CURVE('',#58,#49,#60,.T.);
#58 = VERTEX_POINT('',#59);
#59 = CARTESIAN_POINT('',(1.633178802062,-8.850577777778,1.32));
#60 = CIRCLE('',#61,9.);
#61 = AXIS2_PLACEMENT_3D('',#62,#63,#64);
#62 = CARTESIAN_POINT('',(0.,0.,1.32));
#63 = DIRECTION('',(0.,0.,-1.));
#64 = DIRECTION('',(1.,0.,0.));
#65 = ORIENTED_EDGE('',*,*,#66,.F.);
#66 = EDGE_CURVE('',#67,#58,#69,.T.);
#67 = VERTEX_POINT('',#68);
#68 = CARTESIAN_POINT('',(1.633178802062,-8.850577777778,5.));
#69 = LINE('',#70,#71);
#70 = CARTESIAN_POINT('',(1.633178802062,-8.850577777778,0.));
#71 = VECTOR('',#72,1.);
#72 = DIRECTION('',(-0.,-0.,-1.));
#73 = ORIENTED_EDGE('',*,*,#74,.T.);
#74 = EDGE_CURVE('',#67,#75,#77,.T.);
#75 = VERTEX_POINT('',#76);
#76 = CARTESIAN_POINT('',(3.010914557381,-8.481414594757,5.));
#77 = CIRCLE('',#78,9.);
#78 = AXIS2_PLACEMENT_3D('',#79,#80,#81);
#79 = CARTESIAN_POINT('',(0.,0.,5.));
#80 = DIRECTION('',(0.,0.,1.));
#81 = DIRECTION('',(1.,0.,0.));
#82 = ORIENTED_EDGE('',*,*,#83,.T.);
#83 = EDGE_CURVE('',#75,#84,#86,.T.);
#84 = VERTEX_POINT('',#85);
#85 = CARTESIAN_POINT('',(3.010914557381,-8.481414594757,1.32));
#86 = LINE('',#87,#88);
#87 = CARTESIAN_POINT('',(3.010914557381,-8.481414594757,0.));
#88 = VECTOR('',#89,1.);
#89 = DIRECTION('',(-0.,-0.,-1.));
#90 = ORIENTED_EDGE('',*,*,#91,.T.);
#91 = EDGE_CURVE('',#84,#92,#94,.T.);
#92 = VERTEX_POINT('',#93);
#93 = CARTESIAN_POINT('',(3.004261733104,-8.48377341983,1.32));
#94 = CIRCLE('',#95,9.);
#95 = AXIS2_PLACEMENT_3D('',#96,#97,#98);
#96 = CARTESIAN_POINT('',(-2.511473670975E-16,-1.45E-16,1.32));
#97 = DIRECTION('',(1.905255888326E-16,1.1E-16,-1.));
#98 = DIRECTION('',(0.5,-0.866025403784,0.));
#99 = ORIENTED_EDGE('',*,*,#100,.F.);
#100 = EDGE_CURVE('',#101,#92,#103,.T.);
#101 = VERTEX_POINT('',#102);
#102 = CARTESIAN_POINT('',(3.004261733104,-8.48377341983,3.4));
#103 = LINE('',#104,#105);
#104 = CARTESIAN_POINT('',(3.004261733104,-8.48377341983,3.4));
#105 = VECTOR('',#106,1.);
#106 = DIRECTION('',(0.,-0.,-1.));
#107 = ORIENTED_EDGE('',*,*,#108,.T.);
#108 = EDGE_CURVE('',#101,#109,#111,.T.);
#109 = VERTEX_POINT('',#110);
#110 = CARTESIAN_POINT('',(2.556138102335,-8.629377613814,3.4));
#111 = CIRCLE('',#112,9.);
#112 = AXIS2_PLACEMENT_3D('',#113,#114,#115);
#113 = CARTESIAN_POINT('',(-3.573909236273E-16,-2.409807621135E-16,3.4)
  );
#114 = DIRECTION('',(1.472243186434E-16,8.5E-17,-1.));
#115 = DIRECTION('',(0.333806859234,-0.942641491092,-3.098003933366E-17)
  );
#116 = ORIENTED_EDGE('',*,*,#117,.T.);
#117 = EDGE_CURVE('',#109,#118,#120,.T.);
#118 = VERTEX_POINT('',#119);
#119 = CARTESIAN_POINT('',(2.556138102335,-8.629377613814,0.));
#120 = LINE('',#121,#122);
#121 = CARTESIAN_POINT('',(2.556138102335,-8.629377613814,3.4));
#122 = VECTOR('',#123,1.);
#123 = DIRECTION('',(0.,-0.,-1.));
#124 = ORIENTED_EDGE('',*,*,#125,.F.);
#125 = EDGE_CURVE('',#126,#118,#128,.T.);
#126 = VERTEX_POINT('',#127);
#127 = CARTESIAN_POINT('',(-2.556138102335,-8.629377613814,
    3.101008274703E-15));
#128 = CIRCLE('',#129,9.);
#129 = AXIS2_PLACEMENT_3D('',#130,#131,#132);
#130 = CARTESIAN_POINT('',(0.,0.,0.));
#131 = DIRECTION('',(0.,0.,1.));
#132 = DIRECTION('',(1.,0.,0.));
#133 = ORIENTED_EDGE('',*,*,#134,.F.);
#134 = EDGE_CURVE('',#135,#126,#137,.T.);
#135 = VERTEX_POINT('',#136);
#136 = CARTESIAN_POINT('',(-2.556138102335,-8.629377613814,3.4));
#137 = LINE('',#138,#139);
#138 = CARTESIAN_POINT('',(-2.556138102335,-8.629377613814,3.4));
#139 = VECTOR('',#140,1.);
#140 = DIRECTION('',(8.732791474946E-16,-5.068835457569E-16,-1.));
#141 = ORIENTED_EDGE('',*,*,#142,.F.);
#142 = EDGE_CURVE('',#143,#135,#145,.T.);
#143 = VERTEX_POINT('',#144);
#144 = CARTESIAN_POINT('',(-3.004261733104,-8.48377341983,3.4));
#145 = CIRCLE('',#146,9.);
#146 = AXIS2_PLACEMENT_3D('',#147,#148,#149);
#147 = CARTESIAN_POINT('',(-3.894793808954E-15,2.214019237886E-15,3.4));
#148 = DIRECTION('',(-1.108512516844E-15,6.4E-16,1.));
#149 = DIRECTION('',(-0.333806859234,-0.942641491092,2.332614726299E-16)
  );
#150 = ORIENTED_EDGE('',*,*,#151,.T.);
#151 = EDGE_CURVE('',#143,#152,#154,.T.);
#152 = VERTEX_POINT('',#153);
#153 = CARTESIAN_POINT('',(-3.004261733104,-8.48377341983,1.32));
#154 = LINE('',#155,#156);
#155 = CARTESIAN_POINT('',(-3.004261733104,-8.48377341983,3.4));
#156 = VECTOR('',#157,1.);
#157 = DIRECTION('',(8.660254037844E-16,-5.E-16,-1.));
#158 = ORIENTED_EDGE('',*,*,#159,.F.);
#159 = EDGE_CURVE('',#24,#152,#160,.T.);
#160 = CIRCLE('',#161,9.);
#161 = AXIS2_PLACEMENT_3D('',#162,#163,#164);
#162 = CARTESIAN_POINT('',(-1.402961154131E-15,8.1E-16,1.32));
#163 = DIRECTION('',(-1.056550992617E-15,6.1E-16,1.));
#164 = DIRECTION('',(-0.5,-0.866025403784,4.930380657631E-32));
#165 = CYLINDRICAL_SURFACE('',#166,9.);
#166 = AXIS2_PLACEMENT_3D('',#167,#168,#169);
#167 = CARTESIAN_POINT('',(0.,0.,0.));
#168 = DIRECTION('',(-0.,-0.,-1.));
#169 = DIRECTION('',(1.,0.,0.));
#170 = ADVANCED_FACE('',(#171),#207,.F.);
#171 = FACE_BOUND('',#172,.T.);
#172 = EDGE_LOOP('',(#173,#174,#183,#192,#200));
#173 = ORIENTED_EDGE('',*,*,#21,.F.);
#174 = ORIENTED_EDGE('',*,*,#175,.T.);
#175 = EDGE_CURVE('',#22,#176,#178,.T.);
#176 = VERTEX_POINT('',#177);
#177 = CARTESIAN_POINT('',(-3.214049768433,-6.776421185703,5.));
#178 = CIRCLE('',#179,1.64);
#179 = AXIS2_PLACEMENT_3D('',#180,#181,#182);
#180 = CARTESIAN_POINT('',(-4.5,-7.79422863406,5.));
#181 = DIRECTION('',(-1.24707658145E-15,7.2E-16,1.));
#182 = DIRECTION('',(-0.5,-0.866025403784,1.028503806576E-30));
#183 = ORIENTED_EDGE('',*,*,#184,.T.);
#184 = EDGE_CURVE('',#176,#185,#187,.T.);
#185 = VERTEX_POINT('',#186);
#186 = CARTESIAN_POINT('',(-3.68,-6.373946971853,5.));
#187 = CIRCLE('',#188,1.64);
#188 = AXIS2_PLACEMENT_3D('',#189,#190,#191);
#189 = CARTESIAN_POINT('',(-4.5,-7.79422863406,5.));
#190 = DIRECTION('',(-1.24707658145E-15,7.2E-16,1.));
#191 = DIRECTION('',(-0.5,-0.866025403784,1.028503806576E-30));
#192 = ORIENTED_EDGE('',*,*,#193,.T.);
#193 = EDGE_CURVE('',#185,#194,#196,.T.);
#194 = VERTEX_POINT('',#195);
#195 = CARTESIAN_POINT('',(-3.68,-6.373946971853,1.32));
#196 = LINE('',#197,#198);
#197 = CARTESIAN_POINT('',(-3.68,-6.373946971853,5.));
#198 = VECTOR('',#199,1.);
#199 = DIRECTION('',(8.660254037844E-16,-5.E-16,-1.));
#200 = ORIENTED_EDGE('',*,*,#201,.F.);
#201 = EDGE_CURVE('',#24,#194,#202,.T.);
#202 = CIRCLE('',#203,1.64);
#203 = AXIS2_PLACEMENT_3D('',#204,#205,#206);
#204 = CARTESIAN_POINT('',(-4.5,-7.79422863406,1.32));
#205 = DIRECTION('',(-1.24707658145E-15,7.2E-16,1.));
#206 = DIRECTION('',(-0.5,-0.866025403784,3.085038065763E-31));
#207 = CYLINDRICAL_SURFACE('',#208,1.64);
#208 = AXIS2_PLACEMENT_3D('',#209,#210,#211);
#209 = CARTESIAN_POINT('',(-4.5,-7.79422863406,5.));
#210 = DIRECTION('',(1.24707658145E-15,-7.2E-16,-1.));
#211 = DIRECTION('',(-0.5,-0.866025403784,1.028503806576E-30));
#212 = ADVANCED_FACE('',(#213),#248,.F.);
#213 = FACE_BOUND('',#214,.F.);
#214 = EDGE_LOOP('',(#215,#224,#225,#233,#242));
#215 = ORIENTED_EDGE('',*,*,#216,.T.);
#216 = EDGE_CURVE('',#217,#24,#219,.T.);
#217 = VERTEX_POINT('',#218);
#218 = CARTESIAN_POINT('',(-5.32,-9.214510296266,1.32));
#219 = CIRCLE('',#220,1.64);
#220 = AXIS2_PLACEMENT_3D('',#221,#222,#223);
#221 = CARTESIAN_POINT('',(-4.5,-7.79422863406,1.32));
#222 = DIRECTION('',(-1.24707658145E-15,7.2E-16,1.));
#223 = DIRECTION('',(-0.5,-0.866025403784,3.085038065763E-31));
#224 = ORIENTED_EDGE('',*,*,#159,.T.);
#225 = ORIENTED_EDGE('',*,*,#226,.T.);
#226 = EDGE_CURVE('',#152,#227,#229,.T.);
#227 = VERTEX_POINT('',#228);
#228 = CARTESIAN_POINT('',(-4.673296029273,-13.19698087529,1.32));
#229 = LINE('',#230,#231);
#230 = CARTESIAN_POINT('',(-3.004261733104,-8.48377341983,1.32));
#231 = VECTOR('',#232,1.);
#232 = DIRECTION('',(-0.333806859234,-0.942641491092,2.622355254921E-16)
  );
#233 = ORIENTED_EDGE('',*,*,#234,.F.);
#234 = EDGE_CURVE('',#235,#227,#237,.T.);
#235 = VERTEX_POINT('',#236);
#236 = CARTESIAN_POINT('',(-7.,-12.12435565298,1.32));
#237 = CIRCLE('',#238,14.);
#238 = AXIS2_PLACEMENT_3D('',#239,#240,#241);
#239 = CARTESIAN_POINT('',(-1.402961154131E-15,8.1E-16,1.32));
#240 = DIRECTION('',(-1.056550992617E-15,6.1E-16,1.));
#241 = DIRECTION('',(-0.5,-0.866025403784,4.930380657631E-32));
#242 = ORIENTED_EDGE('',*,*,#243,.F.);
#243 = EDGE_CURVE('',#217,#235,#244,.T.);
#244 = LINE('',#245,#246);
#245 = CARTESIAN_POINT('',(-4.5,-7.79422863406,1.32));
#246 = VECTOR('',#247,1.);
#247 = DIRECTION('',(-0.5,-0.866025403784,4.930380657631E-32));
#248 = PLANE('',#249);
#249 = AXIS2_PLACEMENT_3D('',#250,#251,#252);
#250 = CARTESIAN_POINT('',(-1.402961154131E-15,8.1E-16,1.32));
#251 = DIRECTION('',(1.056550992617E-15,-6.1E-16,-1.));
#252 = DIRECTION('',(0.5,0.866025403784,-4.930380657631E-32));
#253 = ADVANCED_FACE('',(#254),#272,.T.);
#254 = FACE_BOUND('',#255,.F.);
#255 = EDGE_LOOP('',(#256,#264,#265,#266));
#256 = ORIENTED_EDGE('',*,*,#257,.F.);
#257 = EDGE_CURVE('',#227,#258,#260,.T.);
#258 = VERTEX_POINT('',#259);
#259 = CARTESIAN_POINT('',(-4.673296029273,-13.19698087529,3.4));
#260 = LINE('',#261,#262);
#261 = CARTESIAN_POINT('',(-4.673296029273,-13.19698087529,
    2.47129735689E-15));
#262 = VECTOR('',#263,1.);
#263 = DIRECTION('',(-8.660254037844E-16,5.E-16,1.));
#264 = ORIENTED_EDGE('',*,*,#226,.F.);
#265 = ORIENTED_EDGE('',*,*,#151,.F.);
#266 = ORIENTED_EDGE('',*,*,#267,.F.);
#267 = EDGE_CURVE('',#258,#143,#268,.T.);
#268 = LINE('',#269,#270);
#269 = CARTESIAN_POINT('',(-4.673296029273,-13.19698087529,3.4));
#270 = VECTOR('',#271,1.);
#271 = DIRECTION('',(0.333806859234,0.942641491092,-1.822355254921E-16)
  );
#272 = PLANE('',#273);
#273 = AXIS2_PLACEMENT_3D('',#274,#275,#276);
#274 = CARTESIAN_POINT('',(-3.838778881188,-10.84037714756,1.7));
#275 = DIRECTION('',(-0.942641491092,0.333806859234,-1.163254907564E-15)
  );
#276 = DIRECTION('',(0.333806859234,0.942641491092,-2.622355254921E-16)
  );
#277 = ADVANCED_FACE('',(#278),#297,.F.);
#278 = FACE_BOUND('',#279,.T.);
#279 = EDGE_LOOP('',(#280,#289,#295,#296));
#280 = ORIENTED_EDGE('',*,*,#281,.T.);
#281 = EDGE_CURVE('',#258,#282,#284,.T.);
#282 = VERTEX_POINT('',#283);
#283 = CARTESIAN_POINT('',(-3.976214825855,-13.42347628815,3.4));
#284 = CIRCLE('',#285,14.);
#285 = AXIS2_PLACEMENT_3D('',#286,#287,#288);
#286 = CARTESIAN_POINT('',(-3.894793808954E-15,2.214019237886E-15,3.4));
#287 = DIRECTION('',(-1.108512516844E-15,6.4E-16,1.));
#288 = DIRECTION('',(-0.333806859234,-0.942641491092,2.332614726299E-16)
  );
#289 = ORIENTED_EDGE('',*,*,#290,.T.);
#290 = EDGE_CURVE('',#282,#135,#291,.T.);
#291 = LINE('',#292,#293);
#292 = CARTESIAN_POINT('',(-3.976214825855,-13.42347628815,3.4));
#293 = VECTOR('',#294,1.);
#294 = DIRECTION('',(0.284015344704,0.958819734868,-2.334453638559E-16)
  );
#295 = ORIENTED_EDGE('',*,*,#142,.F.);
#296 = ORIENTED_EDGE('',*,*,#267,.F.);
#297 = PLANE('',#298);
#298 = AXIS2_PLACEMENT_3D('',#299,#300,#301);
#299 = CARTESIAN_POINT('',(-3.894793808954E-15,2.214019237886E-15,3.4));
#300 = DIRECTION('',(1.108512516844E-15,-6.4E-16,-1.));
#301 = DIRECTION('',(0.333806859234,0.942641491092,-2.332614726299E-16)
  );
#302 = ADVANCED_FACE('',(#303),#321,.F.);
#303 = FACE_BOUND('',#304,.F.);
#304 = EDGE_LOOP('',(#305,#313,#319,#320));
#305 = ORIENTED_EDGE('',*,*,#306,.T.);
#306 = EDGE_CURVE('',#126,#307,#309,.T.);
#307 = VERTEX_POINT('',#308);
#308 = CARTESIAN_POINT('',(-3.976214825855,-13.42347628815,
    4.268235093983E-15));
#309 = LINE('',#310,#311);
#310 = CARTESIAN_POINT('',(-2.556138102335,-8.629377613814,
    2.021008274703E-15));
#311 = VECTOR('',#312,1.);
#312 = DIRECTION('',(-0.284015344704,-0.958819734868,2.334453638559E-16)
  );
#313 = ORIENTED_EDGE('',*,*,#314,.T.);
#314 = EDGE_CURVE('',#307,#282,#315,.T.);
#315 = LINE('',#316,#317);
#316 = CARTESIAN_POINT('',(-3.976214825855,-13.42347628815,
    3.198235093983E-15));
#317 = VECTOR('',#318,1.);
#318 = DIRECTION('',(-8.732791474946E-16,5.068835457569E-16,1.));
#319 = ORIENTED_EDGE('',*,*,#290,.T.);
#320 = ORIENTED_EDGE('',*,*,#134,.T.);
#321 = PLANE('',#322);
#322 = AXIS2_PLACEMENT_3D('',#323,#324,#325);
#323 = CARTESIAN_POINT('',(-3.266176464095,-11.02642695098,1.7));
#324 = DIRECTION('',(-0.958819734868,0.284015344704,-1.152369920398E-15)
  );
#325 = DIRECTION('',(0.284015344704,0.958819734868,-3.334453638559E-16)
  );
#326 = ADVANCED_FACE('',(#327,#678),#689,.T.);
#327 = FACE_BOUND('',#328,.T.);
#328 = EDGE_LOOP('',(#329,#340,#349,#358,#366,#375,#383,#392,#401,#410,
    #419,#425,#426,#427,#436,#445,#454,#463,#471,#480,#488,#497,#506,
    #515,#524,#532,#541,#549,#558,#567,#576,#585,#593,#602,#610,#619,
    #628,#637,#646,#654,#663,#671));
#329 = ORIENTED_EDGE('',*,*,#330,.F.);
#330 = EDGE_CURVE('',#331,#333,#335,.T.);
#331 = VERTEX_POINT('',#332);
#332 = CARTESIAN_POINT('',(14.,0.,0.));
#333 = VERTEX_POINT('',#334);
#334 = CARTESIAN_POINT('',(13.765568705895,2.55129735689,1.E-15));
#335 = CIRCLE('',#336,14.);
#336 = AXIS2_PLACEMENT_3D('',#337,#338,#339);
#337 = CARTESIAN_POINT('',(0.,0.,0.));
#338 = DIRECTION('',(0.,-2.2E-16,1.));
#339 = DIRECTION('',(1.,0.,0.));
#340 = ORIENTED_EDGE('',*,*,#341,.T.);
#341 = EDGE_CURVE('',#331,#342,#344,.T.);
#342 = VERTEX_POINT('',#343);
#343 = CARTESIAN_POINT('',(13.765568705895,-2.55129735689,0.));
#344 = CIRCLE('',#345,14.);
#345 = AXIS2_PLACEMENT_3D('',#346,#347,#348);
#346 = CARTESIAN_POINT('',(0.,0.,0.));
#347 = DIRECTION('',(0.,2.2E-16,-1.));
#348 = DIRECTION('',(1.,0.,0.));
#349 = ORIENTED_EDGE('',*,*,#350,.T.);
#350 = EDGE_CURVE('',#342,#351,#353,.T.);
#351 = VERTEX_POINT('',#352);
#352 = CARTESIAN_POINT('',(13.613178885567,-3.268235093983,0.));
#353 = CIRCLE('',#354,14.);
#354 = AXIS2_PLACEMENT_3D('',#355,#356,#357);
#355 = CARTESIAN_POINT('',(3.E-17,1.4E-16,4.E-17));
#356 = DIRECTION('',(0.,1.7E-16,-1.));
#357 = DIRECTION('',(0.983254907564,-0.182235525492,-3.098003933366E-17)
  );
#358 = ORIENTED_EDGE('',*,*,#359,.F.);
#359 = EDGE_CURVE('',#360,#351,#362,.T.);
#360 = VERTEX_POINT('',#361);
#361 = CARTESIAN_POINT('',(8.751329283579,-2.101008274703,0.));
#362 = LINE('',#363,#364);
#363 = CARTESIAN_POINT('',(8.751329283579,-2.101008274703,-9.E-17));
#364 = VECTOR('',#365,1.);
#365 = DIRECTION('',(0.972369920398,-0.233445363856,0.));
#366 = ORIENTED_EDGE('',*,*,#367,.F.);
#367 = EDGE_CURVE('',#368,#360,#370,.T.);
#368 = VERTEX_POINT('',#369);
#369 = CARTESIAN_POINT('',(6.195191181244,-6.528369339111,1.E-15));
#370 = CIRCLE('',#371,9.);
#371 = AXIS2_PLACEMENT_3D('',#372,#373,#374);
#372 = CARTESIAN_POINT('',(0.,0.,0.));
#373 = DIRECTION('',(0.,0.,1.));
#374 = DIRECTION('',(1.,0.,0.));
#375 = ORIENTED_EDGE('',*,*,#376,.T.);
#376 = EDGE_CURVE('',#368,#377,#379,.T.);
#377 = VERTEX_POINT('',#378);
#378 = CARTESIAN_POINT('',(9.636964059713,-10.15524119417,1.E-15));
#379 = LINE('',#380,#381);
#380 = CARTESIAN_POINT('',(6.195191181244,-6.528369339111,-8.E-17));
#381 = VECTOR('',#382,1.);
#382 = DIRECTION('',(0.688354575694,-0.725374371012,0.));
#383 = ORIENTED_EDGE('',*,*,#384,.F.);
#384 = EDGE_CURVE('',#385,#377,#387,.T.);
#385 = VERTEX_POINT('',#386);
#386 = CARTESIAN_POINT('',(9.092272676623,-10.6456835184,4.E-15));
#387 = CIRCLE('',#388,14.);
#388 = AXIS2_PLACEMENT_3D('',#389,#390,#391);
#389 = CARTESIAN_POINT('',(-1.062435565298E-16,-9.598076211353E-17,
    4.E-17));
#390 = DIRECTION('',(-2.424871130596E-16,-1.4E-16,1.));
#391 = DIRECTION('',(0.64944804833,-0.7604059656,5.10259471378E-17));
#392 = ORIENTED_EDGE('',*,*,#393,.F.);
#393 = EDGE_CURVE('',#394,#385,#396,.T.);
#394 = VERTEX_POINT('',#395);
#395 = CARTESIAN_POINT('',(7.,-12.12435565298,2.E-15));
#396 = CIRCLE('',#397,14.);
#397 = AXIS2_PLACEMENT_3D('',#398,#399,#400);
#398 = CARTESIAN_POINT('',(0.,0.,0.));
#399 = DIRECTION('',(-1.905255888326E-16,-1.1E-16,1.));
#400 = DIRECTION('',(0.5,-0.866025403784,0.));
#401 = ORIENTED_EDGE('',*,*,#402,.T.);
#402 = EDGE_CURVE('',#394,#403,#405,.T.);
#403 = VERTEX_POINT('',#404);
#404 = CARTESIAN_POINT('',(4.673296029273,-13.19698087529,0.));
#405 = CIRCLE('',#406,14.);
#406 = AXIS2_PLACEMENT_3D('',#407,#408,#409);
#407 = CARTESIAN_POINT('',(0.,0.,0.));
#408 = DIRECTION('',(1.905255888326E-16,1.1E-16,-1.));
#409 = DIRECTION('',(0.5,-0.866025403784,0.));
#410 = ORIENTED_EDGE('',*,*,#411,.T.);
#411 = EDGE_CURVE('',#403,#412,#414,.T.);
#412 = VERTEX_POINT('',#413);
#413 = CARTESIAN_POINT('',(3.976214825855,-13.42347628815,0.));
#414 = CIRCLE('',#415,14.);
#415 = AXIS2_PLACEMENT_3D('',#416,#417,#418);
#416 = CARTESIAN_POINT('',(1.362435565298E-16,4.401923788647E-17,4.E-17)
  );
#417 = DIRECTION('',(1.472243186434E-16,8.5E-17,-1.));
#418 = DIRECTION('',(0.333806859234,-0.942641491092,-3.098003933366E-17)
  );
#419 = ORIENTED_EDGE('',*,*,#420,.F.);
#420 = EDGE_CURVE('',#118,#412,#421,.T.);
#421 = LINE('',#422,#423);
#422 = CARTESIAN_POINT('',(2.556138102335,-8.629377613814,-9.E-17));
#423 = VECTOR('',#424,1.);
#424 = DIRECTION('',(0.284015344704,-0.958819734868,0.));
#425 = ORIENTED_EDGE('',*,*,#125,.F.);
#426 = ORIENTED_EDGE('',*,*,#306,.T.);
#427 = ORIENTED_EDGE('',*,*,#428,.F.);
#428 = EDGE_CURVE('',#429,#307,#431,.T.);
#429 = VERTEX_POINT('',#430);
#430 = CARTESIAN_POINT('',(-4.673296029273,-13.19698087529,0.));
#431 = CIRCLE('',#432,14.);
#432 = AXIS2_PLACEMENT_3D('',#433,#434,#435);
#433 = CARTESIAN_POINT('',(-1.362435565298E-16,4.401923788647E-17,4.E-17
    ));
#434 = DIRECTION('',(-1.108512516844E-15,6.4E-16,1.));
#435 = DIRECTION('',(-0.333806859234,-0.942641491092,2.332614726299E-16)
  );
#436 = ORIENTED_EDGE('',*,*,#437,.F.);
#437 = EDGE_CURVE('',#438,#429,#440,.T.);
#438 = VERTEX_POINT('',#439);
#439 = CARTESIAN_POINT('',(-7.,-12.12435565298,-3.E-15));
#440 = CIRCLE('',#441,14.);
#441 = AXIS2_PLACEMENT_3D('',#442,#443,#444);
#442 = CARTESIAN_POINT('',(0.,0.,0.));
#443 = DIRECTION('',(-1.056550992617E-15,6.1E-16,1.));
#444 = DIRECTION('',(-0.5,-0.866025403784,4.930380657631E-32));
#445 = ORIENTED_EDGE('',*,*,#446,.T.);
#446 = EDGE_CURVE('',#438,#447,#449,.T.);
#447 = VERTEX_POINT('',#448);
#448 = CARTESIAN_POINT('',(-9.092272676623,-10.6456835184,-5.E-15));
#449 = CIRCLE('',#450,14.);
#450 = AXIS2_PLACEMENT_3D('',#451,#452,#453);
#451 = CARTESIAN_POINT('',(0.,0.,0.));
#452 = DIRECTION('',(1.056550992617E-15,-6.1E-16,-1.));
#453 = DIRECTION('',(-0.5,-0.866025403784,4.930380657631E-32));
#454 = ORIENTED_EDGE('',*,*,#455,.T.);
#455 = EDGE_CURVE('',#447,#456,#458,.T.);
#456 = VERTEX_POINT('',#457);
#457 = CARTESIAN_POINT('',(-9.636964059713,-10.15524119417,
    -3.268235093983E-15));
#458 = CIRCLE('',#459,14.);
#459 = AXIS2_PLACEMENT_3D('',#460,#461,#462);
#460 = CARTESIAN_POINT('',(1.062435565298E-16,-9.598076211353E-17,4.E-17
    ));
#461 = DIRECTION('',(1.013249722428E-15,-5.85E-16,-1.));
#462 = DIRECTION('',(-0.64944804833,-0.7604059656,-2.132155648258E-16));
#463 = ORIENTED_EDGE('',*,*,#464,.F.);
#464 = EDGE_CURVE('',#465,#456,#467,.T.);
#465 = VERTEX_POINT('',#466);
#466 = CARTESIAN_POINT('',(-6.195191181244,-6.528369339111,
    -2.101008274703E-15));
#467 = LINE('',#468,#469);
#468 = CARTESIAN_POINT('',(-6.195191181244,-6.528369339111,
    -2.191008274703E-15));
#469 = VECTOR('',#470,1.);
#470 = DIRECTION('',(-0.688354575694,-0.725374371012,-2.334453638559E-16
    ));
#471 = ORIENTED_EDGE('',*,*,#472,.F.);
#472 = EDGE_CURVE('',#473,#465,#475,.T.);
#473 = VERTEX_POINT('',#474);
#474 = CARTESIAN_POINT('',(-8.751329283579,-2.101008274703,
    -5.650321008876E-15));
#475 = CIRCLE('',#476,9.);
#476 = AXIS2_PLACEMENT_3D('',#477,#478,#479);
#477 = CARTESIAN_POINT('',(0.,0.,0.));
#478 = DIRECTION('',(0.,0.,1.));
#479 = DIRECTION('',(1.,0.,0.));
#480 = ORIENTED_EDGE('',*,*,#481,.T.);
#481 = EDGE_CURVE('',#473,#482,#484,.T.);
#482 = VERTEX_POINT('',#483);
#483 = CARTESIAN_POINT('',(-13.61317888556,-3.268235093983,
    -9.344943791585E-15));
#484 = LINE('',#485,#486);
#485 = CARTESIAN_POINT('',(-8.751329283579,-2.101008274703,
    -6.730321008876E-15));
#486 = VECTOR('',#487,1.);
#487 = DIRECTION('',(-0.972369920398,-0.233445363856,-7.389245565418E-16
    ));
#488 = ORIENTED_EDGE('',*,*,#489,.F.);
#489 = EDGE_CURVE('',#490,#482,#492,.T.);
#490 = VERTEX_POINT('',#491);
#491 = CARTESIAN_POINT('',(-13.76556870589,-2.55129735689,-7.E-15));
#492 = CIRCLE('',#493,14.);
#493 = AXIS2_PLACEMENT_3D('',#494,#495,#496);
#494 = CARTESIAN_POINT('',(-3.E-17,1.4E-16,4.E-17));
#495 = DIRECTION('',(-1.E-15,1.28E-15,1.));
#496 = DIRECTION('',(-0.983254907564,-0.182235525492,-7.49993434934E-16)
  );
#497 = ORIENTED_EDGE('',*,*,#498,.F.);
#498 = EDGE_CURVE('',#499,#490,#501,.T.);
#499 = VERTEX_POINT('',#500);
#500 = CARTESIAN_POINT('',(-14.,2.E-15,-9.E-15));
#501 = CIRCLE('',#502,14.);
#502 = AXIS2_PLACEMENT_3D('',#503,#504,#505);
#503 = CARTESIAN_POINT('',(0.,0.,0.));
#504 = DIRECTION('',(-1.E-15,1.22E-15,1.));
#505 = DIRECTION('',(-1.,0.,-1.E-15));
#506 = ORIENTED_EDGE('',*,*,#507,.T.);
#507 = EDGE_CURVE('',#499,#508,#510,.T.);
#508 = VERTEX_POINT('',#509);
#509 = CARTESIAN_POINT('',(-13.76556870589,2.55129735689,-1.1E-14));
#510 = CIRCLE('',#511,14.);
#511 = AXIS2_PLACEMENT_3D('',#512,#513,#514);
#512 = CARTESIAN_POINT('',(0.,0.,0.));
#513 = DIRECTION('',(1.E-15,-1.22E-15,-1.));
#514 = DIRECTION('',(-1.,0.,-1.E-15));
#515 = ORIENTED_EDGE('',*,*,#516,.T.);
#516 = EDGE_CURVE('',#508,#517,#519,.T.);
#517 = VERTEX_POINT('',#518);
#518 = CARTESIAN_POINT('',(-13.61317888556,3.268235093983,
    -1.688141397955E-14));
#519 = CIRCLE('',#520,14.);
#520 = AXIS2_PLACEMENT_3D('',#521,#522,#523);
#521 = CARTESIAN_POINT('',(-3.E-17,-1.4E-16,4.E-17));
#522 = DIRECTION('',(1.E-15,-1.17E-15,-1.));
#523 = DIRECTION('',(-0.983254907564,0.182235525492,-1.19647047239E-15)
  );
#524 = ORIENTED_EDGE('',*,*,#525,.F.);
#525 = EDGE_CURVE('',#526,#517,#528,.T.);
#526 = VERTEX_POINT('',#527);
#527 = CARTESIAN_POINT('',(-8.751329283579,2.101008274703,
    -1.085233755828E-14));
#528 = LINE('',#529,#530);
#529 = CARTESIAN_POINT('',(-8.751329283579,2.101008274703,
    -1.094233755828E-14));
#530 = VECTOR('',#531,1.);
#531 = DIRECTION('',(-0.972369920398,0.233445363856,-1.205815284254E-15)
  );
#532 = ORIENTED_EDGE('',*,*,#533,.F.);
#533 = EDGE_CURVE('',#534,#526,#536,.T.);
#534 = VERTEX_POINT('',#535);
#535 = CARTESIAN_POINT('',(-6.195191181244,6.528369339111,
    -7.751329283579E-15));
#536 = CIRCLE('',#537,9.);
#537 = AXIS2_PLACEMENT_3D('',#538,#539,#540);
#538 = CARTESIAN_POINT('',(0.,0.,0.));
#539 = DIRECTION('',(0.,0.,1.));
#540 = DIRECTION('',(1.,0.,0.));
#541 = ORIENTED_EDGE('',*,*,#542,.T.);
#542 = EDGE_CURVE('',#534,#543,#545,.T.);
#543 = VERTEX_POINT('',#544);
#544 = CARTESIAN_POINT('',(-9.636964059713,10.155241194172,
    -1.261317888557E-14));
#545 = LINE('',#546,#547);
#546 = CARTESIAN_POINT('',(-6.195191181244,6.528369339111,
    -8.831329283579E-15));
#547 = VECTOR('',#548,1.);
#548 = DIRECTION('',(-0.688354575694,0.725374371012,-9.723699203977E-16)
  );
#549 = ORIENTED_EDGE('',*,*,#550,.F.);
#550 = EDGE_CURVE('',#551,#543,#553,.T.);
#551 = VERTEX_POINT('',#552);
#552 = CARTESIAN_POINT('',(-9.092272676623,10.6456835184,-1.E-14));
#553 = CIRCLE('',#554,14.);
#554 = AXIS2_PLACEMENT_3D('',#555,#556,#557);
#555 = CARTESIAN_POINT('',(1.062435565298E-16,9.598076211353E-17,4.E-17)
  );
#556 = DIRECTION('',(-2.575128869404E-16,1.006025403784E-15,1.));
#557 = DIRECTION('',(-0.64944804833,0.7604059656,-9.322289604262E-16));
#558 = ORIENTED_EDGE('',*,*,#559,.F.);
#559 = EDGE_CURVE('',#560,#551,#562,.T.);
#560 = VERTEX_POINT('',#561);
#561 = CARTESIAN_POINT('',(-7.,12.124355652982,-1.1E-14));
#562 = CIRCLE('',#563,14.);
#563 = AXIS2_PLACEMENT_3D('',#564,#565,#566);
#564 = CARTESIAN_POINT('',(0.,0.,0.));
#565 = DIRECTION('',(-3.094744111674E-16,9.760254037844E-16,1.));
#566 = DIRECTION('',(-0.5,0.866025403784,-1.E-15));
#567 = ORIENTED_EDGE('',*,*,#568,.T.);
#568 = EDGE_CURVE('',#560,#569,#571,.T.);
#569 = VERTEX_POINT('',#570);
#570 = CARTESIAN_POINT('',(-4.673296029273,13.196980875291,-1.2E-14));
#571 = CIRCLE('',#572,14.);
#572 = AXIS2_PLACEMENT_3D('',#573,#574,#575);
#573 = CARTESIAN_POINT('',(0.,0.,0.));
#574 = DIRECTION('',(3.094744111674E-16,-9.760254037844E-16,-1.));
#575 = DIRECTION('',(-0.5,0.866025403784,-1.E-15));
#576 = ORIENTED_EDGE('',*,*,#577,.T.);
#577 = EDGE_CURVE('',#569,#578,#580,.T.);
#578 = VERTEX_POINT('',#579);
#579 = CARTESIAN_POINT('',(-3.976214825855,13.423476288155,
    -1.361317888557E-14));
#580 = CIRCLE('',#581,14.);
#581 = AXIS2_PLACEMENT_3D('',#582,#583,#584);
#582 = CARTESIAN_POINT('',(-1.362435565298E-16,-4.401923788647E-17,
    4.E-17));
#583 = DIRECTION('',(3.527756813566E-16,-9.510254037844E-16,-1.));
#584 = DIRECTION('',(-0.333806859234,0.942641491092,-1.014234946898E-15)
  );
#585 = ORIENTED_EDGE('',*,*,#586,.F.);
#586 = EDGE_CURVE('',#587,#578,#589,.T.);
#587 = VERTEX_POINT('',#588);
#588 = CARTESIAN_POINT('',(-2.556138102335,8.629377613814,
    -8.751329283579E-15));
#589 = LINE('',#590,#591);
#590 = CARTESIAN_POINT('',(-2.556138102335,8.629377613814,
    -8.841329283579E-15));
#591 = VECTOR('',#592,1.);
#592 = DIRECTION('',(-0.284015344704,0.958819734868,-9.723699203977E-16)
  );
#593 = ORIENTED_EDGE('',*,*,#594,.F.);
#594 = EDGE_CURVE('',#595,#587,#597,.T.);
#595 = VERTEX_POINT('',#596);
#596 = CARTESIAN_POINT('',(2.556138102335,8.629377613814,1.E-15));
#597 = CIRCLE('',#598,9.);
#598 = AXIS2_PLACEMENT_3D('',#599,#600,#601);
#599 = CARTESIAN_POINT('',(0.,0.,0.));
#600 = DIRECTION('',(0.,0.,1.));
#601 = DIRECTION('',(1.,0.,0.));
#602 = ORIENTED_EDGE('',*,*,#603,.T.);
#603 = EDGE_CURVE('',#595,#604,#606,.T.);
#604 = VERTEX_POINT('',#605);
#605 = CARTESIAN_POINT('',(3.976214825855,13.423476288155,1.E-15));
#606 = LINE('',#607,#608);
#607 = CARTESIAN_POINT('',(2.556138102335,8.629377613814,-8.E-17));
#608 = VECTOR('',#609,1.);
#609 = DIRECTION('',(0.284015344704,0.958819734868,0.));
#610 = ORIENTED_EDGE('',*,*,#611,.F.);
#611 = EDGE_CURVE('',#612,#604,#614,.T.);
#612 = VERTEX_POINT('',#613);
#613 = CARTESIAN_POINT('',(4.673296029273,13.19698087529,-6.E-15));
#614 = CIRCLE('',#615,14.);
#615 = AXIS2_PLACEMENT_3D('',#616,#617,#618);
#616 = CARTESIAN_POINT('',(1.362435565298E-16,-4.401923788647E-17,4.E-17
    ));
#617 = DIRECTION('',(2.424871130596E-16,-1.4E-16,1.));
#618 = DIRECTION('',(0.333806859234,0.942641491092,5.10259471378E-17));
#619 = ORIENTED_EDGE('',*,*,#620,.F.);
#620 = EDGE_CURVE('',#621,#612,#623,.T.);
#621 = VERTEX_POINT('',#622);
#622 = CARTESIAN_POINT('',(7.,12.124355652982,-6.E-15));
#623 = CIRCLE('',#624,14.);
#624 = AXIS2_PLACEMENT_3D('',#625,#626,#627);
#625 = CARTESIAN_POINT('',(0.,0.,0.));
#626 = DIRECTION('',(1.905255888326E-16,-1.1E-16,1.));
#627 = DIRECTION('',(0.5,0.866025403784,0.));
#628 = ORIENTED_EDGE('',*,*,#629,.T.);
#629 = EDGE_CURVE('',#621,#630,#632,.T.);
#630 = VERTEX_POINT('',#631);
#631 = CARTESIAN_POINT('',(9.092272676623,10.6456835184,-6.E-15));
#632 = CIRCLE('',#633,14.);
#633 = AXIS2_PLACEMENT_3D('',#634,#635,#636);
#634 = CARTESIAN_POINT('',(0.,0.,0.));
#635 = DIRECTION('',(-1.905255888326E-16,1.1E-16,-1.));
#636 = DIRECTION('',(0.5,0.866025403784,0.));
#637 = ORIENTED_EDGE('',*,*,#638,.T.);
#638 = EDGE_CURVE('',#630,#639,#641,.T.);
#639 = VERTEX_POINT('',#640);
#640 = CARTESIAN_POINT('',(9.636964059713,10.155241194172,0.));
#641 = CIRCLE('',#642,14.);
#642 = AXIS2_PLACEMENT_3D('',#643,#644,#645);
#643 = CARTESIAN_POINT('',(-1.062435565298E-16,9.598076211353E-17,4.E-17
    ));
#644 = DIRECTION('',(-1.472243186434E-16,8.5E-17,-1.));
#645 = DIRECTION('',(0.64944804833,0.7604059656,-3.098003933366E-17));
#646 = ORIENTED_EDGE('',*,*,#647,.F.);
#647 = EDGE_CURVE('',#648,#639,#650,.T.);
#648 = VERTEX_POINT('',#649);
#649 = CARTESIAN_POINT('',(6.195191181244,6.528369339111,0.));
#650 = LINE('',#651,#652);
#651 = CARTESIAN_POINT('',(6.195191181244,6.528369339111,-9.E-17));
#652 = VECTOR('',#653,1.);
#653 = DIRECTION('',(0.688354575694,0.725374371012,0.));
#654 = ORIENTED_EDGE('',*,*,#655,.F.);
#655 = EDGE_CURVE('',#656,#648,#658,.T.);
#656 = VERTEX_POINT('',#657);
#657 = CARTESIAN_POINT('',(8.751329283579,2.101008274703,1.E-15));
#658 = CIRCLE('',#659,9.);
#659 = AXIS2_PLACEMENT_3D('',#660,#661,#662);
#660 = CARTESIAN_POINT('',(0.,0.,0.));
#661 = DIRECTION('',(0.,0.,1.));
#662 = DIRECTION('',(1.,0.,0.));
#663 = ORIENTED_EDGE('',*,*,#664,.T.);
#664 = EDGE_CURVE('',#656,#665,#667,.T.);
#665 = VERTEX_POINT('',#666);
#666 = CARTESIAN_POINT('',(13.613178885567,3.268235093983,1.E-15));
#667 = LINE('',#668,#669);
#668 = CARTESIAN_POINT('',(8.751329283579,2.101008274703,-8.E-17));
#669 = VECTOR('',#670,1.);
#670 = DIRECTION('',(0.972369920398,0.233445363856,0.));
#671 = ORIENTED_EDGE('',*,*,#672,.F.);
#672 = EDGE_CURVE('',#333,#665,#673,.T.);
#673 = CIRCLE('',#674,14.);
#674 = AXIS2_PLACEMENT_3D('',#675,#676,#677);
#675 = CARTESIAN_POINT('',(3.E-17,-1.4E-16,4.E-17));
#676 = DIRECTION('',(6.162975822039E-33,-2.8E-16,1.));
#677 = DIRECTION('',(0.983254907564,0.182235525492,5.10259471378E-17));
#678 = FACE_BOUND('',#679,.T.);
#679 = EDGE_LOOP('',(#680));
#680 = ORIENTED_EDGE('',*,*,#681,.T.);
#681 = EDGE_CURVE('',#682,#682,#684,.T.);
#682 = VERTEX_POINT('',#683);
#683 = CARTESIAN_POINT('',(2.6,0.,-1.7763568394E-15));
#684 = CIRCLE('',#685,2.6);
#685 = AXIS2_PLACEMENT_3D('',#686,#687,#688);
#686 = CARTESIAN_POINT('',(0.,0.,-3.552713678801E-15));
#687 = DIRECTION('',(0.,0.,1.));
#688 = DIRECTION('',(1.,0.,0.));
#689 = PLANE('',#690);
#690 = AXIS2_PLACEMENT_3D('',#691,#692,#693);
#691 = CARTESIAN_POINT('',(-1.293514615835E-15,2.165064706859E-15,
    -3.138086038676E-15));
#692 = DIRECTION('',(4.255128906961E-16,-2.564073676935E-16,-1.));
#693 = DIRECTION('',(-1.,0.,-4.255128906961E-16));
#694 = ADVANCED_FACE('',(#695),#713,.F.);
#695 = FACE_BOUND('',#696,.T.);
#696 = EDGE_LOOP('',(#697,#698,#706,#712));
#697 = ORIENTED_EDGE('',*,*,#420,.T.);
#698 = ORIENTED_EDGE('',*,*,#699,.T.);
#699 = EDGE_CURVE('',#412,#700,#702,.T.);
#700 = VERTEX_POINT('',#701);
#701 = CARTESIAN_POINT('',(3.976214825855,-13.42347628815,3.4));
#702 = LINE('',#703,#704);
#703 = CARTESIAN_POINT('',(3.976214825855,-13.42347628815,-9.E-17));
#704 = VECTOR('',#705,1.);
#705 = DIRECTION('',(0.,0.,1.));
#706 = ORIENTED_EDGE('',*,*,#707,.T.);
#707 = EDGE_CURVE('',#700,#109,#708,.T.);
#708 = LINE('',#709,#710);
#709 = CARTESIAN_POINT('',(3.976214825855,-13.42347628815,3.4));
#710 = VECTOR('',#711,1.);
#711 = DIRECTION('',(-0.284015344704,0.958819734868,0.));
#712 = ORIENTED_EDGE('',*,*,#117,.T.);
#713 = PLANE('',#714);
#714 = AXIS2_PLACEMENT_3D('',#715,#716,#717);
#715 = CARTESIAN_POINT('',(3.266176464095,-11.02642695098,1.7));
#716 = DIRECTION('',(0.958819734868,0.284015344704,2.5E-16));
#717 = DIRECTION('',(0.284015344704,-0.958819734868,0.));
#718 = ADVANCED_FACE('',(#719),#738,.F.);
#719 = FACE_BOUND('',#720,.F.);
#720 = EDGE_LOOP('',(#721,#730,#731,#732));
#721 = ORIENTED_EDGE('',*,*,#722,.T.);
#722 = EDGE_CURVE('',#723,#700,#725,.T.);
#723 = VERTEX_POINT('',#724);
#724 = CARTESIAN_POINT('',(4.673296029273,-13.19698087529,3.4));
#725 = CIRCLE('',#726,14.);
#726 = AXIS2_PLACEMENT_3D('',#727,#728,#729);
#727 = CARTESIAN_POINT('',(-3.573909236273E-16,-2.409807621135E-16,3.4)
  );
#728 = DIRECTION('',(1.472243186434E-16,8.5E-17,-1.));
#729 = DIRECTION('',(0.333806859234,-0.942641491092,-3.098003933366E-17)
  );
#730 = ORIENTED_EDGE('',*,*,#707,.T.);
#731 = ORIENTED_EDGE('',*,*,#108,.F.);
#732 = ORIENTED_EDGE('',*,*,#733,.F.);
#733 = EDGE_CURVE('',#723,#101,#734,.T.);
#734 = LINE('',#735,#736);
#735 = CARTESIAN_POINT('',(4.673296029273,-13.19698087529,3.4));
#736 = VECTOR('',#737,1.);
#737 = DIRECTION('',(-0.333806859234,0.942641491092,0.));
#738 = PLANE('',#739);
#739 = AXIS2_PLACEMENT_3D('',#740,#741,#742);
#740 = CARTESIAN_POINT('',(-3.573909236273E-16,-2.409807621135E-16,3.4)
  );
#741 = DIRECTION('',(1.472243186434E-16,8.5E-17,-1.));
#742 = DIRECTION('',(0.333806859234,-0.942641491092,-3.098003933366E-17)
  );
#743 = ADVANCED_FACE('',(#744),#762,.T.);
#744 = FACE_BOUND('',#745,.T.);
#745 = EDGE_LOOP('',(#746,#754,#760,#761));
#746 = ORIENTED_EDGE('',*,*,#747,.F.);
#747 = EDGE_CURVE('',#748,#723,#750,.T.);
#748 = VERTEX_POINT('',#749);
#749 = CARTESIAN_POINT('',(4.673296029273,-13.19698087529,1.32));
#750 = LINE('',#751,#752);
#751 = CARTESIAN_POINT('',(4.673296029273,-13.19698087529,-9.E-17));
#752 = VECTOR('',#753,1.);
#753 = DIRECTION('',(0.,0.,1.));
#754 = ORIENTED_EDGE('',*,*,#755,.F.);
#755 = EDGE_CURVE('',#92,#748,#756,.T.);
#756 = LINE('',#757,#758);
#757 = CARTESIAN_POINT('',(3.004261733104,-8.48377341983,1.32));
#758 = VECTOR('',#759,1.);
#759 = DIRECTION('',(0.333806859234,-0.942641491092,0.));
#760 = ORIENTED_EDGE('',*,*,#100,.F.);
#761 = ORIENTED_EDGE('',*,*,#733,.F.);
#762 = PLANE('',#763);
#763 = AXIS2_PLACEMENT_3D('',#764,#765,#766);
#764 = CARTESIAN_POINT('',(3.838778881188,-10.84037714756,1.7));
#765 = DIRECTION('',(0.942641491092,0.333806859234,2.5E-16));
#766 = DIRECTION('',(0.333806859234,-0.942641491092,0.));
#767 = ADVANCED_FACE('',(#768),#796,.F.);
#768 = FACE_BOUND('',#769,.T.);
#769 = EDGE_LOOP('',(#770,#779,#780,#781,#790));
#770 = ORIENTED_EDGE('',*,*,#771,.T.);
#771 = EDGE_CURVE('',#772,#84,#774,.T.);
#772 = VERTEX_POINT('',#773);
#773 = CARTESIAN_POINT('',(5.32,-9.214510296266,1.32));
#774 = CIRCLE('',#775,1.64);
#775 = AXIS2_PLACEMENT_3D('',#776,#777,#778);
#776 = CARTESIAN_POINT('',(4.5,-7.79422863406,1.32));
#777 = DIRECTION('',(0.,-0.,-1.));
#778 = DIRECTION('',(0.5,-0.866025403784,0.));
#779 = ORIENTED_EDGE('',*,*,#91,.T.);
#780 = ORIENTED_EDGE('',*,*,#755,.T.);
#781 = ORIENTED_EDGE('',*,*,#782,.F.);
#782 = EDGE_CURVE('',#783,#748,#785,.T.);
#783 = VERTEX_POINT('',#784);
#784 = CARTESIAN_POINT('',(7.,-12.12435565298,1.32));
#785 = CIRCLE('',#786,14.);
#786 = AXIS2_PLACEMENT_3D('',#787,#788,#789);
#787 = CARTESIAN_POINT('',(-2.511473670975E-16,-1.45E-16,1.32));
#788 = DIRECTION('',(1.905255888326E-16,1.1E-16,-1.));
#789 = DIRECTION('',(0.5,-0.866025403784,0.));
#790 = ORIENTED_EDGE('',*,*,#791,.F.);
#791 = EDGE_CURVE('',#772,#783,#792,.T.);
#792 = LINE('',#793,#794);
#793 = CARTESIAN_POINT('',(4.5,-7.79422863406,1.32));
#794 = VECTOR('',#795,1.);
#795 = DIRECTION('',(0.5,-0.866025403784,0.));
#796 = PLANE('',#797);
#797 = AXIS2_PLACEMENT_3D('',#798,#799,#800);
#798 = CARTESIAN_POINT('',(-2.511473670975E-16,-1.45E-16,1.32));
#799 = DIRECTION('',(1.905255888326E-16,1.1E-16,-1.));
#800 = DIRECTION('',(0.5,-0.866025403784,0.));
#801 = ADVANCED_FACE('',(#802),#838,.F.);
#802 = FACE_BOUND('',#803,.F.);
#803 = EDGE_LOOP('',(#804,#805,#814,#823,#831));
#804 = ORIENTED_EDGE('',*,*,#83,.F.);
#805 = ORIENTED_EDGE('',*,*,#806,.T.);
#806 = EDGE_CURVE('',#75,#807,#809,.T.);
#807 = VERTEX_POINT('',#808);
#808 = CARTESIAN_POINT('',(3.214049768433,-6.776421185703,5.));
#809 = CIRCLE('',#810,1.64);
#810 = AXIS2_PLACEMENT_3D('',#811,#812,#813);
#811 = CARTESIAN_POINT('',(4.5,-7.79422863406,5.));
#812 = DIRECTION('',(0.,-0.,-1.));
#813 = DIRECTION('',(0.5,-0.866025403784,0.));
#814 = ORIENTED_EDGE('',*,*,#815,.T.);
#815 = EDGE_CURVE('',#807,#816,#818,.T.);
#816 = VERTEX_POINT('',#817);
#817 = CARTESIAN_POINT('',(3.68,-6.373946971853,5.));
#818 = CIRCLE('',#819,1.64);
#819 = AXIS2_PLACEMENT_3D('',#820,#821,#822);
#820 = CARTESIAN_POINT('',(4.5,-7.79422863406,5.));
#821 = DIRECTION('',(0.,-0.,-1.));
#822 = DIRECTION('',(0.5,-0.866025403784,0.));
#823 = ORIENTED_EDGE('',*,*,#824,.T.);
#824 = EDGE_CURVE('',#816,#825,#827,.T.);
#825 = VERTEX_POINT('',#826);
#826 = CARTESIAN_POINT('',(3.68,-6.373946971853,1.32));
#827 = LINE('',#828,#829);
#828 = CARTESIAN_POINT('',(3.68,-6.373946971853,5.));
#829 = VECTOR('',#830,1.);
#830 = DIRECTION('',(0.,0.,-1.));
#831 = ORIENTED_EDGE('',*,*,#832,.F.);
#832 = EDGE_CURVE('',#84,#825,#833,.T.);
#833 = CIRCLE('',#834,1.64);
#834 = AXIS2_PLACEMENT_3D('',#835,#836,#837);
#835 = CARTESIAN_POINT('',(4.5,-7.79422863406,1.32));
#836 = DIRECTION('',(0.,-0.,-1.));
#837 = DIRECTION('',(0.5,-0.866025403784,0.));
#838 = CYLINDRICAL_SURFACE('',#839,1.64);
#839 = AXIS2_PLACEMENT_3D('',#840,#841,#842);
#840 = CARTESIAN_POINT('',(4.5,-7.79422863406,5.));
#841 = DIRECTION('',(-0.,0.,-1.));
#842 = DIRECTION('',(0.5,-0.866025403784,0.));
#843 = ADVANCED_FACE('',(#844),#864,.T.);
#844 = FACE_BOUND('',#845,.T.);
#845 = EDGE_LOOP('',(#846,#847,#856,#863));
#846 = ORIENTED_EDGE('',*,*,#806,.T.);
#847 = ORIENTED_EDGE('',*,*,#848,.F.);
#848 = EDGE_CURVE('',#849,#807,#851,.T.);
#849 = VERTEX_POINT('',#850);
#850 = CARTESIAN_POINT('',(0.604761844361,-7.475577777778,5.));
#851 = CIRCLE('',#852,7.5);
#852 = AXIS2_PLACEMENT_3D('',#853,#854,#855);
#853 = CARTESIAN_POINT('',(0.,0.,5.));
#854 = DIRECTION('',(0.,0.,1.));
#855 = DIRECTION('',(1.,0.,0.));
#856 = ORIENTED_EDGE('',*,*,#857,.F.);
#857 = EDGE_CURVE('',#67,#849,#858,.T.);
#858 = CIRCLE('',#859,1.64);
#859 = AXIS2_PLACEMENT_3D('',#860,#861,#862);
#860 = CARTESIAN_POINT('',(-7.22E-15,-9.,5.));
#861 = DIRECTION('',(-1.44E-15,0.,1.));
#862 = DIRECTION('',(6.8E-16,-1.,9.792E-31));
#863 = ORIENTED_EDGE('',*,*,#74,.T.);
#864 = PLANE('',#865);
#865 = AXIS2_PLACEMENT_3D('',#866,#867,#868);
#866 = CARTESIAN_POINT('',(-3.E-16,2.4E-16,5.));
#867 = DIRECTION('',(0.,0.,1.));
#868 = DIRECTION('',(1.,0.,0.));
#869 = ADVANCED_FACE('',(#870),#898,.F.);
#870 = FACE_BOUND('',#871,.T.);
#871 = EDGE_LOOP('',(#872,#873,#874,#883,#891));
#872 = ORIENTED_EDGE('',*,*,#66,.F.);
#873 = ORIENTED_EDGE('',*,*,#857,.T.);
#874 = ORIENTED_EDGE('',*,*,#875,.T.);
#875 = EDGE_CURVE('',#849,#876,#878,.T.);
#876 = VERTEX_POINT('',#877);
#877 = CARTESIAN_POINT('',(-6.E-15,-7.36,5.));
#878 = CIRCLE('',#879,1.64);
#879 = AXIS2_PLACEMENT_3D('',#880,#881,#882);
#880 = CARTESIAN_POINT('',(-7.22E-15,-9.,5.));
#881 = DIRECTION('',(-1.44E-15,0.,1.));
#882 = DIRECTION('',(6.8E-16,-1.,9.792E-31));
#883 = ORIENTED_EDGE('',*,*,#884,.T.);
#884 = EDGE_CURVE('',#876,#885,#887,.T.);
#885 = VERTEX_POINT('',#886);
#886 = CARTESIAN_POINT('',(-3.E-15,-7.36,1.32));
#887 = LINE('',#888,#889);
#888 = CARTESIAN_POINT('',(-4.E-15,-7.36,5.));
#889 = VECTOR('',#890,1.);
#890 = DIRECTION('',(1.E-15,0.,-1.));
#891 = ORIENTED_EDGE('',*,*,#892,.F.);
#892 = EDGE_CURVE('',#58,#885,#893,.T.);
#893 = CIRCLE('',#894,1.64);
#894 = AXIS2_PLACEMENT_3D('',#895,#896,#897);
#895 = CARTESIAN_POINT('',(-1.91E-15,-9.,1.32));
#896 = DIRECTION('',(-1.44E-15,0.,1.));
#897 = DIRECTION('',(1.8E-16,-1.,2.592E-31));
#898 = CYLINDRICAL_SURFACE('',#899,1.64);
#899 = AXIS2_PLACEMENT_3D('',#900,#901,#902);
#900 = CARTESIAN_POINT('',(-7.22E-15,-9.,5.));
#901 = DIRECTION('',(1.44E-15,0.,-1.));
#902 = DIRECTION('',(6.8E-16,-1.,9.792E-31));
#903 = ADVANCED_FACE('',(#904),#916,.T.);
#904 = FACE_BOUND('',#905,.T.);
#905 = EDGE_LOOP('',(#906,#907,#908,#915));
#906 = ORIENTED_EDGE('',*,*,#57,.F.);
#907 = ORIENTED_EDGE('',*,*,#892,.T.);
#908 = ORIENTED_EDGE('',*,*,#909,.F.);
#909 = EDGE_CURVE('',#41,#885,#910,.T.);
#910 = CIRCLE('',#911,1.64);
#911 = AXIS2_PLACEMENT_3D('',#912,#913,#914);
#912 = CARTESIAN_POINT('',(-1.32E-15,-9.,1.32));
#913 = DIRECTION('',(1.E-15,0.,-1.));
#914 = DIRECTION('',(-1.8E-16,-1.,-1.8E-31));
#915 = ORIENTED_EDGE('',*,*,#48,.F.);
#916 = PLANE('',#917);
#917 = AXIS2_PLACEMENT_3D('',#918,#919,#920);
#918 = CARTESIAN_POINT('',(-2.731642845687E-15,-8.336348089926,1.32));
#919 = DIRECTION('',(-7.85606099946E-16,0.,1.));
#920 = DIRECTION('',(1.,0.,7.85606099946E-16));
#921 = ADVANCED_FACE('',(#922),#943,.F.);
#922 = FACE_BOUND('',#923,.F.);
#923 = EDGE_LOOP('',(#924,#925,#934,#941,#942));
#924 = ORIENTED_EDGE('',*,*,#40,.F.);
#925 = ORIENTED_EDGE('',*,*,#926,.T.);
#926 = EDGE_CURVE('',#32,#927,#929,.T.);
#927 = VERTEX_POINT('',#928);
#928 = CARTESIAN_POINT('',(-0.604761844361,-7.475577777778,5.));
#929 = CIRCLE('',#930,1.64);
#930 = AXIS2_PLACEMENT_3D('',#931,#932,#933);
#931 = CARTESIAN_POINT('',(-5.E-15,-9.,5.));
#932 = DIRECTION('',(1.E-15,0.,-1.));
#933 = DIRECTION('',(-6.8E-16,-1.,-6.8E-31));
#934 = ORIENTED_EDGE('',*,*,#935,.T.);
#935 = EDGE_CURVE('',#927,#876,#936,.T.);
#936 = CIRCLE('',#937,1.64);
#937 = AXIS2_PLACEMENT_3D('',#938,#939,#940);
#938 = CARTESIAN_POINT('',(-5.E-15,-9.,5.));
#939 = DIRECTION('',(1.E-15,0.,-1.));
#940 = DIRECTION('',(-6.8E-16,-1.,-6.8E-31));
#941 = ORIENTED_EDGE('',*,*,#884,.T.);
#942 = ORIENTED_EDGE('',*,*,#909,.F.);
#943 = CYLINDRICAL_SURFACE('',#944,1.64);
#944 = AXIS2_PLACEMENT_3D('',#945,#946,#947);
#945 = CARTESIAN_POINT('',(-5.E-15,-9.,5.));
#946 = DIRECTION('',(1.E-15,0.,-1.));
#947 = DIRECTION('',(-6.8E-16,-1.,-6.8E-31));
#948 = ADVANCED_FACE('',(#949),#961,.T.);
#949 = FACE_BOUND('',#950,.T.);
#950 = EDGE_LOOP('',(#951,#952,#959,#960));
#951 = ORIENTED_EDGE('',*,*,#926,.T.);
#952 = ORIENTED_EDGE('',*,*,#953,.F.);
#953 = EDGE_CURVE('',#176,#927,#954,.T.);
#954 = CIRCLE('',#955,7.5);
#955 = AXIS2_PLACEMENT_3D('',#956,#957,#958);
#956 = CARTESIAN_POINT('',(0.,0.,5.));
#957 = DIRECTION('',(0.,0.,1.));
#958 = DIRECTION('',(1.,0.,0.));
#959 = ORIENTED_EDGE('',*,*,#175,.F.);
#960 = ORIENTED_EDGE('',*,*,#31,.T.);
#961 = PLANE('',#962);
#962 = AXIS2_PLACEMENT_3D('',#963,#964,#965);
#963 = CARTESIAN_POINT('',(-3.E-16,2.4E-16,5.));
#964 = DIRECTION('',(0.,0.,1.));
#965 = DIRECTION('',(1.,0.,0.));
#966 = ADVANCED_FACE('',(#967),#985,.F.);
#967 = FACE_BOUND('',#968,.T.);
#968 = EDGE_LOOP('',(#969,#978,#979));
#969 = ORIENTED_EDGE('',*,*,#970,.T.);
#970 = EDGE_CURVE('',#971,#24,#973,.T.);
#971 = VERTEX_POINT('',#972);
#972 = CARTESIAN_POINT('',(-4.5,-7.79422863406,1.32));
#973 = CIRCLE('',#974,9.);
#974 = AXIS2_PLACEMENT_3D('',#975,#976,#977);
#975 = CARTESIAN_POINT('',(-1.402961154131E-15,8.1E-16,1.32));
#976 = DIRECTION('',(-1.056550992617E-15,6.1E-16,1.));
#977 = DIRECTION('',(-0.5,-0.866025403784,4.930380657631E-32));
#978 = ORIENTED_EDGE('',*,*,#201,.T.);
#979 = ORIENTED_EDGE('',*,*,#980,.T.);
#980 = EDGE_CURVE('',#194,#971,#981,.T.);
#981 = LINE('',#982,#983);
#982 = CARTESIAN_POINT('',(-3.68,-6.373946971853,1.32));
#983 = VECTOR('',#984,1.);
#984 = DIRECTION('',(-0.5,-0.866025403784,1.693038065763E-31));
#985 = PLANE('',#986);
#986 = AXIS2_PLACEMENT_3D('',#987,#988,#989);
#987 = CARTESIAN_POINT('',(-4.5,-7.79422863406,1.32));
#988 = DIRECTION('',(1.24707658145E-15,-7.2E-16,-1.));
#989 = DIRECTION('',(0.5,0.866025403784,-3.085038065763E-31));
#990 = ADVANCED_FACE('',(#991),#1027,.F.);
#991 = FACE_BOUND('',#992,.F.);
#992 = EDGE_LOOP('',(#993,#1003,#1012,#1019,#1020));
#993 = ORIENTED_EDGE('',*,*,#994,.F.);
#994 = EDGE_CURVE('',#995,#997,#999,.T.);
#995 = VERTEX_POINT('',#996);
#996 = CARTESIAN_POINT('',(-5.839663220397,-6.848235792694,5.));
#997 = VERTEX_POINT('',#998);
#998 = CARTESIAN_POINT('',(-5.839663220397,-6.848235792694,1.32));
#999 = LINE('',#1000,#1001);
#1000 = CARTESIAN_POINT('',(-5.839663220397,-6.848235792694,0.));
#1001 = VECTOR('',#1002,1.);
#1002 = DIRECTION('',(-0.,-0.,-1.));
#1003 = ORIENTED_EDGE('',*,*,#1004,.T.);
#1004 = EDGE_CURVE('',#995,#1005,#1007,.T.);
#1005 = VERTEX_POINT('',#1006);
#1006 = CARTESIAN_POINT('',(-4.261528009345,-6.171659341341,5.));
#1007 = CIRCLE('',#1008,1.64);
#1008 = AXIS2_PLACEMENT_3D('',#1009,#1010,#1011);
#1009 = CARTESIAN_POINT('',(-4.5,-7.79422863406,5.));
#1010 = DIRECTION('',(8.660254037844E-16,-5.E-16,-1.));
#1011 = DIRECTION('',(-0.5,-0.866025403784,-6.306961934237E-31));
#1012 = ORIENTED_EDGE('',*,*,#1013,.T.);
#1013 = EDGE_CURVE('',#1005,#185,#1014,.T.);
#1014 = CIRCLE('',#1015,1.64);
#1015 = AXIS2_PLACEMENT_3D('',#1016,#1017,#1018);
#1016 = CARTESIAN_POINT('',(-4.5,-7.79422863406,5.));
#1017 = DIRECTION('',(8.660254037844E-16,-5.E-16,-1.));
#1018 = DIRECTION('',(-0.5,-0.866025403784,-6.306961934237E-31));
#1019 = ORIENTED_EDGE('',*,*,#193,.T.);
#1020 = ORIENTED_EDGE('',*,*,#1021,.F.);
#1021 = EDGE_CURVE('',#997,#194,#1022,.T.);
#1022 = CIRCLE('',#1023,1.64);
#1023 = AXIS2_PLACEMENT_3D('',#1024,#1025,#1026);
#1024 = CARTESIAN_POINT('',(-4.5,-7.79422863406,1.32));
#1025 = DIRECTION('',(8.660254037844E-16,-5.E-16,-1.));
#1026 = DIRECTION('',(-0.5,-0.866025403784,-1.306961934237E-31));
#1027 = CYLINDRICAL_SURFACE('',#1028,1.64);
#1028 = AXIS2_PLACEMENT_3D('',#1029,#1030,#1031);
#1029 = CARTESIAN_POINT('',(-4.5,-7.79422863406,5.));
#1030 = DIRECTION('',(8.660254037844E-16,-5.E-16,-1.));
#1031 = DIRECTION('',(-0.5,-0.866025403784,-6.306961934237E-31));
#1032 = ADVANCED_FACE('',(#1033),#1044,.F.);
#1033 = FACE_BOUND('',#1034,.F.);
#1034 = EDGE_LOOP('',(#1035,#1042,#1043));
#1035 = ORIENTED_EDGE('',*,*,#1036,.T.);
#1036 = EDGE_CURVE('',#1005,#176,#1037,.T.);
#1037 = CIRCLE('',#1038,7.5);
#1038 = AXIS2_PLACEMENT_3D('',#1039,#1040,#1041);
#1039 = CARTESIAN_POINT('',(0.,0.,5.));
#1040 = DIRECTION('',(0.,0.,1.));
#1041 = DIRECTION('',(1.,0.,0.));
#1042 = ORIENTED_EDGE('',*,*,#184,.T.);
#1043 = ORIENTED_EDGE('',*,*,#1013,.F.);
#1044 = PLANE('',#1045);
#1045 = AXIS2_PLACEMENT_3D('',#1046,#1047,#1048);
#1046 = CARTESIAN_POINT('',(-3.646507020105E-16,5.848900222367E-17,5.));
#1047 = DIRECTION('',(0.,0.,1.));
#1048 = DIRECTION('',(1.,0.,0.));
#1049 = ADVANCED_FACE('',(#1050),#1060,.F.);
#1050 = FACE_BOUND('',#1051,.F.);
#1051 = EDGE_LOOP('',(#1052,#1058,#1059));
#1052 = ORIENTED_EDGE('',*,*,#1053,.F.);
#1053 = EDGE_CURVE('',#971,#217,#1054,.T.);
#1054 = LINE('',#1055,#1056);
#1055 = CARTESIAN_POINT('',(-4.5,-7.79422863406,1.32));
#1056 = VECTOR('',#1057,1.);
#1057 = DIRECTION('',(-0.5,-0.866025403784,4.930380657631E-32));
#1058 = ORIENTED_EDGE('',*,*,#970,.T.);
#1059 = ORIENTED_EDGE('',*,*,#216,.F.);
#1060 = PLANE('',#1061);
#1061 = AXIS2_PLACEMENT_3D('',#1062,#1063,#1064);
#1062 = CARTESIAN_POINT('',(-1.402961154131E-15,8.1E-16,1.32));
#1063 = DIRECTION('',(1.056550992617E-15,-6.1E-16,-1.));
#1064 = DIRECTION('',(0.5,0.866025403784,-4.930380657631E-32));
#1065 = ADVANCED_FACE('',(#1066),#1100,.F.);
#1066 = FACE_BOUND('',#1067,.T.);
#1067 = EDGE_LOOP('',(#1068,#1075,#1084,#1092,#1099));
#1068 = ORIENTED_EDGE('',*,*,#1069,.T.);
#1069 = EDGE_CURVE('',#217,#997,#1070,.T.);
#1070 = CIRCLE('',#1071,1.64);
#1071 = AXIS2_PLACEMENT_3D('',#1072,#1073,#1074);
#1072 = CARTESIAN_POINT('',(-4.5,-7.79422863406,1.32));
#1073 = DIRECTION('',(8.660254037844E-16,-5.E-16,-1.));
#1074 = DIRECTION('',(-0.5,-0.866025403784,-1.306961934237E-31));
#1075 = ORIENTED_EDGE('',*,*,#1076,.T.);
#1076 = EDGE_CURVE('',#997,#1077,#1079,.T.);
#1077 = VERTEX_POINT('',#1078);
#1078 = CARTESIAN_POINT('',(-5.845032434972,-6.8436536904,1.32));
#1079 = CIRCLE('',#1080,9.);
#1080 = AXIS2_PLACEMENT_3D('',#1081,#1082,#1083);
#1081 = CARTESIAN_POINT('',(-1.394300900093E-15,8.05E-16,1.32));
#1082 = DIRECTION('',(1.056550992617E-15,-6.1E-16,-1.));
#1083 = DIRECTION('',(-0.5,-0.866025403784,4.930380657631E-32));
#1084 = ORIENTED_EDGE('',*,*,#1085,.T.);
#1085 = EDGE_CURVE('',#1077,#1086,#1088,.T.);
#1086 = VERTEX_POINT('',#1087);
#1087 = CARTESIAN_POINT('',(-9.092272676623,-10.6456835184,1.32));
#1088 = LINE('',#1089,#1090);
#1089 = CARTESIAN_POINT('',(-5.845032434972,-6.8436536904,1.32));
#1090 = VECTOR('',#1091,1.);
#1091 = DIRECTION('',(-0.64944804833,-0.7604059656,-1.822355254921E-16)
  );
#1092 = ORIENTED_EDGE('',*,*,#1093,.F.);
#1093 = EDGE_CURVE('',#235,#1086,#1094,.T.);
#1094 = CIRCLE('',#1095,14.);
#1095 = AXIS2_PLACEMENT_3D('',#1096,#1097,#1098);
#1096 = CARTESIAN_POINT('',(-1.394300900093E-15,8.05E-16,1.32));
#1097 = DIRECTION('',(1.056550992617E-15,-6.1E-16,-1.));
#1098 = DIRECTION('',(-0.5,-0.866025403784,4.930380657631E-32));
#1099 = ORIENTED_EDGE('',*,*,#243,.F.);
#1100 = PLANE('',#1101);
#1101 = AXIS2_PLACEMENT_3D('',#1102,#1103,#1104);
#1102 = CARTESIAN_POINT('',(-1.394300900093E-15,8.05E-16,1.32));
#1103 = DIRECTION('',(1.056550992617E-15,-6.1E-16,-1.));
#1104 = DIRECTION('',(-0.5,-0.866025403784,4.930380657631E-32));
#1105 = ADVANCED_FACE('',(#1106),#1122,.T.);
#1106 = FACE_BOUND('',#1107,.F.);
#1107 = EDGE_LOOP('',(#1108,#1109,#1115,#1116));
#1108 = ORIENTED_EDGE('',*,*,#234,.T.);
#1109 = ORIENTED_EDGE('',*,*,#1110,.T.);
#1110 = EDGE_CURVE('',#227,#429,#1111,.T.);
#1111 = LINE('',#1112,#1113);
#1112 = CARTESIAN_POINT('',(-4.673296029273,-13.19698087529,1.32));
#1113 = VECTOR('',#1114,1.);
#1114 = DIRECTION('',(1.252559872515E-15,-7.249246640173E-16,-1.));
#1115 = ORIENTED_EDGE('',*,*,#437,.F.);
#1116 = ORIENTED_EDGE('',*,*,#1117,.F.);
#1117 = EDGE_CURVE('',#235,#438,#1118,.T.);
#1118 = LINE('',#1119,#1120);
#1119 = CARTESIAN_POINT('',(-7.,-12.12435565298,1.32));
#1120 = VECTOR('',#1121,1.);
#1121 = DIRECTION('',(8.660254037844E-16,-5.E-16,-1.));
#1122 = CYLINDRICAL_SURFACE('',#1123,14.);
#1123 = AXIS2_PLACEMENT_3D('',#1124,#1125,#1126);
#1124 = CARTESIAN_POINT('',(-1.402961154131E-15,8.1E-16,1.32));
#1125 = DIRECTION('',(1.056550992617E-15,-6.1E-16,-1.));
#1126 = DIRECTION('',(-0.5,-0.866025403784,4.930380657631E-32));
#1127 = ADVANCED_FACE('',(#1128),#1135,.T.);
#1128 = FACE_BOUND('',#1129,.T.);
#1129 = EDGE_LOOP('',(#1130,#1131,#1132,#1133,#1134));
#1130 = ORIENTED_EDGE('',*,*,#428,.T.);
#1131 = ORIENTED_EDGE('',*,*,#314,.T.);
#1132 = ORIENTED_EDGE('',*,*,#281,.F.);
#1133 = ORIENTED_EDGE('',*,*,#257,.F.);
#1134 = ORIENTED_EDGE('',*,*,#1110,.T.);
#1135 = CYLINDRICAL_SURFACE('',#1136,14.);
#1136 = AXIS2_PLACEMENT_3D('',#1137,#1138,#1139);
#1137 = CARTESIAN_POINT('',(-1.362435565298E-16,4.401923788647E-17,
    -5.E-17));
#1138 = DIRECTION('',(-1.108512516844E-15,6.4E-16,1.));
#1139 = DIRECTION('',(-0.333806859234,-0.942641491092,2.332614726299E-16
    ));
#1140 = ADVANCED_FACE('',(#1141),#1167,.T.);
#1141 = FACE_BOUND('',#1142,.F.);
#1142 = EDGE_LOOP('',(#1143,#1154,#1160,#1161));
#1143 = ORIENTED_EDGE('',*,*,#1144,.T.);
#1144 = EDGE_CURVE('',#1145,#1147,#1149,.T.);
#1145 = VERTEX_POINT('',#1146);
#1146 = CARTESIAN_POINT('',(14.,-1.E-15,1.32));
#1147 = VERTEX_POINT('',#1148);
#1148 = CARTESIAN_POINT('',(13.765568705895,2.55129735689,1.32));
#1149 = CIRCLE('',#1150,14.);
#1150 = AXIS2_PLACEMENT_3D('',#1151,#1152,#1153);
#1151 = CARTESIAN_POINT('',(0.,-3.E-16,1.32));
#1152 = DIRECTION('',(0.,-2.2E-16,1.));
#1153 = DIRECTION('',(1.,0.,0.));
#1154 = ORIENTED_EDGE('',*,*,#1155,.T.);
#1155 = EDGE_CURVE('',#1147,#333,#1156,.T.);
#1156 = LINE('',#1157,#1158);
#1157 = CARTESIAN_POINT('',(13.765568705895,2.55129735689,1.32));
#1158 = VECTOR('',#1159,1.);
#1159 = DIRECTION('',(1.523238611428E-18,4.472110013675E-16,-1.));
#1160 = ORIENTED_EDGE('',*,*,#330,.F.);
#1161 = ORIENTED_EDGE('',*,*,#1162,.F.);
#1162 = EDGE_CURVE('',#1145,#331,#1163,.T.);
#1163 = LINE('',#1164,#1165);
#1164 = CARTESIAN_POINT('',(14.,0.,1.32));
#1165 = VECTOR('',#1166,1.);
#1166 = DIRECTION('',(0.,0.,-1.));
#1167 = CYLINDRICAL_SURFACE('',#1168,14.);
#1168 = AXIS2_PLACEMENT_3D('',#1169,#1170,#1171);
#1169 = CARTESIAN_POINT('',(0.,-3.E-16,1.32));
#1170 = DIRECTION('',(0.,2.2E-16,-1.));
#1171 = DIRECTION('',(1.,0.,0.));
#1172 = ADVANCED_FACE('',(#1173),#1192,.T.);
#1173 = FACE_BOUND('',#1174,.T.);
#1174 = EDGE_LOOP('',(#1175,#1184,#1190,#1191));
#1175 = ORIENTED_EDGE('',*,*,#1176,.T.);
#1176 = EDGE_CURVE('',#1145,#1177,#1179,.T.);
#1177 = VERTEX_POINT('',#1178);
#1178 = CARTESIAN_POINT('',(13.765568705895,-2.55129735689,1.32));
#1179 = CIRCLE('',#1180,14.);
#1180 = AXIS2_PLACEMENT_3D('',#1181,#1182,#1183);
#1181 = CARTESIAN_POINT('',(0.,-2.9E-16,1.32));
#1182 = DIRECTION('',(0.,2.2E-16,-1.));
#1183 = DIRECTION('',(1.,0.,0.));
#1184 = ORIENTED_EDGE('',*,*,#1185,.T.);
#1185 = EDGE_CURVE('',#1177,#342,#1186,.T.);
#1186 = LINE('',#1187,#1188);
#1187 = CARTESIAN_POINT('',(13.765568705895,-2.55129735689,1.32));
#1188 = VECTOR('',#1189,1.);
#1189 = DIRECTION('',(0.,-0.,-1.));
#1190 = ORIENTED_EDGE('',*,*,#341,.F.);
#1191 = ORIENTED_EDGE('',*,*,#1162,.F.);
#1192 = CYLINDRICAL_SURFACE('',#1193,14.);
#1193 = AXIS2_PLACEMENT_3D('',#1194,#1195,#1196);
#1194 = CARTESIAN_POINT('',(0.,-2.9E-16,1.32));
#1195 = DIRECTION('',(0.,2.2E-16,-1.));
#1196 = DIRECTION('',(1.,0.,0.));
#1197 = ADVANCED_FACE('',(#1198),#1225,.T.);
#1198 = FACE_BOUND('',#1199,.T.);
#1199 = EDGE_LOOP('',(#1200,#1201,#1209,#1218,#1224));
#1200 = ORIENTED_EDGE('',*,*,#672,.T.);
#1201 = ORIENTED_EDGE('',*,*,#1202,.T.);
#1202 = EDGE_CURVE('',#665,#1203,#1205,.T.);
#1203 = VERTEX_POINT('',#1204);
#1204 = CARTESIAN_POINT('',(13.613178885567,3.268235093983,3.4));
#1205 = LINE('',#1206,#1207);
#1206 = CARTESIAN_POINT('',(13.613178885567,3.268235093983,-7.E-17));
#1207 = VECTOR('',#1208,1.);
#1208 = DIRECTION('',(-2.334453638559E-18,-9.723699203977E-18,1.));
#1209 = ORIENTED_EDGE('',*,*,#1210,.F.);
#1210 = EDGE_CURVE('',#1211,#1203,#1213,.T.);
#1211 = VERTEX_POINT('',#1212);
#1212 = CARTESIAN_POINT('',(13.765568705895,2.55129735689,3.4));
#1213 = CIRCLE('',#1214,14.);
#1214 = AXIS2_PLACEMENT_3D('',#1215,#1216,#1217);
#1215 = CARTESIAN_POINT('',(3.E-17,-1.08E-15,3.4));
#1216 = DIRECTION('',(0.,-2.8E-16,1.));
#1217 = DIRECTION('',(0.983254907564,0.182235525492,5.10259471378E-17));
#1218 = ORIENTED_EDGE('',*,*,#1219,.F.);
#1219 = EDGE_CURVE('',#1147,#1211,#1220,.T.);
#1220 = LINE('',#1221,#1222);
#1221 = CARTESIAN_POINT('',(13.765568705895,2.55129735689,-8.E-17));
#1222 = VECTOR('',#1223,1.);
#1223 = DIRECTION('',(0.,0.,1.));
#1224 = ORIENTED_EDGE('',*,*,#1155,.T.);
#1225 = CYLINDRICAL_SURFACE('',#1226,14.);
#1226 = AXIS2_PLACEMENT_3D('',#1227,#1228,#1229);
#1227 = CARTESIAN_POINT('',(3.E-17,-1.4E-16,-5.E-17));
#1228 = DIRECTION('',(0.,-2.8E-16,1.));
#1229 = DIRECTION('',(0.983254907564,0.182235525492,5.10259471378E-17));
#1230 = ADVANCED_FACE('',(#1231),#1258,.T.);
#1231 = FACE_BOUND('',#1232,.F.);
#1232 = EDGE_LOOP('',(#1233,#1234,#1242,#1251,#1257));
#1233 = ORIENTED_EDGE('',*,*,#350,.T.);
#1234 = ORIENTED_EDGE('',*,*,#1235,.T.);
#1235 = EDGE_CURVE('',#351,#1236,#1238,.T.);
#1236 = VERTEX_POINT('',#1237);
#1237 = CARTESIAN_POINT('',(13.613178885567,-3.268235093983,3.4));
#1238 = LINE('',#1239,#1240);
#1239 = CARTESIAN_POINT('',(13.613178885567,-3.268235093983,-9.E-17));
#1240 = VECTOR('',#1241,1.);
#1241 = DIRECTION('',(0.,0.,1.));
#1242 = ORIENTED_EDGE('',*,*,#1243,.F.);
#1243 = EDGE_CURVE('',#1244,#1236,#1246,.T.);
#1244 = VERTEX_POINT('',#1245);
#1245 = CARTESIAN_POINT('',(13.765568705895,-2.55129735689,3.4));
#1246 = CIRCLE('',#1247,14.);
#1247 = AXIS2_PLACEMENT_3D('',#1248,#1249,#1250);
#1248 = CARTESIAN_POINT('',(3.E-17,-4.3E-16,3.4));
#1249 = DIRECTION('',(0.,1.7E-16,-1.));
#1250 = DIRECTION('',(0.983254907564,-0.182235525492,-3.098003933367E-17
    ));
#1251 = ORIENTED_EDGE('',*,*,#1252,.F.);
#1252 = EDGE_CURVE('',#1177,#1244,#1253,.T.);
#1253 = LINE('',#1254,#1255);
#1254 = CARTESIAN_POINT('',(13.765568705895,-2.55129735689,-9.E-17));
#1255 = VECTOR('',#1256,1.);
#1256 = DIRECTION('',(0.,0.,1.));
#1257 = ORIENTED_EDGE('',*,*,#1185,.T.);
#1258 = CYLINDRICAL_SURFACE('',#1259,14.);
#1259 = AXIS2_PLACEMENT_3D('',#1260,#1261,#1262);
#1260 = CARTESIAN_POINT('',(3.E-17,1.4E-16,-5.E-17));
#1261 = DIRECTION('',(0.,-1.7E-16,1.));
#1262 = DIRECTION('',(0.983254907564,-0.182235525492,-3.098003933366E-17
    ));
#1263 = ADVANCED_FACE('',(#1264),#1282,.F.);
#1264 = FACE_BOUND('',#1265,.F.);
#1265 = EDGE_LOOP('',(#1266,#1267,#1268,#1276));
#1266 = ORIENTED_EDGE('',*,*,#664,.T.);
#1267 = ORIENTED_EDGE('',*,*,#1202,.T.);
#1268 = ORIENTED_EDGE('',*,*,#1269,.T.);
#1269 = EDGE_CURVE('',#1203,#1270,#1272,.T.);
#1270 = VERTEX_POINT('',#1271);
#1271 = CARTESIAN_POINT('',(8.751329283579,2.101008274703,3.4));
#1272 = LINE('',#1273,#1274);
#1273 = CARTESIAN_POINT('',(13.613178885567,3.268235093983,3.4));
#1274 = VECTOR('',#1275,1.);
#1275 = DIRECTION('',(-0.972369920398,-0.233445363856,0.));
#1276 = ORIENTED_EDGE('',*,*,#1277,.T.);
#1277 = EDGE_CURVE('',#1270,#656,#1278,.T.);
#1278 = LINE('',#1279,#1280);
#1279 = CARTESIAN_POINT('',(8.751329283579,2.101008274703,3.4));
#1280 = VECTOR('',#1281,1.);
#1281 = DIRECTION('',(2.334453638559E-18,9.723699203977E-18,-1.));
#1282 = PLANE('',#1283);
#1283 = AXIS2_PLACEMENT_3D('',#1284,#1285,#1286);
#1284 = CARTESIAN_POINT('',(11.182254084573,2.684621684343,1.7));
#1285 = DIRECTION('',(0.233445363856,-0.972369920398,-1.8E-16));
#1286 = DIRECTION('',(-0.972369920398,-0.233445363856,-1.E-16));
#1287 = ADVANCED_FACE('',(#1288),#1306,.F.);
#1288 = FACE_BOUND('',#1289,.T.);
#1289 = EDGE_LOOP('',(#1290,#1291,#1292,#1300));
#1290 = ORIENTED_EDGE('',*,*,#359,.T.);
#1291 = ORIENTED_EDGE('',*,*,#1235,.T.);
#1292 = ORIENTED_EDGE('',*,*,#1293,.T.);
#1293 = EDGE_CURVE('',#1236,#1294,#1296,.T.);
#1294 = VERTEX_POINT('',#1295);
#1295 = CARTESIAN_POINT('',(8.751329283579,-2.101008274703,3.4));
#1296 = LINE('',#1297,#1298);
#1297 = CARTESIAN_POINT('',(13.613178885567,-3.268235093983,3.4));
#1298 = VECTOR('',#1299,1.);
#1299 = DIRECTION('',(-0.972369920398,0.233445363856,0.));
#1300 = ORIENTED_EDGE('',*,*,#1301,.T.);
#1301 = EDGE_CURVE('',#1294,#360,#1302,.T.);
#1302 = LINE('',#1303,#1304);
#1303 = CARTESIAN_POINT('',(8.751329283579,-2.101008274703,3.4));
#1304 = VECTOR('',#1305,1.);
#1305 = DIRECTION('',(0.,-0.,-1.));
#1306 = PLANE('',#1307);
#1307 = AXIS2_PLACEMENT_3D('',#1308,#1309,#1310);
#1308 = CARTESIAN_POINT('',(11.182254084573,-2.684621684343,1.7));
#1309 = DIRECTION('',(0.233445363856,0.972369920398,2.5E-16));
#1310 = DIRECTION('',(0.972369920398,-0.233445363856,0.));
#1311 = ADVANCED_FACE('',(#1312),#1442,.T.);
#1312 = FACE_BOUND('',#1313,.F.);
#1313 = EDGE_LOOP('',(#1314,#1325,#1333,#1342,#1350,#1359,#1368,#1376,
    #1385,#1393,#1402,#1410,#1419,#1425,#1426,#1427,#1436));
#1314 = ORIENTED_EDGE('',*,*,#1315,.F.);
#1315 = EDGE_CURVE('',#1316,#1318,#1320,.T.);
#1316 = VERTEX_POINT('',#1317);
#1317 = CARTESIAN_POINT('',(8.850577777778,1.633178802062,1.32));
#1318 = VERTEX_POINT('',#1319);
#1319 = CARTESIAN_POINT('',(8.849294168076,1.640119729429,1.32));
#1320 = CIRCLE('',#1321,9.);
#1321 = AXIS2_PLACEMENT_3D('',#1322,#1323,#1324);
#1322 = CARTESIAN_POINT('',(0.,-3.E-16,1.32));
#1323 = DIRECTION('',(0.,-2.2E-16,1.));
#1324 = DIRECTION('',(1.,0.,0.));
#1325 = ORIENTED_EDGE('',*,*,#1326,.F.);
#1326 = EDGE_CURVE('',#1327,#1316,#1329,.T.);
#1327 = VERTEX_POINT('',#1328);
#1328 = CARTESIAN_POINT('',(8.850577777778,1.633178802062,5.));
#1329 = LINE('',#1330,#1331);
#1330 = CARTESIAN_POINT('',(8.850577777778,1.633178802062,0.));
#1331 = VECTOR('',#1332,1.);
#1332 = DIRECTION('',(-0.,-0.,-1.));
#1333 = ORIENTED_EDGE('',*,*,#1334,.T.);
#1334 = EDGE_CURVE('',#1327,#1335,#1337,.T.);
#1335 = VERTEX_POINT('',#1336);
#1336 = CARTESIAN_POINT('',(8.481414594757,3.010914557381,5.));
#1337 = CIRCLE('',#1338,9.);
#1338 = AXIS2_PLACEMENT_3D('',#1339,#1340,#1341);
#1339 = CARTESIAN_POINT('',(0.,0.,5.));
#1340 = DIRECTION('',(0.,0.,1.));
#1341 = DIRECTION('',(1.,0.,0.));
#1342 = ORIENTED_EDGE('',*,*,#1343,.T.);
#1343 = EDGE_CURVE('',#1335,#1344,#1346,.T.);
#1344 = VERTEX_POINT('',#1345);
#1345 = CARTESIAN_POINT('',(8.481414594757,3.010914557381,1.32));
#1346 = LINE('',#1347,#1348);
#1347 = CARTESIAN_POINT('',(8.481414594757,3.010914557381,0.));
#1348 = VECTOR('',#1349,1.);
#1349 = DIRECTION('',(-0.,-0.,-1.));
#1350 = ORIENTED_EDGE('',*,*,#1351,.F.);
#1351 = EDGE_CURVE('',#1352,#1344,#1354,.T.);
#1352 = VERTEX_POINT('',#1353);
#1353 = CARTESIAN_POINT('',(7.79422863406,4.5,1.32));
#1354 = CIRCLE('',#1355,9.);
#1355 = AXIS2_PLACEMENT_3D('',#1356,#1357,#1358);
#1356 = CARTESIAN_POINT('',(0.,0.,1.32));
#1357 = DIRECTION('',(0.,0.,-1.));
#1358 = DIRECTION('',(1.,0.,0.));
#1359 = ORIENTED_EDGE('',*,*,#1360,.F.);
#1360 = EDGE_CURVE('',#1361,#1352,#1363,.T.);
#1361 = VERTEX_POINT('',#1362);
#1362 = CARTESIAN_POINT('',(6.848235792694,5.839663220397,1.32));
#1363 = CIRCLE('',#1364,9.);
#1364 = AXIS2_PLACEMENT_3D('',#1365,#1366,#1367);
#1365 = CARTESIAN_POINT('',(0.,0.,1.32));
#1366 = DIRECTION('',(0.,0.,-1.));
#1367 = DIRECTION('',(1.,0.,0.));
#1368 = ORIENTED_EDGE('',*,*,#1369,.F.);
#1369 = EDGE_CURVE('',#1370,#1361,#1372,.T.);
#1370 = VERTEX_POINT('',#1371);
#1371 = CARTESIAN_POINT('',(6.848235792694,5.839663220397,5.));
#1372 = LINE('',#1373,#1374);
#1373 = CARTESIAN_POINT('',(6.848235792694,5.839663220397,0.));
#1374 = VECTOR('',#1375,1.);
#1375 = DIRECTION('',(-0.,-0.,-1.));
#1376 = ORIENTED_EDGE('',*,*,#1377,.T.);
#1377 = EDGE_CURVE('',#1370,#1378,#1380,.T.);
#1378 = VERTEX_POINT('',#1379);
#1379 = CARTESIAN_POINT('',(5.839663220397,6.848235792694,5.));
#1380 = CIRCLE('',#1381,9.);
#1381 = AXIS2_PLACEMENT_3D('',#1382,#1383,#1384);
#1382 = CARTESIAN_POINT('',(0.,0.,5.));
#1383 = DIRECTION('',(0.,0.,1.));
#1384 = DIRECTION('',(1.,0.,0.));
#1385 = ORIENTED_EDGE('',*,*,#1386,.T.);
#1386 = EDGE_CURVE('',#1378,#1387,#1389,.T.);
#1387 = VERTEX_POINT('',#1388);
#1388 = CARTESIAN_POINT('',(5.839663220397,6.848235792694,1.32));
#1389 = LINE('',#1390,#1391);
#1390 = CARTESIAN_POINT('',(5.839663220397,6.848235792694,0.));
#1391 = VECTOR('',#1392,1.);
#1392 = DIRECTION('',(-0.,-0.,-1.));
#1393 = ORIENTED_EDGE('',*,*,#1394,.T.);
#1394 = EDGE_CURVE('',#1387,#1395,#1397,.T.);
#1395 = VERTEX_POINT('',#1396);
#1396 = CARTESIAN_POINT('',(5.845032434972,6.8436536904,1.32));
#1397 = CIRCLE('',#1398,9.);
#1398 = AXIS2_PLACEMENT_3D('',#1399,#1400,#1401);
#1399 = CARTESIAN_POINT('',(2.511473670975E-16,-1.45E-16,1.32));
#1400 = DIRECTION('',(-1.905255888326E-16,1.1E-16,-1.));
#1401 = DIRECTION('',(0.5,0.866025403784,0.));
#1402 = ORIENTED_EDGE('',*,*,#1403,.F.);
#1403 = EDGE_CURVE('',#1404,#1395,#1406,.T.);
#1404 = VERTEX_POINT('',#1405);
#1405 = CARTESIAN_POINT('',(5.845032434972,6.8436536904,3.4));
#1406 = LINE('',#1407,#1408);
#1407 = CARTESIAN_POINT('',(5.845032434972,6.8436536904,3.4));
#1408 = VECTOR('',#1409,1.);
#1409 = DIRECTION('',(0.,0.,-1.));
#1410 = ORIENTED_EDGE('',*,*,#1411,.T.);
#1411 = EDGE_CURVE('',#1404,#1412,#1414,.T.);
#1412 = VERTEX_POINT('',#1413);
#1413 = CARTESIAN_POINT('',(6.195191181244,6.528369339111,3.4));
#1414 = CIRCLE('',#1415,9.);
#1415 = AXIS2_PLACEMENT_3D('',#1416,#1417,#1418);
#1416 = CARTESIAN_POINT('',(3.873909236273E-16,-1.890192378865E-16,3.4)
  );
#1417 = DIRECTION('',(-1.472243186434E-16,8.5E-17,-1.));
#1418 = DIRECTION('',(0.64944804833,0.7604059656,-3.098003933366E-17));
#1419 = ORIENTED_EDGE('',*,*,#1420,.T.);
#1420 = EDGE_CURVE('',#1412,#648,#1421,.T.);
#1421 = LINE('',#1422,#1423);
#1422 = CARTESIAN_POINT('',(6.195191181244,6.528369339111,3.4));
#1423 = VECTOR('',#1424,1.);
#1424 = DIRECTION('',(0.,0.,-1.));
#1425 = ORIENTED_EDGE('',*,*,#655,.F.);
#1426 = ORIENTED_EDGE('',*,*,#1277,.F.);
#1427 = ORIENTED_EDGE('',*,*,#1428,.F.);
#1428 = EDGE_CURVE('',#1429,#1270,#1431,.T.);
#1429 = VERTEX_POINT('',#1430);
#1430 = CARTESIAN_POINT('',(8.849294168076,1.640119729429,3.4));
#1431 = CIRCLE('',#1432,9.);
#1432 = AXIS2_PLACEMENT_3D('',#1433,#1434,#1435);
#1433 = CARTESIAN_POINT('',(3.E-17,-1.08E-15,3.4));
#1434 = DIRECTION('',(6.162975822039E-33,-2.8E-16,1.));
#1435 = DIRECTION('',(0.983254907564,0.182235525492,5.10259471378E-17));
#1436 = ORIENTED_EDGE('',*,*,#1437,.T.);
#1437 = EDGE_CURVE('',#1429,#1318,#1438,.T.);
#1438 = LINE('',#1439,#1440);
#1439 = CARTESIAN_POINT('',(8.849294168076,1.640119729429,3.4));
#1440 = VECTOR('',#1441,1.);
#1441 = DIRECTION('',(0.,0.,-1.));
#1442 = CYLINDRICAL_SURFACE('',#1443,9.);
#1443 = AXIS2_PLACEMENT_3D('',#1444,#1445,#1446);
#1444 = CARTESIAN_POINT('',(0.,0.,0.));
#1445 = DIRECTION('',(-0.,-0.,-1.));
#1446 = DIRECTION('',(1.,0.,0.));
#1447 = ADVANCED_FACE('',(#1448),#1578,.T.);
#1448 = FACE_BOUND('',#1449,.F.);
#1449 = EDGE_LOOP('',(#1450,#1460,#1469,#1477,#1486,#1495,#1503,#1512,
    #1520,#1529,#1537,#1544,#1545,#1546,#1554,#1563,#1571));
#1450 = ORIENTED_EDGE('',*,*,#1451,.F.);
#1451 = EDGE_CURVE('',#1452,#1454,#1456,.T.);
#1452 = VERTEX_POINT('',#1453);
#1453 = CARTESIAN_POINT('',(5.839663220397,-6.848235792694,5.));
#1454 = VERTEX_POINT('',#1455);
#1455 = CARTESIAN_POINT('',(5.839663220397,-6.848235792694,1.32));
#1456 = LINE('',#1457,#1458);
#1457 = CARTESIAN_POINT('',(5.839663220397,-6.848235792694,0.));
#1458 = VECTOR('',#1459,1.);
#1459 = DIRECTION('',(-0.,-0.,-1.));
#1460 = ORIENTED_EDGE('',*,*,#1461,.T.);
#1461 = EDGE_CURVE('',#1452,#1462,#1464,.T.);
#1462 = VERTEX_POINT('',#1463);
#1463 = CARTESIAN_POINT('',(6.848235792694,-5.839663220397,5.));
#1464 = CIRCLE('',#1465,9.);
#1465 = AXIS2_PLACEMENT_3D('',#1466,#1467,#1468);
#1466 = CARTESIAN_POINT('',(0.,0.,5.));
#1467 = DIRECTION('',(0.,0.,1.));
#1468 = DIRECTION('',(1.,0.,0.));
#1469 = ORIENTED_EDGE('',*,*,#1470,.T.);
#1470 = EDGE_CURVE('',#1462,#1471,#1473,.T.);
#1471 = VERTEX_POINT('',#1472);
#1472 = CARTESIAN_POINT('',(6.848235792694,-5.839663220397,1.32));
#1473 = LINE('',#1474,#1475);
#1474 = CARTESIAN_POINT('',(6.848235792694,-5.839663220397,0.));
#1475 = VECTOR('',#1476,1.);
#1476 = DIRECTION('',(-0.,-0.,-1.));
#1477 = ORIENTED_EDGE('',*,*,#1478,.F.);
#1478 = EDGE_CURVE('',#1479,#1471,#1481,.T.);
#1479 = VERTEX_POINT('',#1480);
#1480 = CARTESIAN_POINT('',(7.79422863406,-4.5,1.32));
#1481 = CIRCLE('',#1482,9.);
#1482 = AXIS2_PLACEMENT_3D('',#1483,#1484,#1485);
#1483 = CARTESIAN_POINT('',(0.,0.,1.32));
#1484 = DIRECTION('',(0.,0.,-1.));
#1485 = DIRECTION('',(1.,0.,0.));
#1486 = ORIENTED_EDGE('',*,*,#1487,.F.);
#1487 = EDGE_CURVE('',#1488,#1479,#1490,.T.);
#1488 = VERTEX_POINT('',#1489);
#1489 = CARTESIAN_POINT('',(8.481414594757,-3.010914557381,1.32));
#1490 = CIRCLE('',#1491,9.);
#1491 = AXIS2_PLACEMENT_3D('',#1492,#1493,#1494);
#1492 = CARTESIAN_POINT('',(0.,0.,1.32));
#1493 = DIRECTION('',(0.,0.,-1.));
#1494 = DIRECTION('',(1.,0.,0.));
#1495 = ORIENTED_EDGE('',*,*,#1496,.F.);
#1496 = EDGE_CURVE('',#1497,#1488,#1499,.T.);
#1497 = VERTEX_POINT('',#1498);
#1498 = CARTESIAN_POINT('',(8.481414594757,-3.010914557381,5.));
#1499 = LINE('',#1500,#1501);
#1500 = CARTESIAN_POINT('',(8.481414594757,-3.010914557381,0.));
#1501 = VECTOR('',#1502,1.);
#1502 = DIRECTION('',(-0.,-0.,-1.));
#1503 = ORIENTED_EDGE('',*,*,#1504,.T.);
#1504 = EDGE_CURVE('',#1497,#1505,#1507,.T.);
#1505 = VERTEX_POINT('',#1506);
#1506 = CARTESIAN_POINT('',(8.850577777778,-1.633178802062,5.));
#1507 = CIRCLE('',#1508,9.);
#1508 = AXIS2_PLACEMENT_3D('',#1509,#1510,#1511);
#1509 = CARTESIAN_POINT('',(0.,0.,5.));
#1510 = DIRECTION('',(0.,0.,1.));
#1511 = DIRECTION('',(1.,0.,0.));
#1512 = ORIENTED_EDGE('',*,*,#1513,.T.);
#1513 = EDGE_CURVE('',#1505,#1514,#1516,.T.);
#1514 = VERTEX_POINT('',#1515);
#1515 = CARTESIAN_POINT('',(8.850577777778,-1.633178802062,1.32));
#1516 = LINE('',#1517,#1518);
#1517 = CARTESIAN_POINT('',(8.850577777778,-1.633178802062,0.));
#1518 = VECTOR('',#1519,1.);
#1519 = DIRECTION('',(-0.,-0.,-1.));
#1520 = ORIENTED_EDGE('',*,*,#1521,.T.);
#1521 = EDGE_CURVE('',#1514,#1522,#1524,.T.);
#1522 = VERTEX_POINT('',#1523);
#1523 = CARTESIAN_POINT('',(8.849294168076,-1.640119729429,1.32));
#1524 = CIRCLE('',#1525,9.);
#1525 = AXIS2_PLACEMENT_3D('',#1526,#1527,#1528);
#1526 = CARTESIAN_POINT('',(0.,-2.9E-16,1.32));
#1527 = DIRECTION('',(0.,2.2E-16,-1.));
#1528 = DIRECTION('',(1.,0.,0.));
#1529 = ORIENTED_EDGE('',*,*,#1530,.F.);
#1530 = EDGE_CURVE('',#1531,#1522,#1533,.T.);
#1531 = VERTEX_POINT('',#1532);
#1532 = CARTESIAN_POINT('',(8.849294168076,-1.640119729429,3.4));
#1533 = LINE('',#1534,#1535);
#1534 = CARTESIAN_POINT('',(8.849294168076,-1.640119729429,3.4));
#1535 = VECTOR('',#1536,1.);
#1536 = DIRECTION('',(0.,-0.,-1.));
#1537 = ORIENTED_EDGE('',*,*,#1538,.T.);
#1538 = EDGE_CURVE('',#1531,#1294,#1539,.T.);
#1539 = CIRCLE('',#1540,9.);
#1540 = AXIS2_PLACEMENT_3D('',#1541,#1542,#1543);
#1541 = CARTESIAN_POINT('',(3.E-17,-4.3E-16,3.4));
#1542 = DIRECTION('',(-6.162975822039E-33,1.7E-16,-1.));
#1543 = DIRECTION('',(0.983254907564,-0.182235525492,-3.098003933366E-17
    ));
#1544 = ORIENTED_EDGE('',*,*,#1301,.T.);
#1545 = ORIENTED_EDGE('',*,*,#367,.F.);
#1546 = ORIENTED_EDGE('',*,*,#1547,.F.);
#1547 = EDGE_CURVE('',#1548,#368,#1550,.T.);
#1548 = VERTEX_POINT('',#1549);
#1549 = CARTESIAN_POINT('',(6.195191181244,-6.528369339111,3.4));
#1550 = LINE('',#1551,#1552);
#1551 = CARTESIAN_POINT('',(6.195191181244,-6.528369339111,3.4));
#1552 = VECTOR('',#1553,1.);
#1553 = DIRECTION('',(9.588197348682E-18,2.840153447039E-18,-1.));
#1554 = ORIENTED_EDGE('',*,*,#1555,.F.);
#1555 = EDGE_CURVE('',#1556,#1548,#1558,.T.);
#1556 = VERTEX_POINT('',#1557);
#1557 = CARTESIAN_POINT('',(5.845032434972,-6.8436536904,3.4));
#1558 = CIRCLE('',#1559,9.);
#1559 = AXIS2_PLACEMENT_3D('',#1560,#1561,#1562);
#1560 = CARTESIAN_POINT('',(-9.203074360872E-16,-5.659807621135E-16,3.4)
  );
#1561 = DIRECTION('',(-2.424871130596E-16,-1.4E-16,1.));
#1562 = DIRECTION('',(0.64944804833,-0.7604059656,5.10259471378E-17));
#1563 = ORIENTED_EDGE('',*,*,#1564,.T.);
#1564 = EDGE_CURVE('',#1556,#1565,#1567,.T.);
#1565 = VERTEX_POINT('',#1566);
#1566 = CARTESIAN_POINT('',(5.845032434972,-6.8436536904,1.32));
#1567 = LINE('',#1568,#1569);
#1568 = CARTESIAN_POINT('',(5.845032434972,-6.8436536904,3.4));
#1569 = VECTOR('',#1570,1.);
#1570 = DIRECTION('',(0.,0.,-1.));
#1571 = ORIENTED_EDGE('',*,*,#1572,.F.);
#1572 = EDGE_CURVE('',#1454,#1565,#1573,.T.);
#1573 = CIRCLE('',#1574,9.);
#1574 = AXIS2_PLACEMENT_3D('',#1575,#1576,#1577);
#1575 = CARTESIAN_POINT('',(-2.598076211353E-16,-1.5E-16,1.32));
#1576 = DIRECTION('',(-1.905255888326E-16,-1.1E-16,1.));
#1577 = DIRECTION('',(0.5,-0.866025403784,0.));
#1578 = CYLINDRICAL_SURFACE('',#1579,9.);
#1579 = AXIS2_PLACEMENT_3D('',#1580,#1581,#1582);
#1580 = CARTESIAN_POINT('',(0.,0.,0.));
#1581 = DIRECTION('',(-0.,-0.,-1.));
#1582 = DIRECTION('',(1.,0.,0.));
#1583 = ADVANCED_FACE('',(#1584),#1602,.F.);
#1584 = FACE_BOUND('',#1585,.T.);
#1585 = EDGE_LOOP('',(#1586,#1587,#1595,#1601));
#1586 = ORIENTED_EDGE('',*,*,#647,.T.);
#1587 = ORIENTED_EDGE('',*,*,#1588,.T.);
#1588 = EDGE_CURVE('',#639,#1589,#1591,.T.);
#1589 = VERTEX_POINT('',#1590);
#1590 = CARTESIAN_POINT('',(9.636964059713,10.155241194172,3.4));
#1591 = LINE('',#1592,#1593);
#1592 = CARTESIAN_POINT('',(9.636964059713,10.155241194172,-9.E-17));
#1593 = VECTOR('',#1594,1.);
#1594 = DIRECTION('',(0.,0.,1.));
#1595 = ORIENTED_EDGE('',*,*,#1596,.T.);
#1596 = EDGE_CURVE('',#1589,#1412,#1597,.T.);
#1597 = LINE('',#1598,#1599);
#1598 = CARTESIAN_POINT('',(9.636964059713,10.155241194172,3.4));
#1599 = VECTOR('',#1600,1.);
#1600 = DIRECTION('',(-0.688354575694,-0.725374371012,0.));
#1601 = ORIENTED_EDGE('',*,*,#1420,.T.);
#1602 = PLANE('',#1603);
#1603 = AXIS2_PLACEMENT_3D('',#1604,#1605,#1606);
#1604 = CARTESIAN_POINT('',(7.916077620478,8.341805266641,1.7));
#1605 = DIRECTION('',(-0.725374371012,0.688354575694,2.5E-16));
#1606 = DIRECTION('',(0.688354575694,0.725374371012,0.));
#1607 = ADVANCED_FACE('',(#1608),#1626,.F.);
#1608 = FACE_BOUND('',#1609,.F.);
#1609 = EDGE_LOOP('',(#1610,#1611,#1619,#1625));
#1610 = ORIENTED_EDGE('',*,*,#376,.T.);
#1611 = ORIENTED_EDGE('',*,*,#1612,.T.);
#1612 = EDGE_CURVE('',#377,#1613,#1615,.T.);
#1613 = VERTEX_POINT('',#1614);
#1614 = CARTESIAN_POINT('',(9.636964059713,-10.15524119417,3.4));
#1615 = LINE('',#1616,#1617);
#1616 = CARTESIAN_POINT('',(9.636964059713,-10.15524119417,-7.E-17));
#1617 = VECTOR('',#1618,1.);
#1618 = DIRECTION('',(-9.588197348682E-18,-2.840153447039E-18,1.));
#1619 = ORIENTED_EDGE('',*,*,#1620,.T.);
#1620 = EDGE_CURVE('',#1613,#1548,#1621,.T.);
#1621 = LINE('',#1622,#1623);
#1622 = CARTESIAN_POINT('',(9.636964059713,-10.15524119417,3.4));
#1623 = VECTOR('',#1624,1.);
#1624 = DIRECTION('',(-0.688354575694,0.725374371012,0.));
#1625 = ORIENTED_EDGE('',*,*,#1547,.T.);
#1626 = PLANE('',#1627);
#1627 = AXIS2_PLACEMENT_3D('',#1628,#1629,#1630);
#1628 = CARTESIAN_POINT('',(7.916077620478,-8.341805266641,1.7));
#1629 = DIRECTION('',(-0.725374371012,-0.688354575694,-1.8E-16));
#1630 = DIRECTION('',(-0.688354575694,0.725374371012,-1.E-16));
#1631 = ADVANCED_FACE('',(#1632),#1659,.T.);
#1632 = FACE_BOUND('',#1633,.F.);
#1633 = EDGE_LOOP('',(#1634,#1635,#1636,#1645,#1653));
#1634 = ORIENTED_EDGE('',*,*,#638,.T.);
#1635 = ORIENTED_EDGE('',*,*,#1588,.T.);
#1636 = ORIENTED_EDGE('',*,*,#1637,.F.);
#1637 = EDGE_CURVE('',#1638,#1589,#1640,.T.);
#1638 = VERTEX_POINT('',#1639);
#1639 = CARTESIAN_POINT('',(9.092272676623,10.6456835184,3.4));
#1640 = CIRCLE('',#1641,14.);
#1641 = AXIS2_PLACEMENT_3D('',#1642,#1643,#1644);
#1642 = CARTESIAN_POINT('',(3.873909236273E-16,-1.890192378865E-16,3.4)
  );
#1643 = DIRECTION('',(-1.472243186434E-16,8.5E-17,-1.));
#1644 = DIRECTION('',(0.64944804833,0.7604059656,-3.098003933366E-17));
#1645 = ORIENTED_EDGE('',*,*,#1646,.F.);
#1646 = EDGE_CURVE('',#1647,#1638,#1649,.T.);
#1647 = VERTEX_POINT('',#1648);
#1648 = CARTESIAN_POINT('',(9.092272676623,10.6456835184,1.32));
#1649 = LINE('',#1650,#1651);
#1650 = CARTESIAN_POINT('',(9.092272676623,10.6456835184,-9.E-17));
#1651 = VECTOR('',#1652,1.);
#1652 = DIRECTION('',(0.,0.,1.));
#1653 = ORIENTED_EDGE('',*,*,#1654,.T.);
#1654 = EDGE_CURVE('',#1647,#630,#1655,.T.);
#1655 = LINE('',#1656,#1657);
#1656 = CARTESIAN_POINT('',(9.092272676623,10.6456835184,1.32));
#1657 = VECTOR('',#1658,1.);
#1658 = DIRECTION('',(0.,0.,-1.));
#1659 = CYLINDRICAL_SURFACE('',#1660,14.);
#1660 = AXIS2_PLACEMENT_3D('',#1661,#1662,#1663);
#1661 = CARTESIAN_POINT('',(-1.062435565298E-16,9.598076211353E-17,
    -5.E-17));
#1662 = DIRECTION('',(1.472243186434E-16,-8.5E-17,1.));
#1663 = DIRECTION('',(0.64944804833,0.7604059656,-3.098003933366E-17));
#1664 = ADVANCED_FACE('',(#1665),#1692,.T.);
#1665 = FACE_BOUND('',#1666,.T.);
#1666 = EDGE_LOOP('',(#1667,#1668,#1669,#1678,#1686));
#1667 = ORIENTED_EDGE('',*,*,#384,.T.);
#1668 = ORIENTED_EDGE('',*,*,#1612,.T.);
#1669 = ORIENTED_EDGE('',*,*,#1670,.F.);
#1670 = EDGE_CURVE('',#1671,#1613,#1673,.T.);
#1671 = VERTEX_POINT('',#1672);
#1672 = CARTESIAN_POINT('',(9.092272676623,-10.6456835184,3.4));
#1673 = CIRCLE('',#1674,14.);
#1674 = AXIS2_PLACEMENT_3D('',#1675,#1676,#1677);
#1675 = CARTESIAN_POINT('',(-9.203074360872E-16,-5.659807621135E-16,3.4)
  );
#1676 = DIRECTION('',(-2.424871130596E-16,-1.4E-16,1.));
#1677 = DIRECTION('',(0.64944804833,-0.7604059656,5.10259471378E-17));
#1678 = ORIENTED_EDGE('',*,*,#1679,.F.);
#1679 = EDGE_CURVE('',#1680,#1671,#1682,.T.);
#1680 = VERTEX_POINT('',#1681);
#1681 = CARTESIAN_POINT('',(9.092272676623,-10.6456835184,1.32));
#1682 = LINE('',#1683,#1684);
#1683 = CARTESIAN_POINT('',(9.092272676623,-10.6456835184,-8.E-17));
#1684 = VECTOR('',#1685,1.);
#1685 = DIRECTION('',(0.,0.,1.));
#1686 = ORIENTED_EDGE('',*,*,#1687,.T.);
#1687 = EDGE_CURVE('',#1680,#385,#1688,.T.);
#1688 = LINE('',#1689,#1690);
#1689 = CARTESIAN_POINT('',(9.092272676623,-10.6456835184,1.32));
#1690 = VECTOR('',#1691,1.);
#1691 = DIRECTION('',(3.880577073419E-16,2.222863373502E-16,-1.));
#1692 = CYLINDRICAL_SURFACE('',#1693,14.);
#1693 = AXIS2_PLACEMENT_3D('',#1694,#1695,#1696);
#1694 = CARTESIAN_POINT('',(-1.062435565298E-16,-9.598076211353E-17,
    -5.E-17));
#1695 = DIRECTION('',(-2.424871130596E-16,-1.4E-16,1.));
#1696 = DIRECTION('',(0.64944804833,-0.7604059656,5.10259471378E-17));
#1697 = ADVANCED_FACE('',(#1698),#1717,.T.);
#1698 = FACE_BOUND('',#1699,.T.);
#1699 = EDGE_LOOP('',(#1700,#1709,#1710,#1711));
#1700 = ORIENTED_EDGE('',*,*,#1701,.T.);
#1701 = EDGE_CURVE('',#1702,#1647,#1704,.T.);
#1702 = VERTEX_POINT('',#1703);
#1703 = CARTESIAN_POINT('',(7.,12.124355652982,1.32));
#1704 = CIRCLE('',#1705,14.);
#1705 = AXIS2_PLACEMENT_3D('',#1706,#1707,#1708);
#1706 = CARTESIAN_POINT('',(2.511473670975E-16,-1.45E-16,1.32));
#1707 = DIRECTION('',(-1.905255888326E-16,1.1E-16,-1.));
#1708 = DIRECTION('',(0.5,0.866025403784,0.));
#1709 = ORIENTED_EDGE('',*,*,#1654,.T.);
#1710 = ORIENTED_EDGE('',*,*,#629,.F.);
#1711 = ORIENTED_EDGE('',*,*,#1712,.F.);
#1712 = EDGE_CURVE('',#1702,#621,#1713,.T.);
#1713 = LINE('',#1714,#1715);
#1714 = CARTESIAN_POINT('',(7.,12.124355652982,1.32));
#1715 = VECTOR('',#1716,1.);
#1716 = DIRECTION('',(0.,0.,-1.));
#1717 = CYLINDRICAL_SURFACE('',#1718,14.);
#1718 = AXIS2_PLACEMENT_3D('',#1719,#1720,#1721);
#1719 = CARTESIAN_POINT('',(2.511473670975E-16,-1.45E-16,1.32));
#1720 = DIRECTION('',(-1.905255888326E-16,1.1E-16,-1.));
#1721 = DIRECTION('',(0.5,0.866025403784,0.));
#1722 = ADVANCED_FACE('',(#1723),#1740,.T.);
#1723 = FACE_BOUND('',#1724,.F.);
#1724 = EDGE_LOOP('',(#1725,#1732,#1733,#1734));
#1725 = ORIENTED_EDGE('',*,*,#1726,.T.);
#1726 = EDGE_CURVE('',#783,#1680,#1727,.T.);
#1727 = CIRCLE('',#1728,14.);
#1728 = AXIS2_PLACEMENT_3D('',#1729,#1730,#1731);
#1729 = CARTESIAN_POINT('',(-2.598076211353E-16,-1.5E-16,1.32));
#1730 = DIRECTION('',(-1.905255888326E-16,-1.1E-16,1.));
#1731 = DIRECTION('',(0.5,-0.866025403784,0.));
#1732 = ORIENTED_EDGE('',*,*,#1687,.T.);
#1733 = ORIENTED_EDGE('',*,*,#393,.F.);
#1734 = ORIENTED_EDGE('',*,*,#1735,.F.);
#1735 = EDGE_CURVE('',#783,#394,#1736,.T.);
#1736 = LINE('',#1737,#1738);
#1737 = CARTESIAN_POINT('',(7.,-12.12435565298,1.32));
#1738 = VECTOR('',#1739,1.);
#1739 = DIRECTION('',(0.,-0.,-1.));
#1740 = CYLINDRICAL_SURFACE('',#1741,14.);
#1741 = AXIS2_PLACEMENT_3D('',#1742,#1743,#1744);
#1742 = CARTESIAN_POINT('',(-2.598076211353E-16,-1.5E-16,1.32));
#1743 = DIRECTION('',(1.905255888326E-16,1.1E-16,-1.));
#1744 = DIRECTION('',(0.5,-0.866025403784,0.));
#1745 = ADVANCED_FACE('',(#1746),#1765,.T.);
#1746 = FACE_BOUND('',#1747,.F.);
#1747 = EDGE_LOOP('',(#1748,#1757,#1763,#1764));
#1748 = ORIENTED_EDGE('',*,*,#1749,.T.);
#1749 = EDGE_CURVE('',#1702,#1750,#1752,.T.);
#1750 = VERTEX_POINT('',#1751);
#1751 = CARTESIAN_POINT('',(4.673296029273,13.196980875291,1.32));
#1752 = CIRCLE('',#1753,14.);
#1753 = AXIS2_PLACEMENT_3D('',#1754,#1755,#1756);
#1754 = CARTESIAN_POINT('',(2.598076211353E-16,-1.5E-16,1.32));
#1755 = DIRECTION('',(1.905255888326E-16,-1.1E-16,1.));
#1756 = DIRECTION('',(0.5,0.866025403784,0.));
#1757 = ORIENTED_EDGE('',*,*,#1758,.T.);
#1758 = EDGE_CURVE('',#1750,#612,#1759,.T.);
#1759 = LINE('',#1760,#1761);
#1760 = CARTESIAN_POINT('',(4.673296029273,13.196980875291,1.32));
#1761 = VECTOR('',#1762,1.);
#1762 = DIRECTION('',(-3.865344687304E-16,2.249246640173E-16,-1.));
#1763 = ORIENTED_EDGE('',*,*,#620,.F.);
#1764 = ORIENTED_EDGE('',*,*,#1712,.F.);
#1765 = CYLINDRICAL_SURFACE('',#1766,14.);
#1766 = AXIS2_PLACEMENT_3D('',#1767,#1768,#1769);
#1767 = CARTESIAN_POINT('',(2.598076211353E-16,-1.5E-16,1.32));
#1768 = DIRECTION('',(-1.905255888326E-16,1.1E-16,-1.));
#1769 = DIRECTION('',(0.5,0.866025403784,0.));
#1770 = ADVANCED_FACE('',(#1771),#1782,.T.);
#1771 = FACE_BOUND('',#1772,.T.);
#1772 = EDGE_LOOP('',(#1773,#1774,#1780,#1781));
#1773 = ORIENTED_EDGE('',*,*,#782,.T.);
#1774 = ORIENTED_EDGE('',*,*,#1775,.T.);
#1775 = EDGE_CURVE('',#748,#403,#1776,.T.);
#1776 = LINE('',#1777,#1778);
#1777 = CARTESIAN_POINT('',(4.673296029273,-13.19698087529,1.32));
#1778 = VECTOR('',#1779,1.);
#1779 = DIRECTION('',(0.,-0.,-1.));
#1780 = ORIENTED_EDGE('',*,*,#402,.F.);
#1781 = ORIENTED_EDGE('',*,*,#1735,.F.);
#1782 = CYLINDRICAL_SURFACE('',#1783,14.);
#1783 = AXIS2_PLACEMENT_3D('',#1784,#1785,#1786);
#1784 = CARTESIAN_POINT('',(-2.511473670975E-16,-1.45E-16,1.32));
#1785 = DIRECTION('',(1.905255888326E-16,1.1E-16,-1.));
#1786 = DIRECTION('',(0.5,-0.866025403784,0.));
#1787 = ADVANCED_FACE('',(#1788),#1815,.T.);
#1788 = FACE_BOUND('',#1789,.T.);
#1789 = EDGE_LOOP('',(#1790,#1791,#1799,#1808,#1814));
#1790 = ORIENTED_EDGE('',*,*,#611,.T.);
#1791 = ORIENTED_EDGE('',*,*,#1792,.T.);
#1792 = EDGE_CURVE('',#604,#1793,#1795,.T.);
#1793 = VERTEX_POINT('',#1794);
#1794 = CARTESIAN_POINT('',(3.976214825855,13.423476288155,3.4));
#1795 = LINE('',#1796,#1797);
#1796 = CARTESIAN_POINT('',(3.976214825855,13.423476288155,-7.E-17));
#1797 = VECTOR('',#1798,1.);
#1798 = DIRECTION('',(7.253743710123E-18,-6.883545756938E-18,1.));
#1799 = ORIENTED_EDGE('',*,*,#1800,.F.);
#1800 = EDGE_CURVE('',#1801,#1793,#1803,.T.);
#1801 = VERTEX_POINT('',#1802);
#1802 = CARTESIAN_POINT('',(4.673296029273,13.196980875291,3.4));
#1803 = CIRCLE('',#1804,14.);
#1804 = AXIS2_PLACEMENT_3D('',#1805,#1806,#1807);
#1805 = CARTESIAN_POINT('',(9.503074360872E-16,-5.140192378865E-16,3.4)
  );
#1806 = DIRECTION('',(2.424871130596E-16,-1.4E-16,1.));
#1807 = DIRECTION('',(0.333806859234,0.942641491092,5.10259471378E-17));
#1808 = ORIENTED_EDGE('',*,*,#1809,.F.);
#1809 = EDGE_CURVE('',#1750,#1801,#1810,.T.);
#1810 = LINE('',#1811,#1812);
#1811 = CARTESIAN_POINT('',(4.673296029273,13.196980875291,-8.E-17));
#1812 = VECTOR('',#1813,1.);
#1813 = DIRECTION('',(0.,0.,1.));
#1814 = ORIENTED_EDGE('',*,*,#1758,.T.);
#1815 = CYLINDRICAL_SURFACE('',#1816,14.);
#1816 = AXIS2_PLACEMENT_3D('',#1817,#1818,#1819);
#1817 = CARTESIAN_POINT('',(1.362435565298E-16,-4.401923788647E-17,
    -5.E-17));
#1818 = DIRECTION('',(2.424871130596E-16,-1.4E-16,1.));
#1819 = DIRECTION('',(0.333806859234,0.942641491092,5.10259471378E-17));
#1820 = ADVANCED_FACE('',(#1821),#1828,.T.);
#1821 = FACE_BOUND('',#1822,.F.);
#1822 = EDGE_LOOP('',(#1823,#1824,#1825,#1826,#1827));
#1823 = ORIENTED_EDGE('',*,*,#411,.T.);
#1824 = ORIENTED_EDGE('',*,*,#699,.T.);
#1825 = ORIENTED_EDGE('',*,*,#722,.F.);
#1826 = ORIENTED_EDGE('',*,*,#747,.F.);
#1827 = ORIENTED_EDGE('',*,*,#1775,.T.);
#1828 = CYLINDRICAL_SURFACE('',#1829,14.);
#1829 = AXIS2_PLACEMENT_3D('',#1830,#1831,#1832);
#1830 = CARTESIAN_POINT('',(1.362435565298E-16,4.401923788647E-17,
    -5.E-17));
#1831 = DIRECTION('',(-1.472243186434E-16,-8.5E-17,1.));
#1832 = DIRECTION('',(0.333806859234,-0.942641491092,-3.098003933366E-17
    ));
#1833 = ADVANCED_FACE('',(#1834),#1852,.F.);
#1834 = FACE_BOUND('',#1835,.F.);
#1835 = EDGE_LOOP('',(#1836,#1837,#1838,#1846));
#1836 = ORIENTED_EDGE('',*,*,#603,.T.);
#1837 = ORIENTED_EDGE('',*,*,#1792,.T.);
#1838 = ORIENTED_EDGE('',*,*,#1839,.T.);
#1839 = EDGE_CURVE('',#1793,#1840,#1842,.T.);
#1840 = VERTEX_POINT('',#1841);
#1841 = CARTESIAN_POINT('',(2.556138102335,8.629377613814,3.4));
#1842 = LINE('',#1843,#1844);
#1843 = CARTESIAN_POINT('',(3.976214825855,13.423476288155,3.4));
#1844 = VECTOR('',#1845,1.);
#1845 = DIRECTION('',(-0.284015344704,-0.958819734868,0.));
#1846 = ORIENTED_EDGE('',*,*,#1847,.T.);
#1847 = EDGE_CURVE('',#1840,#595,#1848,.T.);
#1848 = LINE('',#1849,#1850);
#1849 = CARTESIAN_POINT('',(2.556138102335,8.629377613814,3.4));
#1850 = VECTOR('',#1851,1.);
#1851 = DIRECTION('',(-7.253743710123E-18,6.883545756938E-18,-1.));
#1852 = PLANE('',#1853);
#1853 = AXIS2_PLACEMENT_3D('',#1854,#1855,#1856);
#1854 = CARTESIAN_POINT('',(3.266176464095,11.026426950984,1.7));
#1855 = DIRECTION('',(0.958819734868,-0.284015344704,-1.8E-16));
#1856 = DIRECTION('',(-0.284015344704,-0.958819734868,-1.E-16));
#1857 = ADVANCED_FACE('',(#1858),#1988,.T.);
#1858 = FACE_BOUND('',#1859,.F.);
#1859 = EDGE_LOOP('',(#1860,#1870,#1879,#1887,#1896,#1905,#1913,#1922,
    #1930,#1939,#1947,#1956,#1962,#1963,#1964,#1973,#1981));
#1860 = ORIENTED_EDGE('',*,*,#1861,.F.);
#1861 = EDGE_CURVE('',#1862,#1864,#1866,.T.);
#1862 = VERTEX_POINT('',#1863);
#1863 = CARTESIAN_POINT('',(3.010914557381,8.481414594757,5.));
#1864 = VERTEX_POINT('',#1865);
#1865 = CARTESIAN_POINT('',(3.010914557381,8.481414594757,1.32));
#1866 = LINE('',#1867,#1868);
#1867 = CARTESIAN_POINT('',(3.010914557381,8.481414594757,0.));
#1868 = VECTOR('',#1869,1.);
#1869 = DIRECTION('',(-0.,-0.,-1.));
#1870 = ORIENTED_EDGE('',*,*,#1871,.T.);
#1871 = EDGE_CURVE('',#1862,#1872,#1874,.T.);
#1872 = VERTEX_POINT('',#1873);
#1873 = CARTESIAN_POINT('',(1.633178802062,8.850577777778,5.));
#1874 = CIRCLE('',#1875,9.);
#1875 = AXIS2_PLACEMENT_3D('',#1876,#1877,#1878);
#1876 = CARTESIAN_POINT('',(0.,0.,5.));
#1877 = DIRECTION('',(0.,0.,1.));
#1878 = DIRECTION('',(1.,0.,0.));
#1879 = ORIENTED_EDGE('',*,*,#1880,.T.);
#1880 = EDGE_CURVE('',#1872,#1881,#1883,.T.);
#1881 = VERTEX_POINT('',#1882);
#1882 = CARTESIAN_POINT('',(1.633178802062,8.850577777778,1.32));
#1883 = LINE('',#1884,#1885);
#1884 = CARTESIAN_POINT('',(1.633178802062,8.850577777778,0.));
#1885 = VECTOR('',#1886,1.);
#1886 = DIRECTION('',(-0.,-0.,-1.));
#1887 = ORIENTED_EDGE('',*,*,#1888,.F.);
#1888 = EDGE_CURVE('',#1889,#1881,#1891,.T.);
#1889 = VERTEX_POINT('',#1890);
#1890 = CARTESIAN_POINT('',(1.E-15,9.,1.32));
#1891 = CIRCLE('',#1892,9.);
#1892 = AXIS2_PLACEMENT_3D('',#1893,#1894,#1895);
#1893 = CARTESIAN_POINT('',(0.,0.,1.32));
#1894 = DIRECTION('',(0.,0.,-1.));
#1895 = DIRECTION('',(1.,0.,0.));
#1896 = ORIENTED_EDGE('',*,*,#1897,.F.);
#1897 = EDGE_CURVE('',#1898,#1889,#1900,.T.);
#1898 = VERTEX_POINT('',#1899);
#1899 = CARTESIAN_POINT('',(-1.633178802062,8.850577777778,1.32));
#1900 = CIRCLE('',#1901,9.);
#1901 = AXIS2_PLACEMENT_3D('',#1902,#1903,#1904);
#1902 = CARTESIAN_POINT('',(0.,0.,1.32));
#1903 = DIRECTION('',(0.,0.,-1.));
#1904 = DIRECTION('',(1.,0.,0.));
#1905 = ORIENTED_EDGE('',*,*,#1906,.F.);
#1906 = EDGE_CURVE('',#1907,#1898,#1909,.T.);
#1907 = VERTEX_POINT('',#1908);
#1908 = CARTESIAN_POINT('',(-1.633178802062,8.850577777778,5.));
#1909 = LINE('',#1910,#1911);
#1910 = CARTESIAN_POINT('',(-1.633178802062,8.850577777778,0.));
#1911 = VECTOR('',#1912,1.);
#1912 = DIRECTION('',(-0.,-0.,-1.));
#1913 = ORIENTED_EDGE('',*,*,#1914,.T.);
#1914 = EDGE_CURVE('',#1907,#1915,#1917,.T.);
#1915 = VERTEX_POINT('',#1916);
#1916 = CARTESIAN_POINT('',(-3.010914557381,8.481414594757,5.));
#1917 = CIRCLE('',#1918,9.);
#1918 = AXIS2_PLACEMENT_3D('',#1919,#1920,#1921);
#1919 = CARTESIAN_POINT('',(0.,0.,5.));
#1920 = DIRECTION('',(0.,0.,1.));
#1921 = DIRECTION('',(1.,0.,0.));
#1922 = ORIENTED_EDGE('',*,*,#1923,.T.);
#1923 = EDGE_CURVE('',#1915,#1924,#1926,.T.);
#1924 = VERTEX_POINT('',#1925);
#1925 = CARTESIAN_POINT('',(-3.010914557381,8.481414594757,1.32));
#1926 = LINE('',#1927,#1928);
#1927 = CARTESIAN_POINT('',(-3.010914557381,8.481414594757,0.));
#1928 = VECTOR('',#1929,1.);
#1929 = DIRECTION('',(-0.,-0.,-1.));
#1930 = ORIENTED_EDGE('',*,*,#1931,.T.);
#1931 = EDGE_CURVE('',#1924,#1932,#1934,.T.);
#1932 = VERTEX_POINT('',#1933);
#1933 = CARTESIAN_POINT('',(-3.004261733104,8.48377341983,1.32));
#1934 = CIRCLE('',#1935,9.);
#1935 = AXIS2_PLACEMENT_3D('',#1936,#1937,#1938);
#1936 = CARTESIAN_POINT('',(-4.088526329025E-16,1.288153532995E-15,1.32)
  );
#1937 = DIRECTION('',(3.094744111674E-16,-9.760254037844E-16,-1.));
#1938 = DIRECTION('',(-0.5,0.866025403784,-1.E-15));
#1939 = ORIENTED_EDGE('',*,*,#1940,.F.);
#1940 = EDGE_CURVE('',#1941,#1932,#1943,.T.);
#1941 = VERTEX_POINT('',#1942);
#1942 = CARTESIAN_POINT('',(-3.004261733104,8.48377341983,3.4));
#1943 = LINE('',#1944,#1945);
#1944 = CARTESIAN_POINT('',(-3.004261733104,8.48377341983,3.4));
#1945 = VECTOR('',#1946,1.);
#1946 = DIRECTION('',(5.E-16,-8.660254037844E-16,-1.));
#1947 = ORIENTED_EDGE('',*,*,#1948,.T.);
#1948 = EDGE_CURVE('',#1941,#1949,#1951,.T.);
#1949 = VERTEX_POINT('',#1950);
#1950 = CARTESIAN_POINT('',(-2.556138102335,8.629377613814,3.4));
#1951 = CIRCLE('',#1952,9.);
#1952 = AXIS2_PLACEMENT_3D('',#1953,#1954,#1955);
#1953 = CARTESIAN_POINT('',(-1.342609076373E-15,3.185467134981E-15,3.4)
  );
#1954 = DIRECTION('',(3.527756813566E-16,-9.510254037844E-16,-1.));
#1955 = DIRECTION('',(-0.333806859234,0.942641491092,-1.014234946898E-15
    ));
#1956 = ORIENTED_EDGE('',*,*,#1957,.T.);
#1957 = EDGE_CURVE('',#1949,#587,#1958,.T.);
#1958 = LINE('',#1959,#1960);
#1959 = CARTESIAN_POINT('',(-2.556138102335,8.629377613814,3.4));
#1960 = VECTOR('',#1961,1.);
#1961 = DIRECTION('',(5.E-16,-8.660254037844E-16,-1.));
#1962 = ORIENTED_EDGE('',*,*,#594,.F.);
#1963 = ORIENTED_EDGE('',*,*,#1847,.F.);
#1964 = ORIENTED_EDGE('',*,*,#1965,.F.);
#1965 = EDGE_CURVE('',#1966,#1840,#1968,.T.);
#1966 = VERTEX_POINT('',#1967);
#1967 = CARTESIAN_POINT('',(3.004261733104,8.48377341983,3.4));
#1968 = CIRCLE('',#1969,9.);
#1969 = AXIS2_PLACEMENT_3D('',#1970,#1971,#1972);
#1970 = CARTESIAN_POINT('',(9.503074360872E-16,-5.140192378865E-16,3.4)
  );
#1971 = DIRECTION('',(2.424871130596E-16,-1.4E-16,1.));
#1972 = DIRECTION('',(0.333806859234,0.942641491092,5.10259471378E-17));
#1973 = ORIENTED_EDGE('',*,*,#1974,.T.);
#1974 = EDGE_CURVE('',#1966,#1975,#1977,.T.);
#1975 = VERTEX_POINT('',#1976);
#1976 = CARTESIAN_POINT('',(3.004261733104,8.48377341983,1.32));
#1977 = LINE('',#1978,#1979);
#1978 = CARTESIAN_POINT('',(3.004261733104,8.48377341983,3.4));
#1979 = VECTOR('',#1980,1.);
#1980 = DIRECTION('',(-0.,0.,-1.));
#1981 = ORIENTED_EDGE('',*,*,#1982,.F.);
#1982 = EDGE_CURVE('',#1864,#1975,#1983,.T.);
#1983 = CIRCLE('',#1984,9.);
#1984 = AXIS2_PLACEMENT_3D('',#1985,#1986,#1987);
#1985 = CARTESIAN_POINT('',(2.598076211353E-16,-1.5E-16,1.32));
#1986 = DIRECTION('',(1.905255888326E-16,-1.1E-16,1.));
#1987 = DIRECTION('',(0.5,0.866025403784,0.));
#1988 = CYLINDRICAL_SURFACE('',#1989,9.);
#1989 = AXIS2_PLACEMENT_3D('',#1990,#1991,#1992);
#1990 = CARTESIAN_POINT('',(0.,0.,0.));
#1991 = DIRECTION('',(-0.,-0.,-1.));
#1992 = DIRECTION('',(1.,0.,0.));
#1993 = ADVANCED_FACE('',(#1994),#2012,.F.);
#1994 = FACE_BOUND('',#1995,.T.);
#1995 = EDGE_LOOP('',(#1996,#1997,#2005,#2011));
#1996 = ORIENTED_EDGE('',*,*,#586,.T.);
#1997 = ORIENTED_EDGE('',*,*,#1998,.T.);
#1998 = EDGE_CURVE('',#578,#1999,#2001,.T.);
#1999 = VERTEX_POINT('',#2000);
#2000 = CARTESIAN_POINT('',(-3.976214825855,13.423476288155,3.4));
#2001 = LINE('',#2002,#2003);
#2002 = CARTESIAN_POINT('',(-3.976214825855,13.423476288155,
    -1.370317888557E-14));
#2003 = VECTOR('',#2004,1.);
#2004 = DIRECTION('',(-5.E-16,8.660254037844E-16,1.));
#2005 = ORIENTED_EDGE('',*,*,#2006,.T.);
#2006 = EDGE_CURVE('',#1999,#1949,#2007,.T.);
#2007 = LINE('',#2008,#2009);
#2008 = CARTESIAN_POINT('',(-3.976214825855,13.423476288155,3.4));
#2009 = VECTOR('',#2010,1.);
#2010 = DIRECTION('',(0.284015344704,-0.958819734868,9.723699203977E-16)
  );
#2011 = ORIENTED_EDGE('',*,*,#1957,.T.);
#2012 = PLANE('',#2013);
#2013 = AXIS2_PLACEMENT_3D('',#2014,#2015,#2016);
#2014 = CARTESIAN_POINT('',(-3.266176464095,11.026426950984,1.7));
#2015 = DIRECTION('',(-0.958819734868,-0.284015344704,1.655463614409E-17
    ));
#2016 = DIRECTION('',(-0.284015344704,0.958819734868,-9.723699203977E-16
    ));
#2017 = ADVANCED_FACE('',(#2018),#2045,.T.);
#2018 = FACE_BOUND('',#2019,.F.);
#2019 = EDGE_LOOP('',(#2020,#2021,#2022,#2031,#2039));
#2020 = ORIENTED_EDGE('',*,*,#577,.T.);
#2021 = ORIENTED_EDGE('',*,*,#1998,.T.);
#2022 = ORIENTED_EDGE('',*,*,#2023,.F.);
#2023 = EDGE_CURVE('',#2024,#1999,#2026,.T.);
#2024 = VERTEX_POINT('',#2025);
#2025 = CARTESIAN_POINT('',(-4.673296029273,13.196980875291,3.4));
#2026 = CIRCLE('',#2027,14.);
#2027 = AXIS2_PLACEMENT_3D('',#2028,#2029,#2030);
#2028 = CARTESIAN_POINT('',(-1.342609076373E-15,3.185467134981E-15,3.4)
  );
#2029 = DIRECTION('',(3.527756813566E-16,-9.510254037844E-16,-1.));
#2030 = DIRECTION('',(-0.333806859234,0.942641491092,-1.014234946898E-15
    ));
#2031 = ORIENTED_EDGE('',*,*,#2032,.F.);
#2032 = EDGE_CURVE('',#2033,#2024,#2035,.T.);
#2033 = VERTEX_POINT('',#2034);
#2034 = CARTESIAN_POINT('',(-4.673296029273,13.196980875291,1.32));
#2035 = LINE('',#2036,#2037);
#2036 = CARTESIAN_POINT('',(-4.673296029273,13.196980875291,
    -1.38555687059E-14));
#2037 = VECTOR('',#2038,1.);
#2038 = DIRECTION('',(-5.E-16,8.660254037844E-16,1.));
#2039 = ORIENTED_EDGE('',*,*,#2040,.T.);
#2040 = EDGE_CURVE('',#2033,#569,#2041,.T.);
#2041 = LINE('',#2042,#2043);
#2042 = CARTESIAN_POINT('',(-4.673296029273,13.196980875291,1.32));
#2043 = VECTOR('',#2044,1.);
#2044 = DIRECTION('',(5.E-16,-8.660254037844E-16,-1.));
#2045 = CYLINDRICAL_SURFACE('',#2046,14.);
#2046 = AXIS2_PLACEMENT_3D('',#2047,#2048,#2049);
#2047 = CARTESIAN_POINT('',(-1.362435565298E-16,-4.401923788647E-17,
    -5.E-17));
#2048 = DIRECTION('',(-3.527756813566E-16,9.510254037844E-16,1.));
#2049 = DIRECTION('',(-0.333806859234,0.942641491092,-1.014234946898E-15
    ));
#2050 = ADVANCED_FACE('',(#2051),#2070,.T.);
#2051 = FACE_BOUND('',#2052,.T.);
#2052 = EDGE_LOOP('',(#2053,#2062,#2063,#2064));
#2053 = ORIENTED_EDGE('',*,*,#2054,.T.);
#2054 = EDGE_CURVE('',#2055,#2033,#2057,.T.);
#2055 = VERTEX_POINT('',#2056);
#2056 = CARTESIAN_POINT('',(-7.,12.124355652982,1.32));
#2057 = CIRCLE('',#2058,14.);
#2058 = AXIS2_PLACEMENT_3D('',#2059,#2060,#2061);
#2059 = CARTESIAN_POINT('',(-4.088526329025E-16,1.288153532995E-15,1.32)
  );
#2060 = DIRECTION('',(3.094744111674E-16,-9.760254037844E-16,-1.));
#2061 = DIRECTION('',(-0.5,0.866025403784,-1.E-15));
#2062 = ORIENTED_EDGE('',*,*,#2040,.T.);
#2063 = ORIENTED_EDGE('',*,*,#568,.F.);
#2064 = ORIENTED_EDGE('',*,*,#2065,.F.);
#2065 = EDGE_CURVE('',#2055,#560,#2066,.T.);
#2066 = LINE('',#2067,#2068);
#2067 = CARTESIAN_POINT('',(-7.,12.124355652982,1.32));
#2068 = VECTOR('',#2069,1.);
#2069 = DIRECTION('',(5.E-16,-8.660254037844E-16,-1.));
#2070 = CYLINDRICAL_SURFACE('',#2071,14.);
#2071 = AXIS2_PLACEMENT_3D('',#2072,#2073,#2074);
#2072 = CARTESIAN_POINT('',(-4.088526329025E-16,1.288153532995E-15,1.32)
  );
#2073 = DIRECTION('',(3.094744111674E-16,-9.760254037844E-16,-1.));
#2074 = DIRECTION('',(-0.5,0.866025403784,-1.E-15));
#2075 = ADVANCED_FACE('',(#2076),#2095,.T.);
#2076 = FACE_BOUND('',#2077,.F.);
#2077 = EDGE_LOOP('',(#2078,#2087,#2093,#2094));
#2078 = ORIENTED_EDGE('',*,*,#2079,.T.);
#2079 = EDGE_CURVE('',#2055,#2080,#2082,.T.);
#2080 = VERTEX_POINT('',#2081);
#2081 = CARTESIAN_POINT('',(-9.092272676623,10.6456835184,1.32));
#2082 = CIRCLE('',#2083,14.);
#2083 = AXIS2_PLACEMENT_3D('',#2084,#2085,#2086);
#2084 = CARTESIAN_POINT('',(-4.001923788647E-16,1.293153532995E-15,1.32)
  );
#2085 = DIRECTION('',(-3.094744111674E-16,9.760254037844E-16,1.));
#2086 = DIRECTION('',(-0.5,0.866025403784,-1.E-15));
#2087 = ORIENTED_EDGE('',*,*,#2088,.T.);
#2088 = EDGE_CURVE('',#2080,#551,#2089,.T.);
#2089 = LINE('',#2090,#2091);
#2090 = CARTESIAN_POINT('',(-9.092272676623,10.6456835184,1.32));
#2091 = VECTOR('',#2092,1.);
#2092 = DIRECTION('',(1.119422926581E-16,-1.088311741135E-15,-1.));
#2093 = ORIENTED_EDGE('',*,*,#559,.F.);
#2094 = ORIENTED_EDGE('',*,*,#2065,.F.);
#2095 = CYLINDRICAL_SURFACE('',#2096,14.);
#2096 = AXIS2_PLACEMENT_3D('',#2097,#2098,#2099);
#2097 = CARTESIAN_POINT('',(-4.001923788647E-16,1.293153532995E-15,1.32)
  );
#2098 = DIRECTION('',(3.094744111674E-16,-9.760254037844E-16,-1.));
#2099 = DIRECTION('',(-0.5,0.866025403784,-1.E-15));
#2100 = ADVANCED_FACE('',(#2101),#2112,.T.);
#2101 = FACE_BOUND('',#2102,.T.);
#2102 = EDGE_LOOP('',(#2103,#2104,#2110,#2111));
#2103 = ORIENTED_EDGE('',*,*,#1093,.T.);
#2104 = ORIENTED_EDGE('',*,*,#2105,.T.);
#2105 = EDGE_CURVE('',#1086,#447,#2106,.T.);
#2106 = LINE('',#2107,#2108);
#2107 = CARTESIAN_POINT('',(-9.092272676623,-10.6456835184,1.32));
#2108 = VECTOR('',#2109,1.);
#2109 = DIRECTION('',(8.660254037844E-16,-5.E-16,-1.));
#2110 = ORIENTED_EDGE('',*,*,#446,.F.);
#2111 = ORIENTED_EDGE('',*,*,#1117,.F.);
#2112 = CYLINDRICAL_SURFACE('',#2113,14.);
#2113 = AXIS2_PLACEMENT_3D('',#2114,#2115,#2116);
#2114 = CARTESIAN_POINT('',(-1.394300900093E-15,8.05E-16,1.32));
#2115 = DIRECTION('',(1.056550992617E-15,-6.1E-16,-1.));
#2116 = DIRECTION('',(-0.5,-0.866025403784,4.930380657631E-32));
#2117 = ADVANCED_FACE('',(#2118),#2145,.T.);
#2118 = FACE_BOUND('',#2119,.T.);
#2119 = EDGE_LOOP('',(#2120,#2121,#2129,#2138,#2144));
#2120 = ORIENTED_EDGE('',*,*,#550,.T.);
#2121 = ORIENTED_EDGE('',*,*,#2122,.T.);
#2122 = EDGE_CURVE('',#543,#2123,#2125,.T.);
#2123 = VERTEX_POINT('',#2124);
#2124 = CARTESIAN_POINT('',(-9.636964059713,10.155241194172,3.4));
#2125 = LINE('',#2126,#2127);
#2126 = CARTESIAN_POINT('',(-9.636964059713,10.155241194172,
    -1.368317888557E-14));
#2127 = VECTOR('',#2128,1.);
#2128 = DIRECTION('',(-4.904118026513E-16,8.688655572315E-16,1.));
#2129 = ORIENTED_EDGE('',*,*,#2130,.F.);
#2130 = EDGE_CURVE('',#2131,#2123,#2133,.T.);
#2131 = VERTEX_POINT('',#2132);
#2132 = CARTESIAN_POINT('',(-9.092272676623,10.6456835184,3.4));
#2133 = CIRCLE('',#2134,14.);
#2134 = AXIS2_PLACEMENT_3D('',#2135,#2136,#2137);
#2135 = CARTESIAN_POINT('',(-7.796925639128E-16,3.510467134981E-15,3.4)
  );
#2136 = DIRECTION('',(-2.575128869404E-16,1.006025403784E-15,1.));
#2137 = DIRECTION('',(-0.64944804833,0.7604059656,-9.322289604262E-16));
#2138 = ORIENTED_EDGE('',*,*,#2139,.F.);
#2139 = EDGE_CURVE('',#2080,#2131,#2140,.T.);
#2140 = LINE('',#2141,#2142);
#2141 = CARTESIAN_POINT('',(-9.092272676623,10.6456835184,
    -1.38455687059E-14));
#2142 = VECTOR('',#2143,1.);
#2143 = DIRECTION('',(-5.E-16,8.660254037844E-16,1.));
#2144 = ORIENTED_EDGE('',*,*,#2088,.T.);
#2145 = CYLINDRICAL_SURFACE('',#2146,14.);
#2146 = AXIS2_PLACEMENT_3D('',#2147,#2148,#2149);
#2147 = CARTESIAN_POINT('',(1.062435565298E-16,9.598076211353E-17,
    -5.E-17));
#2148 = DIRECTION('',(-2.575128869404E-16,1.006025403784E-15,1.));
#2149 = DIRECTION('',(-0.64944804833,0.7604059656,-9.322289604262E-16));
#2150 = ADVANCED_FACE('',(#2151),#2178,.T.);
#2151 = FACE_BOUND('',#2152,.F.);
#2152 = EDGE_LOOP('',(#2153,#2154,#2162,#2171,#2177));
#2153 = ORIENTED_EDGE('',*,*,#455,.T.);
#2154 = ORIENTED_EDGE('',*,*,#2155,.T.);
#2155 = EDGE_CURVE('',#456,#2156,#2158,.T.);
#2156 = VERTEX_POINT('',#2157);
#2157 = CARTESIAN_POINT('',(-9.636964059713,-10.15524119417,3.4));
#2158 = LINE('',#2159,#2160);
#2159 = CARTESIAN_POINT('',(-9.636964059713,-10.15524119417,
    -3.358235093983E-15));
#2160 = VECTOR('',#2161,1.);
#2161 = DIRECTION('',(-8.660254037844E-16,5.E-16,1.));
#2162 = ORIENTED_EDGE('',*,*,#2163,.F.);
#2163 = EDGE_CURVE('',#2164,#2156,#2166,.T.);
#2164 = VERTEX_POINT('',#2165);
#2165 = CARTESIAN_POINT('',(-9.092272676623,-10.6456835184,3.4));
#2166 = CIRCLE('',#2167,14.);
#2167 = AXIS2_PLACEMENT_3D('',#2168,#2169,#2170);
#2168 = CARTESIAN_POINT('',(-3.331877296494E-15,1.889019237886E-15,3.4)
  );
#2169 = DIRECTION('',(1.013249722428E-15,-5.85E-16,-1.));
#2170 = DIRECTION('',(-0.64944804833,-0.7604059656,-2.132155648258E-16)
  );
#2171 = ORIENTED_EDGE('',*,*,#2172,.F.);
#2172 = EDGE_CURVE('',#1086,#2164,#2173,.T.);
#2173 = LINE('',#2174,#2175);
#2174 = CARTESIAN_POINT('',(-9.092272676623,-10.6456835184,
    -2.64129735689E-15));
#2175 = VECTOR('',#2176,1.);
#2176 = DIRECTION('',(-8.660254037844E-16,5.E-16,1.));
#2177 = ORIENTED_EDGE('',*,*,#2105,.T.);
#2178 = CYLINDRICAL_SURFACE('',#2179,14.);
#2179 = AXIS2_PLACEMENT_3D('',#2180,#2181,#2182);
#2180 = CARTESIAN_POINT('',(1.062435565298E-16,-9.598076211353E-17,
    -5.E-17));
#2181 = DIRECTION('',(-1.013249722428E-15,5.85E-16,1.));
#2182 = DIRECTION('',(-0.64944804833,-0.7604059656,-2.132155648258E-16)
  );
#2183 = ADVANCED_FACE('',(#2184),#2202,.F.);
#2184 = FACE_BOUND('',#2185,.F.);
#2185 = EDGE_LOOP('',(#2186,#2187,#2188,#2196));
#2186 = ORIENTED_EDGE('',*,*,#542,.T.);
#2187 = ORIENTED_EDGE('',*,*,#2122,.T.);
#2188 = ORIENTED_EDGE('',*,*,#2189,.T.);
#2189 = EDGE_CURVE('',#2123,#2190,#2192,.T.);
#2190 = VERTEX_POINT('',#2191);
#2191 = CARTESIAN_POINT('',(-6.195191181244,6.528369339111,3.4));
#2192 = LINE('',#2193,#2194);
#2193 = CARTESIAN_POINT('',(-9.636964059713,10.155241194172,3.4));
#2194 = VECTOR('',#2195,1.);
#2195 = DIRECTION('',(0.688354575694,-0.725374371012,9.723699203977E-16)
  );
#2196 = ORIENTED_EDGE('',*,*,#2197,.T.);
#2197 = EDGE_CURVE('',#2190,#534,#2198,.T.);
#2198 = LINE('',#2199,#2200);
#2199 = CARTESIAN_POINT('',(-6.195191181244,6.528369339111,3.4));
#2200 = VECTOR('',#2201,1.);
#2201 = DIRECTION('',(4.904118026513E-16,-8.688655572315E-16,-1.));
#2202 = PLANE('',#2203);
#2203 = AXIS2_PLACEMENT_3D('',#2204,#2205,#2206);
#2204 = CARTESIAN_POINT('',(-7.916077620478,8.341805266641,1.7));
#2205 = DIRECTION('',(0.725374371012,0.688354575694,-4.134453638559E-16)
  );
#2206 = DIRECTION('',(0.688354575694,-0.725374371012,8.723699203977E-16)
  );
#2207 = ADVANCED_FACE('',(#2208),#2226,.F.);
#2208 = FACE_BOUND('',#2209,.T.);
#2209 = EDGE_LOOP('',(#2210,#2211,#2212,#2220));
#2210 = ORIENTED_EDGE('',*,*,#464,.T.);
#2211 = ORIENTED_EDGE('',*,*,#2155,.T.);
#2212 = ORIENTED_EDGE('',*,*,#2213,.T.);
#2213 = EDGE_CURVE('',#2156,#2214,#2216,.T.);
#2214 = VERTEX_POINT('',#2215);
#2215 = CARTESIAN_POINT('',(-6.195191181244,-6.528369339111,3.4));
#2216 = LINE('',#2217,#2218);
#2217 = CARTESIAN_POINT('',(-9.636964059713,-10.15524119417,3.4));
#2218 = VECTOR('',#2219,1.);
#2219 = DIRECTION('',(0.688354575694,0.725374371012,2.334453638559E-16)
  );
#2220 = ORIENTED_EDGE('',*,*,#2221,.T.);
#2221 = EDGE_CURVE('',#2214,#465,#2222,.T.);
#2222 = LINE('',#2223,#2224);
#2223 = CARTESIAN_POINT('',(-6.195191181244,-6.528369339111,3.4));
#2224 = VECTOR('',#2225,1.);
#2225 = DIRECTION('',(8.660254037844E-16,-5.E-16,-1.));
#2226 = PLANE('',#2227);
#2227 = AXIS2_PLACEMENT_3D('',#2228,#2229,#2230);
#2228 = CARTESIAN_POINT('',(-7.916077620478,-8.341805266641,1.7));
#2229 = DIRECTION('',(0.725374371012,-0.688354575694,1.222369920398E-15)
  );
#2230 = DIRECTION('',(-0.688354575694,-0.725374371012,
    -2.334453638559E-16));
#2231 = ADVANCED_FACE('',(#2232),#2362,.T.);
#2232 = FACE_BOUND('',#2233,.F.);
#2233 = EDGE_LOOP('',(#2234,#2244,#2253,#2261,#2270,#2279,#2287,#2296,
    #2304,#2313,#2321,#2330,#2336,#2337,#2338,#2347,#2355));
#2234 = ORIENTED_EDGE('',*,*,#2235,.F.);
#2235 = EDGE_CURVE('',#2236,#2238,#2240,.T.);
#2236 = VERTEX_POINT('',#2237);
#2237 = CARTESIAN_POINT('',(-5.839663220397,6.848235792694,5.));
#2238 = VERTEX_POINT('',#2239);
#2239 = CARTESIAN_POINT('',(-5.839663220397,6.848235792694,1.32));
#2240 = LINE('',#2241,#2242);
#2241 = CARTESIAN_POINT('',(-5.839663220397,6.848235792694,0.));
#2242 = VECTOR('',#2243,1.);
#2243 = DIRECTION('',(-0.,-0.,-1.));
#2244 = ORIENTED_EDGE('',*,*,#2245,.T.);
#2245 = EDGE_CURVE('',#2236,#2246,#2248,.T.);
#2246 = VERTEX_POINT('',#2247);
#2247 = CARTESIAN_POINT('',(-6.848235792694,5.839663220397,5.));
#2248 = CIRCLE('',#2249,9.);
#2249 = AXIS2_PLACEMENT_3D('',#2250,#2251,#2252);
#2250 = CARTESIAN_POINT('',(0.,0.,5.));
#2251 = DIRECTION('',(0.,0.,1.));
#2252 = DIRECTION('',(1.,0.,0.));
#2253 = ORIENTED_EDGE('',*,*,#2254,.T.);
#2254 = EDGE_CURVE('',#2246,#2255,#2257,.T.);
#2255 = VERTEX_POINT('',#2256);
#2256 = CARTESIAN_POINT('',(-6.848235792694,5.839663220397,1.32));
#2257 = LINE('',#2258,#2259);
#2258 = CARTESIAN_POINT('',(-6.848235792694,5.839663220397,0.));
#2259 = VECTOR('',#2260,1.);
#2260 = DIRECTION('',(-0.,-0.,-1.));
#2261 = ORIENTED_EDGE('',*,*,#2262,.F.);
#2262 = EDGE_CURVE('',#2263,#2255,#2265,.T.);
#2263 = VERTEX_POINT('',#2264);
#2264 = CARTESIAN_POINT('',(-7.79422863406,4.5,1.32));
#2265 = CIRCLE('',#2266,9.);
#2266 = AXIS2_PLACEMENT_3D('',#2267,#2268,#2269);
#2267 = CARTESIAN_POINT('',(0.,0.,1.32));
#2268 = DIRECTION('',(0.,0.,-1.));
#2269 = DIRECTION('',(1.,0.,0.));
#2270 = ORIENTED_EDGE('',*,*,#2271,.F.);
#2271 = EDGE_CURVE('',#2272,#2263,#2274,.T.);
#2272 = VERTEX_POINT('',#2273);
#2273 = CARTESIAN_POINT('',(-8.481414594757,3.010914557381,1.32));
#2274 = CIRCLE('',#2275,9.);
#2275 = AXIS2_PLACEMENT_3D('',#2276,#2277,#2278);
#2276 = CARTESIAN_POINT('',(0.,0.,1.32));
#2277 = DIRECTION('',(0.,0.,-1.));
#2278 = DIRECTION('',(1.,0.,0.));
#2279 = ORIENTED_EDGE('',*,*,#2280,.F.);
#2280 = EDGE_CURVE('',#2281,#2272,#2283,.T.);
#2281 = VERTEX_POINT('',#2282);
#2282 = CARTESIAN_POINT('',(-8.481414594757,3.010914557381,5.));
#2283 = LINE('',#2284,#2285);
#2284 = CARTESIAN_POINT('',(-8.481414594757,3.010914557381,0.));
#2285 = VECTOR('',#2286,1.);
#2286 = DIRECTION('',(-0.,-0.,-1.));
#2287 = ORIENTED_EDGE('',*,*,#2288,.T.);
#2288 = EDGE_CURVE('',#2281,#2289,#2291,.T.);
#2289 = VERTEX_POINT('',#2290);
#2290 = CARTESIAN_POINT('',(-8.850577777778,1.633178802062,5.));
#2291 = CIRCLE('',#2292,9.);
#2292 = AXIS2_PLACEMENT_3D('',#2293,#2294,#2295);
#2293 = CARTESIAN_POINT('',(0.,0.,5.));
#2294 = DIRECTION('',(0.,0.,1.));
#2295 = DIRECTION('',(1.,0.,0.));
#2296 = ORIENTED_EDGE('',*,*,#2297,.T.);
#2297 = EDGE_CURVE('',#2289,#2298,#2300,.T.);
#2298 = VERTEX_POINT('',#2299);
#2299 = CARTESIAN_POINT('',(-8.850577777778,1.633178802062,1.32));
#2300 = LINE('',#2301,#2302);
#2301 = CARTESIAN_POINT('',(-8.850577777778,1.633178802062,0.));
#2302 = VECTOR('',#2303,1.);
#2303 = DIRECTION('',(-0.,-0.,-1.));
#2304 = ORIENTED_EDGE('',*,*,#2305,.T.);
#2305 = EDGE_CURVE('',#2298,#2306,#2308,.T.);
#2306 = VERTEX_POINT('',#2307);
#2307 = CARTESIAN_POINT('',(-8.849294168076,1.640119729429,1.32));
#2308 = CIRCLE('',#2309,9.);
#2309 = AXIS2_PLACEMENT_3D('',#2310,#2311,#2312);
#2310 = CARTESIAN_POINT('',(-1.32E-15,1.61E-15,1.32));
#2311 = DIRECTION('',(1.E-15,-1.22E-15,-1.));
#2312 = DIRECTION('',(-1.,0.,-1.E-15));
#2313 = ORIENTED_EDGE('',*,*,#2314,.F.);
#2314 = EDGE_CURVE('',#2315,#2306,#2317,.T.);
#2315 = VERTEX_POINT('',#2316);
#2316 = CARTESIAN_POINT('',(-8.849294168076,1.640119729429,3.4));
#2317 = LINE('',#2318,#2319);
#2318 = CARTESIAN_POINT('',(-8.849294168076,1.640119729429,3.4));
#2319 = VECTOR('',#2320,1.);
#2320 = DIRECTION('',(1.E-15,-1.E-15,-1.));
#2321 = ORIENTED_EDGE('',*,*,#2322,.T.);
#2322 = EDGE_CURVE('',#2315,#2323,#2325,.T.);
#2323 = VERTEX_POINT('',#2324);
#2324 = CARTESIAN_POINT('',(-8.751329283579,2.101008274703,3.4));
#2325 = CIRCLE('',#2326,9.);
#2326 = AXIS2_PLACEMENT_3D('',#2327,#2328,#2329);
#2327 = CARTESIAN_POINT('',(-3.43E-15,3.83E-15,3.4));
#2328 = DIRECTION('',(1.E-15,-1.17E-15,-1.));
#2329 = DIRECTION('',(-0.983254907564,0.182235525492,-1.19647047239E-15)
  );
#2330 = ORIENTED_EDGE('',*,*,#2331,.T.);
#2331 = EDGE_CURVE('',#2323,#526,#2332,.T.);
#2332 = LINE('',#2333,#2334);
#2333 = CARTESIAN_POINT('',(-8.751329283579,2.101008274703,3.4));
#2334 = VECTOR('',#2335,1.);
#2335 = DIRECTION('',(1.E-15,-1.E-15,-1.));
#2336 = ORIENTED_EDGE('',*,*,#533,.F.);
#2337 = ORIENTED_EDGE('',*,*,#2197,.F.);
#2338 = ORIENTED_EDGE('',*,*,#2339,.F.);
#2339 = EDGE_CURVE('',#2340,#2190,#2342,.T.);
#2340 = VERTEX_POINT('',#2341);
#2341 = CARTESIAN_POINT('',(-5.845032434972,6.8436536904,3.4));
#2342 = CIRCLE('',#2343,9.);
#2343 = AXIS2_PLACEMENT_3D('',#2344,#2345,#2346);
#2344 = CARTESIAN_POINT('',(-7.796925639128E-16,3.510467134981E-15,3.4)
  );
#2345 = DIRECTION('',(-2.575128869404E-16,1.006025403784E-15,1.));
#2346 = DIRECTION('',(-0.64944804833,0.7604059656,-9.322289604262E-16));
#2347 = ORIENTED_EDGE('',*,*,#2348,.T.);
#2348 = EDGE_CURVE('',#2340,#2349,#2351,.T.);
#2349 = VERTEX_POINT('',#2350);
#2350 = CARTESIAN_POINT('',(-5.845032434972,6.8436536904,1.32));
#2351 = LINE('',#2352,#2353);
#2352 = CARTESIAN_POINT('',(-5.845032434972,6.8436536904,3.4));
#2353 = VECTOR('',#2354,1.);
#2354 = DIRECTION('',(5.E-16,-8.660254037844E-16,-1.));
#2355 = ORIENTED_EDGE('',*,*,#2356,.F.);
#2356 = EDGE_CURVE('',#2238,#2349,#2357,.T.);
#2357 = CIRCLE('',#2358,9.);
#2358 = AXIS2_PLACEMENT_3D('',#2359,#2360,#2361);
#2359 = CARTESIAN_POINT('',(-4.001923788647E-16,1.293153532995E-15,1.32)
  );
#2360 = DIRECTION('',(-3.094744111674E-16,9.760254037844E-16,1.));
#2361 = DIRECTION('',(-0.5,0.866025403784,-1.E-15));
#2362 = CYLINDRICAL_SURFACE('',#2363,9.);
#2363 = AXIS2_PLACEMENT_3D('',#2364,#2365,#2366);
#2364 = CARTESIAN_POINT('',(0.,0.,0.));
#2365 = DIRECTION('',(-0.,-0.,-1.));
#2366 = DIRECTION('',(1.,0.,0.));
#2367 = ADVANCED_FACE('',(#2368),#2481,.T.);
#2368 = FACE_BOUND('',#2369,.F.);
#2369 = EDGE_LOOP('',(#2370,#2380,#2389,#2397,#2406,#2415,#2423,#2430,
    #2431,#2432,#2440,#2447,#2448,#2449,#2457,#2466,#2474));
#2370 = ORIENTED_EDGE('',*,*,#2371,.F.);
#2371 = EDGE_CURVE('',#2372,#2374,#2376,.T.);
#2372 = VERTEX_POINT('',#2373);
#2373 = CARTESIAN_POINT('',(-8.850577777778,-1.633178802062,5.));
#2374 = VERTEX_POINT('',#2375);
#2375 = CARTESIAN_POINT('',(-8.850577777778,-1.633178802062,1.32));
#2376 = LINE('',#2377,#2378);
#2377 = CARTESIAN_POINT('',(-8.850577777778,-1.633178802062,0.));
#2378 = VECTOR('',#2379,1.);
#2379 = DIRECTION('',(-0.,-0.,-1.));
#2380 = ORIENTED_EDGE('',*,*,#2381,.T.);
#2381 = EDGE_CURVE('',#2372,#2382,#2384,.T.);
#2382 = VERTEX_POINT('',#2383);
#2383 = CARTESIAN_POINT('',(-8.481414594757,-3.010914557381,5.));
#2384 = CIRCLE('',#2385,9.);
#2385 = AXIS2_PLACEMENT_3D('',#2386,#2387,#2388);
#2386 = CARTESIAN_POINT('',(0.,0.,5.));
#2387 = DIRECTION('',(0.,0.,1.));
#2388 = DIRECTION('',(1.,0.,0.));
#2389 = ORIENTED_EDGE('',*,*,#2390,.T.);
#2390 = EDGE_CURVE('',#2382,#2391,#2393,.T.);
#2391 = VERTEX_POINT('',#2392);
#2392 = CARTESIAN_POINT('',(-8.481414594757,-3.010914557381,1.32));
#2393 = LINE('',#2394,#2395);
#2394 = CARTESIAN_POINT('',(-8.481414594757,-3.010914557381,0.));
#2395 = VECTOR('',#2396,1.);
#2396 = DIRECTION('',(-0.,-0.,-1.));
#2397 = ORIENTED_EDGE('',*,*,#2398,.F.);
#2398 = EDGE_CURVE('',#2399,#2391,#2401,.T.);
#2399 = VERTEX_POINT('',#2400);
#2400 = CARTESIAN_POINT('',(-7.79422863406,-4.5,1.32));
#2401 = CIRCLE('',#2402,9.);
#2402 = AXIS2_PLACEMENT_3D('',#2403,#2404,#2405);
#2403 = CARTESIAN_POINT('',(0.,0.,1.32));
#2404 = DIRECTION('',(0.,0.,-1.));
#2405 = DIRECTION('',(1.,0.,0.));
#2406 = ORIENTED_EDGE('',*,*,#2407,.F.);
#2407 = EDGE_CURVE('',#2408,#2399,#2410,.T.);
#2408 = VERTEX_POINT('',#2409);
#2409 = CARTESIAN_POINT('',(-6.848235792694,-5.839663220397,1.32));
#2410 = CIRCLE('',#2411,9.);
#2411 = AXIS2_PLACEMENT_3D('',#2412,#2413,#2414);
#2412 = CARTESIAN_POINT('',(0.,0.,1.32));
#2413 = DIRECTION('',(0.,0.,-1.));
#2414 = DIRECTION('',(1.,0.,0.));
#2415 = ORIENTED_EDGE('',*,*,#2416,.F.);
#2416 = EDGE_CURVE('',#2417,#2408,#2419,.T.);
#2417 = VERTEX_POINT('',#2418);
#2418 = CARTESIAN_POINT('',(-6.848235792694,-5.839663220397,5.));
#2419 = LINE('',#2420,#2421);
#2420 = CARTESIAN_POINT('',(-6.848235792694,-5.839663220397,0.));
#2421 = VECTOR('',#2422,1.);
#2422 = DIRECTION('',(-0.,-0.,-1.));
#2423 = ORIENTED_EDGE('',*,*,#2424,.T.);
#2424 = EDGE_CURVE('',#2417,#995,#2425,.T.);
#2425 = CIRCLE('',#2426,9.);
#2426 = AXIS2_PLACEMENT_3D('',#2427,#2428,#2429);
#2427 = CARTESIAN_POINT('',(0.,0.,5.));
#2428 = DIRECTION('',(0.,0.,1.));
#2429 = DIRECTION('',(1.,0.,0.));
#2430 = ORIENTED_EDGE('',*,*,#994,.T.);
#2431 = ORIENTED_EDGE('',*,*,#1076,.T.);
#2432 = ORIENTED_EDGE('',*,*,#2433,.F.);
#2433 = EDGE_CURVE('',#2434,#1077,#2436,.T.);
#2434 = VERTEX_POINT('',#2435);
#2435 = CARTESIAN_POINT('',(-5.845032434972,-6.8436536904,3.4));
#2436 = LINE('',#2437,#2438);
#2437 = CARTESIAN_POINT('',(-5.845032434972,-6.8436536904,3.4));
#2438 = VECTOR('',#2439,1.);
#2439 = DIRECTION('',(8.660254037844E-16,-5.E-16,-1.));
#2440 = ORIENTED_EDGE('',*,*,#2441,.T.);
#2441 = EDGE_CURVE('',#2434,#2214,#2442,.T.);
#2442 = CIRCLE('',#2443,9.);
#2443 = AXIS2_PLACEMENT_3D('',#2444,#2445,#2446);
#2444 = CARTESIAN_POINT('',(-3.331877296494E-15,1.889019237886E-15,3.4)
  );
#2445 = DIRECTION('',(1.013249722428E-15,-5.85E-16,-1.));
#2446 = DIRECTION('',(-0.64944804833,-0.7604059656,-2.132155648258E-16)
  );
#2447 = ORIENTED_EDGE('',*,*,#2221,.T.);
#2448 = ORIENTED_EDGE('',*,*,#472,.F.);
#2449 = ORIENTED_EDGE('',*,*,#2450,.F.);
#2450 = EDGE_CURVE('',#2451,#473,#2453,.T.);
#2451 = VERTEX_POINT('',#2452);
#2452 = CARTESIAN_POINT('',(-8.751329283579,-2.101008274703,3.4));
#2453 = LINE('',#2454,#2455);
#2454 = CARTESIAN_POINT('',(-8.751329283579,-2.101008274703,3.4));
#2455 = VECTOR('',#2456,1.);
#2456 = DIRECTION('',(9.976655463614E-16,-1.009723699204E-15,-1.));
#2457 = ORIENTED_EDGE('',*,*,#2458,.F.);
#2458 = EDGE_CURVE('',#2459,#2451,#2461,.T.);
#2459 = VERTEX_POINT('',#2460);
#2460 = CARTESIAN_POINT('',(-8.849294168076,-1.640119729429,3.4));
#2461 = CIRCLE('',#2462,9.);
#2462 = AXIS2_PLACEMENT_3D('',#2463,#2464,#2465);
#2463 = CARTESIAN_POINT('',(-3.43E-15,4.48E-15,3.4));
#2464 = DIRECTION('',(-1.E-15,1.28E-15,1.));
#2465 = DIRECTION('',(-0.983254907564,-0.182235525492,-7.49993434934E-16
    ));
#2466 = ORIENTED_EDGE('',*,*,#2467,.T.);
#2467 = EDGE_CURVE('',#2459,#2468,#2470,.T.);
#2468 = VERTEX_POINT('',#2469);
#2469 = CARTESIAN_POINT('',(-8.849294168076,-1.640119729429,1.32));
#2470 = LINE('',#2471,#2472);
#2471 = CARTESIAN_POINT('',(-8.849294168076,-1.640119729429,3.4));
#2472 = VECTOR('',#2473,1.);
#2473 = DIRECTION('',(1.E-15,-1.E-15,-1.));
#2474 = ORIENTED_EDGE('',*,*,#2475,.F.);
#2475 = EDGE_CURVE('',#2374,#2468,#2476,.T.);
#2476 = CIRCLE('',#2477,9.);
#2477 = AXIS2_PLACEMENT_3D('',#2478,#2479,#2480);
#2478 = CARTESIAN_POINT('',(-1.32E-15,1.62E-15,1.32));
#2479 = DIRECTION('',(-1.E-15,1.22E-15,1.));
#2480 = DIRECTION('',(-1.,0.,-1.E-15));
#2481 = CYLINDRICAL_SURFACE('',#2482,9.);
#2482 = AXIS2_PLACEMENT_3D('',#2483,#2484,#2485);
#2483 = CARTESIAN_POINT('',(0.,0.,0.));
#2484 = DIRECTION('',(-0.,-0.,-1.));
#2485 = DIRECTION('',(1.,0.,0.));
#2486 = ADVANCED_FACE('',(#2487),#2505,.F.);
#2487 = FACE_BOUND('',#2488,.T.);
#2488 = EDGE_LOOP('',(#2489,#2490,#2498,#2504));
#2489 = ORIENTED_EDGE('',*,*,#525,.T.);
#2490 = ORIENTED_EDGE('',*,*,#2491,.T.);
#2491 = EDGE_CURVE('',#517,#2492,#2494,.T.);
#2492 = VERTEX_POINT('',#2493);
#2493 = CARTESIAN_POINT('',(-13.61317888556,3.268235093983,3.4));
#2494 = LINE('',#2495,#2496);
#2495 = CARTESIAN_POINT('',(-13.61317888556,3.268235093983,
    -1.697141397955E-14));
#2496 = VECTOR('',#2497,1.);
#2497 = DIRECTION('',(-1.E-15,1.E-15,1.));
#2498 = ORIENTED_EDGE('',*,*,#2499,.T.);
#2499 = EDGE_CURVE('',#2492,#2323,#2500,.T.);
#2500 = LINE('',#2501,#2502);
#2501 = CARTESIAN_POINT('',(-13.61317888556,3.268235093983,3.4));
#2502 = VECTOR('',#2503,1.);
#2503 = DIRECTION('',(0.972369920398,-0.233445363856,1.205815284254E-15)
  );
#2504 = ORIENTED_EDGE('',*,*,#2331,.T.);
#2505 = PLANE('',#2506);
#2506 = AXIS2_PLACEMENT_3D('',#2507,#2508,#2509);
#2507 = CARTESIAN_POINT('',(-11.18225408457,2.684621684343,1.7));
#2508 = DIRECTION('',(-0.233445363856,-0.972369920398,9.889245565418E-16
    ));
#2509 = DIRECTION('',(-0.972369920398,0.233445363856,-1.205815284254E-15
    ));
#2510 = ADVANCED_FACE('',(#2511),#2529,.F.);
#2511 = FACE_BOUND('',#2512,.F.);
#2512 = EDGE_LOOP('',(#2513,#2514,#2522,#2528));
#2513 = ORIENTED_EDGE('',*,*,#481,.T.);
#2514 = ORIENTED_EDGE('',*,*,#2515,.T.);
#2515 = EDGE_CURVE('',#482,#2516,#2518,.T.);
#2516 = VERTEX_POINT('',#2517);
#2517 = CARTESIAN_POINT('',(-13.61317888556,-3.268235093983,3.4));
#2518 = LINE('',#2519,#2520);
#2519 = CARTESIAN_POINT('',(-13.61317888556,-3.268235093983,
    -1.041494379158E-14));
#2520 = VECTOR('',#2521,1.);
#2521 = DIRECTION('',(-9.976655463614E-16,1.009723699204E-15,1.));
#2522 = ORIENTED_EDGE('',*,*,#2523,.T.);
#2523 = EDGE_CURVE('',#2516,#2451,#2524,.T.);
#2524 = LINE('',#2525,#2526);
#2525 = CARTESIAN_POINT('',(-13.61317888556,-3.268235093983,3.4));
#2526 = VECTOR('',#2527,1.);
#2527 = DIRECTION('',(0.972369920398,0.233445363856,7.389245565418E-16)
  );
#2528 = ORIENTED_EDGE('',*,*,#2450,.T.);
#2529 = PLANE('',#2530);
#2530 = AXIS2_PLACEMENT_3D('',#2531,#2532,#2533);
#2531 = CARTESIAN_POINT('',(-11.18225408457,-2.684621684343,1.7));
#2532 = DIRECTION('',(-0.233445363856,0.972369920398,-1.385815284254E-15
    ));
#2533 = DIRECTION('',(0.972369920398,0.233445363856,6.389245565418E-16)
  );
#2534 = ADVANCED_FACE('',(#2535),#2562,.T.);
#2535 = FACE_BOUND('',#2536,.F.);
#2536 = EDGE_LOOP('',(#2537,#2538,#2539,#2548,#2556));
#2537 = ORIENTED_EDGE('',*,*,#516,.T.);
#2538 = ORIENTED_EDGE('',*,*,#2491,.T.);
#2539 = ORIENTED_EDGE('',*,*,#2540,.F.);
#2540 = EDGE_CURVE('',#2541,#2492,#2543,.T.);
#2541 = VERTEX_POINT('',#2542);
#2542 = CARTESIAN_POINT('',(-13.76556870589,2.55129735689,3.4));
#2543 = CIRCLE('',#2544,14.);
#2544 = AXIS2_PLACEMENT_3D('',#2545,#2546,#2547);
#2545 = CARTESIAN_POINT('',(-3.43E-15,3.83E-15,3.4));
#2546 = DIRECTION('',(1.E-15,-1.17E-15,-1.));
#2547 = DIRECTION('',(-0.983254907564,0.182235525492,-1.19647047239E-15)
  );
#2548 = ORIENTED_EDGE('',*,*,#2549,.F.);
#2549 = EDGE_CURVE('',#2550,#2541,#2552,.T.);
#2550 = VERTEX_POINT('',#2551);
#2551 = CARTESIAN_POINT('',(-13.76556870589,2.55129735689,1.32));
#2552 = LINE('',#2553,#2554);
#2553 = CARTESIAN_POINT('',(-13.76556870589,2.55129735689,
    -1.640686606279E-14));
#2554 = VECTOR('',#2555,1.);
#2555 = DIRECTION('',(-1.E-15,1.E-15,1.));
#2556 = ORIENTED_EDGE('',*,*,#2557,.T.);
#2557 = EDGE_CURVE('',#2550,#508,#2558,.T.);
#2558 = LINE('',#2559,#2560);
#2559 = CARTESIAN_POINT('',(-13.76556870589,2.55129735689,1.32));
#2560 = VECTOR('',#2561,1.);
#2561 = DIRECTION('',(1.E-15,-1.E-15,-1.));
#2562 = CYLINDRICAL_SURFACE('',#2563,14.);
#2563 = AXIS2_PLACEMENT_3D('',#2564,#2565,#2566);
#2564 = CARTESIAN_POINT('',(-3.E-17,-1.4E-16,-5.E-17));
#2565 = DIRECTION('',(-1.E-15,1.17E-15,1.));
#2566 = DIRECTION('',(-0.983254907564,0.182235525492,-1.19647047239E-15)
  );
#2567 = ADVANCED_FACE('',(#2568),#2595,.T.);
#2568 = FACE_BOUND('',#2569,.T.);
#2569 = EDGE_LOOP('',(#2570,#2571,#2572,#2581,#2589));
#2570 = ORIENTED_EDGE('',*,*,#489,.T.);
#2571 = ORIENTED_EDGE('',*,*,#2515,.T.);
#2572 = ORIENTED_EDGE('',*,*,#2573,.F.);
#2573 = EDGE_CURVE('',#2574,#2516,#2576,.T.);
#2574 = VERTEX_POINT('',#2575);
#2575 = CARTESIAN_POINT('',(-13.76556870589,-2.55129735689,3.4));
#2576 = CIRCLE('',#2577,14.);
#2577 = AXIS2_PLACEMENT_3D('',#2578,#2579,#2580);
#2578 = CARTESIAN_POINT('',(-3.43E-15,4.48E-15,3.4));
#2579 = DIRECTION('',(-1.E-15,1.28E-15,1.));
#2580 = DIRECTION('',(-0.983254907564,-0.182235525492,-7.49993434934E-16
    ));
#2581 = ORIENTED_EDGE('',*,*,#2582,.F.);
#2582 = EDGE_CURVE('',#2583,#2574,#2585,.T.);
#2583 = VERTEX_POINT('',#2584);
#2584 = CARTESIAN_POINT('',(-13.76556870589,-2.55129735689,1.32));
#2585 = LINE('',#2586,#2587);
#2586 = CARTESIAN_POINT('',(-13.76556870589,-2.55129735689,
    -1.129427134901E-14));
#2587 = VECTOR('',#2588,1.);
#2588 = DIRECTION('',(-1.E-15,1.E-15,1.));
#2589 = ORIENTED_EDGE('',*,*,#2590,.T.);
#2590 = EDGE_CURVE('',#2583,#490,#2591,.T.);
#2591 = LINE('',#2592,#2593);
#2592 = CARTESIAN_POINT('',(-13.76556870589,-2.55129735689,1.32));
#2593 = VECTOR('',#2594,1.);
#2594 = DIRECTION('',(9.984767613886E-16,-1.447211001368E-15,-1.));
#2595 = CYLINDRICAL_SURFACE('',#2596,14.);
#2596 = AXIS2_PLACEMENT_3D('',#2597,#2598,#2599);
#2597 = CARTESIAN_POINT('',(-3.E-17,1.4E-16,-5.E-17));
#2598 = DIRECTION('',(-1.E-15,1.28E-15,1.));
#2599 = DIRECTION('',(-0.983254907564,-0.182235525492,-7.49993434934E-16
    ));
#2600 = ADVANCED_FACE('',(#2601),#2620,.T.);
#2601 = FACE_BOUND('',#2602,.T.);
#2602 = EDGE_LOOP('',(#2603,#2612,#2613,#2614));
#2603 = ORIENTED_EDGE('',*,*,#2604,.T.);
#2604 = EDGE_CURVE('',#2605,#2550,#2607,.T.);
#2605 = VERTEX_POINT('',#2606);
#2606 = CARTESIAN_POINT('',(-14.,3.E-15,1.32));
#2607 = CIRCLE('',#2608,14.);
#2608 = AXIS2_PLACEMENT_3D('',#2609,#2610,#2611);
#2609 = CARTESIAN_POINT('',(-1.32E-15,1.61E-15,1.32));
#2610 = DIRECTION('',(1.E-15,-1.22E-15,-1.));
#2611 = DIRECTION('',(-1.,0.,-1.E-15));
#2612 = ORIENTED_EDGE('',*,*,#2557,.T.);
#2613 = ORIENTED_EDGE('',*,*,#507,.F.);
#2614 = ORIENTED_EDGE('',*,*,#2615,.F.);
#2615 = EDGE_CURVE('',#2605,#499,#2616,.T.);
#2616 = LINE('',#2617,#2618);
#2617 = CARTESIAN_POINT('',(-14.,1.32E-15,1.32));
#2618 = VECTOR('',#2619,1.);
#2619 = DIRECTION('',(1.E-15,-1.E-15,-1.));
#2620 = CYLINDRICAL_SURFACE('',#2621,14.);
#2621 = AXIS2_PLACEMENT_3D('',#2622,#2623,#2624);
#2622 = CARTESIAN_POINT('',(-1.32E-15,1.61E-15,1.32));
#2623 = DIRECTION('',(1.E-15,-1.22E-15,-1.));
#2624 = DIRECTION('',(-1.,0.,-1.E-15));
#2625 = ADVANCED_FACE('',(#2626),#2638,.T.);
#2626 = FACE_BOUND('',#2627,.F.);
#2627 = EDGE_LOOP('',(#2628,#2635,#2636,#2637));
#2628 = ORIENTED_EDGE('',*,*,#2629,.T.);
#2629 = EDGE_CURVE('',#2605,#2583,#2630,.T.);
#2630 = CIRCLE('',#2631,14.);
#2631 = AXIS2_PLACEMENT_3D('',#2632,#2633,#2634);
#2632 = CARTESIAN_POINT('',(-1.32E-15,1.62E-15,1.32));
#2633 = DIRECTION('',(-1.E-15,1.22E-15,1.));
#2634 = DIRECTION('',(-1.,0.,-1.E-15));
#2635 = ORIENTED_EDGE('',*,*,#2590,.T.);
#2636 = ORIENTED_EDGE('',*,*,#498,.F.);
#2637 = ORIENTED_EDGE('',*,*,#2615,.F.);
#2638 = CYLINDRICAL_SURFACE('',#2639,14.);
#2639 = AXIS2_PLACEMENT_3D('',#2640,#2641,#2642);
#2640 = CARTESIAN_POINT('',(-1.32E-15,1.62E-15,1.32));
#2641 = DIRECTION('',(1.E-15,-1.22E-15,-1.));
#2642 = DIRECTION('',(-1.,0.,-1.E-15));
#2643 = ADVANCED_FACE('',(#2644,#2663),#2762,.F.);
#2644 = FACE_BOUND('',#2645,.F.);
#2645 = EDGE_LOOP('',(#2646,#2655,#2661,#2662));
#2646 = ORIENTED_EDGE('',*,*,#2647,.F.);
#2647 = EDGE_CURVE('',#2648,#2648,#2650,.T.);
#2648 = VERTEX_POINT('',#2649);
#2649 = CARTESIAN_POINT('',(2.6,0.,12.));
#2650 = CIRCLE('',#2651,2.6);
#2651 = AXIS2_PLACEMENT_3D('',#2652,#2653,#2654);
#2652 = CARTESIAN_POINT('',(0.,0.,12.));
#2653 = DIRECTION('',(0.,0.,1.));
#2654 = DIRECTION('',(1.,0.,0.));
#2655 = ORIENTED_EDGE('',*,*,#2656,.T.);
#2656 = EDGE_CURVE('',#2648,#682,#2657,.T.);
#2657 = LINE('',#2658,#2659);
#2658 = CARTESIAN_POINT('',(2.6,0.,12.));
#2659 = VECTOR('',#2660,1.);
#2660 = DIRECTION('',(-0.,-0.,-1.));
#2661 = ORIENTED_EDGE('',*,*,#681,.T.);
#2662 = ORIENTED_EDGE('',*,*,#2656,.F.);
#2663 = FACE_BOUND('',#2664,.F.);
#2664 = EDGE_LOOP('',(#2665));
#2665 = ORIENTED_EDGE('',*,*,#2666,.T.);
#2666 = EDGE_CURVE('',#2667,#2667,#2669,.T.);
#2667 = VERTEX_POINT('',#2668);
#2668 = CARTESIAN_POINT('',(-1.75,-1.922888452303,8.326555));
#2669 = B_SPLINE_CURVE_WITH_KNOTS('',6,(#2670,#2671,#2672,#2673,#2674,
    #2675,#2676,#2677,#2678,#2679,#2680,#2681,#2682,#2683,#2684,#2685,
    #2686,#2687,#2688,#2689,#2690,#2691,#2692,#2693,#2694,#2695,#2696,
    #2697,#2698,#2699,#2700,#2701,#2702,#2703,#2704,#2705,#2706,#2707,
    #2708,#2709,#2710,#2711,#2712,#2713,#2714,#2715,#2716,#2717,#2718,
    #2719,#2720,#2721,#2722,#2723,#2724,#2725,#2726,#2727,#2728,#2729,
    #2730,#2731,#2732,#2733,#2734,#2735,#2736,#2737,#2738,#2739,#2740,
    #2741,#2742,#2743,#2744,#2745,#2746,#2747,#2748,#2749,#2750,#2751,
    #2752,#2753,#2754,#2755,#2756,#2757,#2758,#2759,#2760,#2761),
  .UNSPECIFIED.,.T.,.F.,(7,5,5,5,5,5,5,5,5,5,5,5,5,5,5,5,5,5,7),(0.,
    5.017598145673E-02,0.105953796517,0.166518700892,0.213479615873,
    0.276084447773,0.309463536662,0.39348595266,0.449564861766,
    0.500512675055,0.550585866003,0.606249414638,0.666690245759,
    0.713554956623,0.776031536294,0.809342244795,0.893192532505,
    0.949156558381,1.),.UNSPECIFIED.);
#2670 = CARTESIAN_POINT('',(-1.75,-1.922888452303,8.326555));
#2671 = CARTESIAN_POINT('',(-1.75,-1.922888452303,8.412780481592));
#2672 = CARTESIAN_POINT('',(-1.74490187458,-1.927528183004,
    8.498850290726));
#2673 = CARTESIAN_POINT('',(-1.734739832412,-1.93677663073,
    8.584393475738));
#2674 = CARTESIAN_POINT('',(-1.719584101742,-1.950384171865,
    8.669021529183));
#2675 = CARTESIAN_POINT('',(-1.69955277232,-1.967881677764,
    8.752290952596));
#2676 = CARTESIAN_POINT('',(-1.647519012396,-2.011706668405,
    8.924147242105));
#2677 = CARTESIAN_POINT('',(-1.614400195415,-2.038826753559,
    9.012387758395));
#2678 = CARTESIAN_POINT('',(-1.575713368028,-2.069296074136,
    9.098273301724));
#2679 = CARTESIAN_POINT('',(-1.531540064286,-2.102376794018,
    9.18162114279));
#2680 = CARTESIAN_POINT('',(-1.481931243761,-2.13733752037,
    9.262189421062));
#2681 = CARTESIAN_POINT('',(-1.367170240987,-2.212680024127,
    9.423821771175));
#2682 = CARTESIAN_POINT('',(-1.300968089476,-2.253322737959,
    9.504449273345));
#2683 = CARTESIAN_POINT('',(-1.228200815865,-2.294541956575,
    9.581310287588));
#2684 = CARTESIAN_POINT('',(-1.148662446374,-2.335505113697,
    9.654008375043));
#2685 = CARTESIAN_POINT('',(-1.062107399034,-2.375319372514,
    9.721942903611));
#2686 = CARTESIAN_POINT('',(-0.895585432878,-2.442144080333,
    9.832559607115));
#2687 = CARTESIAN_POINT('',(-0.818356346503,-2.470081977266,
    9.877585667645));
#2688 = CARTESIAN_POINT('',(-0.736724341138,-2.496189549541,
    9.918739882662));
#2689 = CARTESIAN_POINT('',(-0.650845354615,-2.519875145058,
    9.955433401406));
#2690 = CARTESIAN_POINT('',(-0.560935548746,-2.540554357349,
    9.98706609418));
#2691 = CARTESIAN_POINT('',(-0.342413242002,-2.580477467248,
    10.047612948529));
#2692 = CARTESIAN_POINT('',(-0.210569969384,-2.597006084388,
    10.072198466256));
#2693 = CARTESIAN_POINT('',(-7.454795992591E-02,-2.60545620068,
    10.084593790599));
#2694 = CARTESIAN_POINT('',(6.258594326387E-02,-2.604957418251,
    10.083908046422));
#2695 = CARTESIAN_POINT('',(0.197718383691,-2.595791440956,
    10.070394460479));
#2696 = CARTESIAN_POINT('',(0.397335603972,-2.570412653802,
    10.032315439172));
#2697 = CARTESIAN_POINT('',(0.465287777915,-2.559495181623,
    10.015866439162));
#2698 = CARTESIAN_POINT('',(0.531554497603,-2.546658989253,
    9.996407989815));
#2699 = CARTESIAN_POINT('',(0.595932826962,-2.532108467241,
    9.974162473112));
#2700 = CARTESIAN_POINT('',(0.658237881099,-2.516074129981,
    9.949380288104));
#2701 = CARTESIAN_POINT('',(0.869505185671,-2.455343458899,
    9.854283524962));
#2702 = CARTESIAN_POINT('',(1.006479918107,-2.404082405759,
    9.771953182034));
#2703 = CARTESIAN_POINT('',(1.129354857086,-2.34825405104,9.678620055912
    ));
#2704 = CARTESIAN_POINT('',(1.238737412623,-2.290536578424,9.57645712958
    ));
#2705 = CARTESIAN_POINT('',(1.335257439044,-2.233190002087,9.46681848332
    ));
#2706 = CARTESIAN_POINT('',(1.475315478684,-2.141943304173,
    9.272666311474));
#2707 = CARTESIAN_POINT('',(1.525878104994,-2.1065360715,9.191812658388)
  );
#2708 = CARTESIAN_POINT('',(1.57092635648,-2.072976445267,9.108123097709
    ));
#2709 = CARTESIAN_POINT('',(1.61041434336,-2.042007939691,9.021842305518
    ));
#2710 = CARTESIAN_POINT('',(1.644262797113,-2.014383721163,
    8.933154018948));
#2711 = CARTESIAN_POINT('',(1.697795033927,-1.96941605899,8.759535378669
    ));
#2712 = CARTESIAN_POINT('',(1.718520305843,-1.951339013151,
    8.674909965424));
#2713 = CARTESIAN_POINT('',(1.734204203206,-1.937264109401,8.58885991492
    ));
#2714 = CARTESIAN_POINT('',(1.744722227395,-1.92769167567,8.501850266867
    ));
#2715 = CARTESIAN_POINT('',(1.75,-1.922888452303,8.414286571599));
#2716 = CARTESIAN_POINT('',(1.75,-1.922888452303,8.240329518408));
#2717 = CARTESIAN_POINT('',(1.744901874579,-1.927528183004,
    8.154259709274));
#2718 = CARTESIAN_POINT('',(1.734739832412,-1.93677663073,8.068716524263
    ));
#2719 = CARTESIAN_POINT('',(1.719584101742,-1.950384171865,
    7.984088470817));
#2720 = CARTESIAN_POINT('',(1.69955277232,-1.967881677764,7.900819047404
    ));
#2721 = CARTESIAN_POINT('',(1.647519012396,-2.011706668405,
    7.728962757895));
#2722 = CARTESIAN_POINT('',(1.614400195415,-2.038826753559,
    7.640722241605));
#2723 = CARTESIAN_POINT('',(1.575713368028,-2.069296074136,
    7.554836698276));
#2724 = CARTESIAN_POINT('',(1.531540064285,-2.102376794018,
    7.471488857209));
#2725 = CARTESIAN_POINT('',(1.481931243761,-2.13733752037,7.390920578938
    ));
#2726 = CARTESIAN_POINT('',(1.367170240986,-2.212680024128,
    7.229288228824));
#2727 = CARTESIAN_POINT('',(1.300968089475,-2.253322737959,
    7.148660726654));
#2728 = CARTESIAN_POINT('',(1.228200815865,-2.294541956575,
    7.071799712412));
#2729 = CARTESIAN_POINT('',(1.148662446375,-2.335505113697,
    6.999101624958));
#2730 = CARTESIAN_POINT('',(1.062107399035,-2.375319372514,
    6.931167096389));
#2731 = CARTESIAN_POINT('',(0.895585432866,-2.442144080338,
    6.820550392877));
#2732 = CARTESIAN_POINT('',(0.818356346504,-2.470081977264,
    6.775524332358));
#2733 = CARTESIAN_POINT('',(0.73672434115,-2.496189549538,6.734370117344
    ));
#2734 = CARTESIAN_POINT('',(0.650845354619,-2.519875145059,
    6.697676598593));
#2735 = CARTESIAN_POINT('',(0.56093554873,-2.540554357352,6.666043905816
    ));
#2736 = CARTESIAN_POINT('',(0.342413242002,-2.580477467248,
    6.605497051471));
#2737 = CARTESIAN_POINT('',(0.210569969384,-2.597006084388,
    6.580911533744));
#2738 = CARTESIAN_POINT('',(7.454795992605E-02,-2.60545620068,
    6.568516209401));
#2739 = CARTESIAN_POINT('',(-6.258594326394E-02,-2.604957418251,
    6.569201953578));
#2740 = CARTESIAN_POINT('',(-0.197718383691,-2.595791440956,
    6.582715539521));
#2741 = CARTESIAN_POINT('',(-0.39733560397,-2.570412653802,
    6.620794560828));
#2742 = CARTESIAN_POINT('',(-0.465287777916,-2.559495181623,
    6.637243560838));
#2743 = CARTESIAN_POINT('',(-0.531554497605,-2.546658989252,
    6.656702010186));
#2744 = CARTESIAN_POINT('',(-0.595932826962,-2.532108467241,
    6.678947526889));
#2745 = CARTESIAN_POINT('',(-0.658237881097,-2.516074129982,
    6.703729711895));
#2746 = CARTESIAN_POINT('',(-0.869505185671,-2.455343458899,
    6.798826475038));
#2747 = CARTESIAN_POINT('',(-1.006479918106,-2.404082405759,
    6.881156817966));
#2748 = CARTESIAN_POINT('',(-1.129354857086,-2.34825405104,
    6.974489944088));
#2749 = CARTESIAN_POINT('',(-1.238737412623,-2.290536578424,
    7.07665287042));
#2750 = CARTESIAN_POINT('',(-1.335257439044,-2.233190002087,
    7.18629151668));
#2751 = CARTESIAN_POINT('',(-1.475315478684,-2.141943304173,
    7.380443688527));
#2752 = CARTESIAN_POINT('',(-1.525878104994,-2.1065360715,7.461297341612
    ));
#2753 = CARTESIAN_POINT('',(-1.57092635648,-2.072976445267,
    7.544986902291));
#2754 = CARTESIAN_POINT('',(-1.61041434336,-2.042007939691,
    7.631267694482));
#2755 = CARTESIAN_POINT('',(-1.644262797113,-2.014383721163,
    7.719955981052));
#2756 = CARTESIAN_POINT('',(-1.697795033927,-1.96941605899,
    7.893574621331));
#2757 = CARTESIAN_POINT('',(-1.718520305843,-1.951339013151,
    7.978200034576));
#2758 = CARTESIAN_POINT('',(-1.734204203205,-1.937264109401,
    8.06425008508));
#2759 = CARTESIAN_POINT('',(-1.744722227395,-1.92769167567,
    8.151259733133));
#2760 = CARTESIAN_POINT('',(-1.75,-1.922888452303,8.238823428401));
#2761 = CARTESIAN_POINT('',(-1.75,-1.922888452303,8.326555));
#2762 = CYLINDRICAL_SURFACE('',#2763,2.6);
#2763 = AXIS2_PLACEMENT_3D('',#2764,#2765,#2766);
#2764 = CARTESIAN_POINT('',(0.,0.,12.));
#2765 = DIRECTION('',(0.,0.,1.));
#2766 = DIRECTION('',(1.,0.,0.));
#2767 = ADVANCED_FACE('',(#2768),#2786,.F.);
#2768 = FACE_BOUND('',#2769,.T.);
#2769 = EDGE_LOOP('',(#2770,#2778,#2785));
#2770 = ORIENTED_EDGE('',*,*,#2771,.F.);
#2771 = EDGE_CURVE('',#2772,#772,#2774,.T.);
#2772 = VERTEX_POINT('',#2773);
#2773 = CARTESIAN_POINT('',(4.5,-7.79422863406,1.32));
#2774 = LINE('',#2775,#2776);
#2775 = CARTESIAN_POINT('',(4.5,-7.79422863406,1.32));
#2776 = VECTOR('',#2777,1.);
#2777 = DIRECTION('',(0.5,-0.866025403784,0.));
#2778 = ORIENTED_EDGE('',*,*,#2779,.T.);
#2779 = EDGE_CURVE('',#2772,#84,#2780,.T.);
#2780 = CIRCLE('',#2781,9.);
#2781 = AXIS2_PLACEMENT_3D('',#2782,#2783,#2784);
#2782 = CARTESIAN_POINT('',(-2.511473670975E-16,-1.45E-16,1.32));
#2783 = DIRECTION('',(1.905255888326E-16,1.1E-16,-1.));
#2784 = DIRECTION('',(0.5,-0.866025403784,0.));
#2785 = ORIENTED_EDGE('',*,*,#771,.F.);
#2786 = PLANE('',#2787);
#2787 = AXIS2_PLACEMENT_3D('',#2788,#2789,#2790);
#2788 = CARTESIAN_POINT('',(-2.511473670975E-16,-1.45E-16,1.32));
#2789 = DIRECTION('',(1.905255888326E-16,1.1E-16,-1.));
#2790 = DIRECTION('',(0.5,-0.866025403784,0.));
#2791 = ADVANCED_FACE('',(#2792),#2810,.F.);
#2792 = FACE_BOUND('',#2793,.F.);
#2793 = EDGE_LOOP('',(#2794,#2801,#2802,#2808,#2809));
#2794 = ORIENTED_EDGE('',*,*,#2795,.T.);
#2795 = EDGE_CURVE('',#772,#1454,#2796,.T.);
#2796 = CIRCLE('',#2797,1.64);
#2797 = AXIS2_PLACEMENT_3D('',#2798,#2799,#2800);
#2798 = CARTESIAN_POINT('',(4.5,-7.79422863406,1.32));
#2799 = DIRECTION('',(-3.810511776652E-16,-2.2E-16,1.));
#2800 = DIRECTION('',(0.5,-0.866025403784,7.92E-32));
#2801 = ORIENTED_EDGE('',*,*,#1572,.T.);
#2802 = ORIENTED_EDGE('',*,*,#2803,.T.);
#2803 = EDGE_CURVE('',#1565,#1680,#2804,.T.);
#2804 = LINE('',#2805,#2806);
#2805 = CARTESIAN_POINT('',(5.845032434972,-6.8436536904,1.32));
#2806 = VECTOR('',#2807,1.);
#2807 = DIRECTION('',(0.64944804833,-0.7604059656,8.E-17));
#2808 = ORIENTED_EDGE('',*,*,#1726,.F.);
#2809 = ORIENTED_EDGE('',*,*,#791,.F.);
#2810 = PLANE('',#2811);
#2811 = AXIS2_PLACEMENT_3D('',#2812,#2813,#2814);
#2812 = CARTESIAN_POINT('',(-2.598076211353E-16,-1.5E-16,1.32));
#2813 = DIRECTION('',(1.905255888326E-16,1.1E-16,-1.));
#2814 = DIRECTION('',(-0.5,0.866025403784,0.));
#2815 = ADVANCED_FACE('',(#2816),#2826,.F.);
#2816 = FACE_BOUND('',#2817,.F.);
#2817 = EDGE_LOOP('',(#2818,#2819,#2820));
#2818 = ORIENTED_EDGE('',*,*,#2779,.T.);
#2819 = ORIENTED_EDGE('',*,*,#832,.T.);
#2820 = ORIENTED_EDGE('',*,*,#2821,.T.);
#2821 = EDGE_CURVE('',#825,#2772,#2822,.T.);
#2822 = LINE('',#2823,#2824);
#2823 = CARTESIAN_POINT('',(3.68,-6.373946971853,1.32));
#2824 = VECTOR('',#2825,1.);
#2825 = DIRECTION('',(0.5,-0.866025403784,0.));
#2826 = PLANE('',#2827);
#2827 = AXIS2_PLACEMENT_3D('',#2828,#2829,#2830);
#2828 = CARTESIAN_POINT('',(4.5,-7.79422863406,1.32));
#2829 = DIRECTION('',(-0.,0.,-1.));
#2830 = DIRECTION('',(0.5,-0.866025403784,0.));
#2831 = ADVANCED_FACE('',(#2832),#2859,.F.);
#2832 = FACE_BOUND('',#2833,.T.);
#2833 = EDGE_LOOP('',(#2834,#2835,#2844,#2851,#2852));
#2834 = ORIENTED_EDGE('',*,*,#1451,.F.);
#2835 = ORIENTED_EDGE('',*,*,#2836,.T.);
#2836 = EDGE_CURVE('',#1452,#2837,#2839,.T.);
#2837 = VERTEX_POINT('',#2838);
#2838 = CARTESIAN_POINT('',(4.261528009345,-6.171659341341,5.));
#2839 = CIRCLE('',#2840,1.64);
#2840 = AXIS2_PLACEMENT_3D('',#2841,#2842,#2843);
#2841 = CARTESIAN_POINT('',(4.5,-7.79422863406,5.));
#2842 = DIRECTION('',(-3.810511776652E-16,-2.2E-16,1.));
#2843 = DIRECTION('',(0.5,-0.866025403784,2.992E-31));
#2844 = ORIENTED_EDGE('',*,*,#2845,.T.);
#2845 = EDGE_CURVE('',#2837,#816,#2846,.T.);
#2846 = CIRCLE('',#2847,1.64);
#2847 = AXIS2_PLACEMENT_3D('',#2848,#2849,#2850);
#2848 = CARTESIAN_POINT('',(4.5,-7.79422863406,5.));
#2849 = DIRECTION('',(-3.810511776652E-16,-2.2E-16,1.));
#2850 = DIRECTION('',(0.5,-0.866025403784,2.992E-31));
#2851 = ORIENTED_EDGE('',*,*,#824,.T.);
#2852 = ORIENTED_EDGE('',*,*,#2853,.F.);
#2853 = EDGE_CURVE('',#1454,#825,#2854,.T.);
#2854 = CIRCLE('',#2855,1.64);
#2855 = AXIS2_PLACEMENT_3D('',#2856,#2857,#2858);
#2856 = CARTESIAN_POINT('',(4.5,-7.79422863406,1.32));
#2857 = DIRECTION('',(-3.810511776652E-16,-2.2E-16,1.));
#2858 = DIRECTION('',(0.5,-0.866025403784,7.92E-32));
#2859 = CYLINDRICAL_SURFACE('',#2860,1.64);
#2860 = AXIS2_PLACEMENT_3D('',#2861,#2862,#2863);
#2861 = CARTESIAN_POINT('',(4.5,-7.79422863406,5.));
#2862 = DIRECTION('',(3.810511776652E-16,2.2E-16,-1.));
#2863 = DIRECTION('',(0.5,-0.866025403784,2.992E-31));
#2864 = ADVANCED_FACE('',(#2865),#2876,.F.);
#2865 = FACE_BOUND('',#2866,.F.);
#2866 = EDGE_LOOP('',(#2867,#2874,#2875));
#2867 = ORIENTED_EDGE('',*,*,#2868,.T.);
#2868 = EDGE_CURVE('',#807,#2837,#2869,.T.);
#2869 = CIRCLE('',#2870,7.5);
#2870 = AXIS2_PLACEMENT_3D('',#2871,#2872,#2873);
#2871 = CARTESIAN_POINT('',(0.,0.,5.));
#2872 = DIRECTION('',(0.,0.,1.));
#2873 = DIRECTION('',(1.,0.,0.));
#2874 = ORIENTED_EDGE('',*,*,#2845,.T.);
#2875 = ORIENTED_EDGE('',*,*,#815,.F.);
#2876 = PLANE('',#2877);
#2877 = AXIS2_PLACEMENT_3D('',#2878,#2879,#2880);
#2878 = CARTESIAN_POINT('',(-3.646507020105E-16,5.848900222367E-17,5.));
#2879 = DIRECTION('',(0.,0.,1.));
#2880 = DIRECTION('',(1.,0.,0.));
#2881 = ADVANCED_FACE('',(#2882,#2972),#3030,.T.);
#2882 = FACE_BOUND('',#2883,.F.);
#2883 = EDGE_LOOP('',(#2884,#2894,#2903,#2911,#2920,#2929,#2936,#2937,
    #2938,#2945,#2946,#2947,#2956,#2965));
#2884 = ORIENTED_EDGE('',*,*,#2885,.T.);
#2885 = EDGE_CURVE('',#2886,#2888,#2890,.T.);
#2886 = VERTEX_POINT('',#2887);
#2887 = CARTESIAN_POINT('',(-7.047694655894,-2.565151074943,5.));
#2888 = VERTEX_POINT('',#2889);
#2889 = CARTESIAN_POINT('',(-7.047694655894,-2.565151074943,12.));
#2890 = LINE('',#2891,#2892);
#2891 = CARTESIAN_POINT('',(-7.047694655894,-2.565151074943,5.));
#2892 = VECTOR('',#2893,1.);
#2893 = DIRECTION('',(-6.661338147751E-16,8.881784197001E-16,1.));
#2894 = ORIENTED_EDGE('',*,*,#2895,.T.);
#2895 = EDGE_CURVE('',#2888,#2896,#2898,.T.);
#2896 = VERTEX_POINT('',#2897);
#2897 = CARTESIAN_POINT('',(7.047694655894,-2.565151074943,12.));
#2898 = CIRCLE('',#2899,7.5);
#2899 = AXIS2_PLACEMENT_3D('',#2900,#2901,#2902);
#2900 = CARTESIAN_POINT('',(0.,0.,12.));
#2901 = DIRECTION('',(0.,0.,1.));
#2902 = DIRECTION('',(1.,0.,0.));
#2903 = ORIENTED_EDGE('',*,*,#2904,.F.);
#2904 = EDGE_CURVE('',#2905,#2896,#2907,.T.);
#2905 = VERTEX_POINT('',#2906);
#2906 = CARTESIAN_POINT('',(7.047694655894,-2.565151074943,5.));
#2907 = LINE('',#2908,#2909);
#2908 = CARTESIAN_POINT('',(7.047694655894,-2.565151074943,5.));
#2909 = VECTOR('',#2910,1.);
#2910 = DIRECTION('',(0.,-2.22044604925E-16,1.));
#2911 = ORIENTED_EDGE('',*,*,#2912,.F.);
#2912 = EDGE_CURVE('',#2913,#2905,#2915,.T.);
#2913 = VERTEX_POINT('',#2914);
#2914 = CARTESIAN_POINT('',(6.776421185703,-3.214049768433,5.));
#2915 = CIRCLE('',#2916,7.5);
#2916 = AXIS2_PLACEMENT_3D('',#2917,#2918,#2919);
#2917 = CARTESIAN_POINT('',(0.,0.,5.));
#2918 = DIRECTION('',(0.,0.,1.));
#2919 = DIRECTION('',(1.,0.,0.));
#2920 = ORIENTED_EDGE('',*,*,#2921,.F.);
#2921 = EDGE_CURVE('',#2922,#2913,#2924,.T.);
#2922 = VERTEX_POINT('',#2923);
#2923 = CARTESIAN_POINT('',(6.171659341341,-4.261528009345,5.));
#2924 = CIRCLE('',#2925,7.5);
#2925 = AXIS2_PLACEMENT_3D('',#2926,#2927,#2928);
#2926 = CARTESIAN_POINT('',(0.,0.,5.));
#2927 = DIRECTION('',(0.,0.,1.));
#2928 = DIRECTION('',(1.,0.,0.));
#2929 = ORIENTED_EDGE('',*,*,#2930,.F.);
#2930 = EDGE_CURVE('',#2837,#2922,#2931,.T.);
#2931 = CIRCLE('',#2932,7.5);
#2932 = AXIS2_PLACEMENT_3D('',#2933,#2934,#2935);
#2933 = CARTESIAN_POINT('',(0.,0.,5.));
#2934 = DIRECTION('',(0.,0.,1.));
#2935 = DIRECTION('',(1.,0.,0.));
#2936 = ORIENTED_EDGE('',*,*,#2868,.F.);
#2937 = ORIENTED_EDGE('',*,*,#848,.F.);
#2938 = ORIENTED_EDGE('',*,*,#2939,.F.);
#2939 = EDGE_CURVE('',#927,#849,#2940,.T.);
#2940 = CIRCLE('',#2941,7.5);
#2941 = AXIS2_PLACEMENT_3D('',#2942,#2943,#2944);
#2942 = CARTESIAN_POINT('',(0.,0.,5.));
#2943 = DIRECTION('',(0.,0.,1.));
#2944 = DIRECTION('',(1.,0.,0.));
#2945 = ORIENTED_EDGE('',*,*,#953,.F.);
#2946 = ORIENTED_EDGE('',*,*,#1036,.F.);
#2947 = ORIENTED_EDGE('',*,*,#2948,.F.);
#2948 = EDGE_CURVE('',#2949,#1005,#2951,.T.);
#2949 = VERTEX_POINT('',#2950);
#2950 = CARTESIAN_POINT('',(-6.171659341341,-4.261528009345,5.));
#2951 = CIRCLE('',#2952,7.5);
#2952 = AXIS2_PLACEMENT_3D('',#2953,#2954,#2955);
#2953 = CARTESIAN_POINT('',(0.,0.,5.));
#2954 = DIRECTION('',(0.,0.,1.));
#2955 = DIRECTION('',(1.,0.,0.));
#2956 = ORIENTED_EDGE('',*,*,#2957,.F.);
#2957 = EDGE_CURVE('',#2958,#2949,#2960,.T.);
#2958 = VERTEX_POINT('',#2959);
#2959 = CARTESIAN_POINT('',(-6.776421185703,-3.214049768433,5.));
#2960 = CIRCLE('',#2961,7.5);
#2961 = AXIS2_PLACEMENT_3D('',#2962,#2963,#2964);
#2962 = CARTESIAN_POINT('',(0.,0.,5.));
#2963 = DIRECTION('',(0.,0.,1.));
#2964 = DIRECTION('',(1.,0.,0.));
#2965 = ORIENTED_EDGE('',*,*,#2966,.F.);
#2966 = EDGE_CURVE('',#2886,#2958,#2967,.T.);
#2967 = CIRCLE('',#2968,7.5);
#2968 = AXIS2_PLACEMENT_3D('',#2969,#2970,#2971);
#2969 = CARTESIAN_POINT('',(0.,0.,5.));
#2970 = DIRECTION('',(0.,0.,1.));
#2971 = DIRECTION('',(1.,0.,0.));
#2972 = FACE_BOUND('',#2973,.F.);
#2973 = EDGE_LOOP('',(#2974));
#2974 = ORIENTED_EDGE('',*,*,#2975,.F.);
#2975 = EDGE_CURVE('',#2976,#2976,#2978,.T.);
#2976 = VERTEX_POINT('',#2977);
#2977 = CARTESIAN_POINT('',(-1.75,-7.292976072907,8.326555));
#2978 = B_SPLINE_CURVE_WITH_KNOTS('',8,(#2979,#2980,#2981,#2982,#2983,
    #2984,#2985,#2986,#2987,#2988,#2989,#2990,#2991,#2992,#2993,#2994,
    #2995,#2996,#2997,#2998,#2999,#3000,#3001,#3002,#3003,#3004,#3005,
    #3006,#3007,#3008,#3009,#3010,#3011,#3012,#3013,#3014,#3015,#3016,
    #3017,#3018,#3019,#3020,#3021,#3022,#3023,#3024,#3025,#3026,#3027,
    #3028,#3029),.UNSPECIFIED.,.T.,.F.,(9,7,7,7,7,7,7,9),(0.,
    0.153448850054,0.287013937324,0.423700385521,0.577667885539,
    0.705804287777,0.828455137139,1.),.UNSPECIFIED.);
#2979 = CARTESIAN_POINT('',(-1.75,-7.292976072907,8.326555));
#2980 = CARTESIAN_POINT('',(-1.75,-7.292976072907,8.510431538832));
#2981 = CARTESIAN_POINT('',(-1.727920461849,-7.298274079624,
    8.69404583077));
#2982 = CARTESIAN_POINT('',(-1.683866553401,-7.308845633866,
    8.87575279277));
#2983 = CARTESIAN_POINT('',(-1.617507668816,-7.324372246774,
    9.053743989019));
#2984 = CARTESIAN_POINT('',(-1.528229008485,-7.34422131308,9.22585261049
    ));
#2985 = CARTESIAN_POINT('',(-1.415255008836,-7.367342662068,
    9.389348894988));
#2986 = CARTESIAN_POINT('',(-1.277823814099,-7.392165720717,
    9.540660604274));
#2987 = CARTESIAN_POINT('',(-0.974194961552,-7.437833062381,
    9.791844235974));
#2988 = CARTESIAN_POINT('',(-0.808904048432,-7.459547480672,
    9.900083332378));
#2989 = CARTESIAN_POINT('',(-0.622163438143,-7.479508902309,
    9.99050154864));
#2990 = CARTESIAN_POINT('',(-0.418555493642,-7.495107465618,
    10.056373360881));
#2991 = CARTESIAN_POINT('',(-0.204176337392,-7.504063831687,
    10.09332099156));
#2992 = CARTESIAN_POINT('',(1.41482790584E-02,-7.505351112424,
    10.099250101778));
#2993 = CARTESIAN_POINT('',(0.229422545541,-7.499323685235,
    10.074412077201));
#2994 = CARTESIAN_POINT('',(0.645801164316,-7.475121435147,
    9.967504218509));
#2995 = CARTESIAN_POINT('',(0.839606254475,-7.457063703512,
    9.885870577794));
#2996 = CARTESIAN_POINT('',(1.014408213603,-7.435170912834,
    9.782063477538));
#2997 = CARTESIAN_POINT('',(1.169070717486,-7.411536709679,9.66064205051
    ));
#2998 = CARTESIAN_POINT('',(1.303129902721,-7.388018746402,
    9.525578434626));
#2999 = CARTESIAN_POINT('',(1.416585625314,-7.366096980798,
    9.380384424595));
#3000 = CARTESIAN_POINT('',(1.50980420923,-7.346847458556,9.228168383194
    ));
#3001 = CARTESIAN_POINT('',(1.666401059374,-7.313023305641,
    8.895383137062));
#3002 = CARTESIAN_POINT('',(1.726028246608,-7.299021391852,
    8.710449300984));
#3003 = CARTESIAN_POINT('',(1.761942713433,-7.290112184785,
    8.519889187472));
#3004 = CARTESIAN_POINT('',(1.773936062297,-7.287055111965,8.326555));
#3005 = CARTESIAN_POINT('',(1.761942713433,-7.290112184785,
    8.133220812528));
#3006 = CARTESIAN_POINT('',(1.726028246608,-7.299021391852,
    7.942660699016));
#3007 = CARTESIAN_POINT('',(1.666401059374,-7.313023305641,
    7.757726862939));
#3008 = CARTESIAN_POINT('',(1.514410753452,-7.345852467559,
    7.434731021582));
#3009 = CARTESIAN_POINT('',(1.428315177217,-7.363670833581,7.29209160226
    ));
#3010 = CARTESIAN_POINT('',(1.324661568907,-7.383838699037,
    7.155581712591));
#3011 = CARTESIAN_POINT('',(1.203098923129,-7.405511054584,
    7.027578322043));
#3012 = CARTESIAN_POINT('',(1.063493788332,-7.427545080339,
    6.910815236133));
#3013 = CARTESIAN_POINT('',(0.906018863241,-7.448498881783,
    6.808439293246));
#3014 = CARTESIAN_POINT('',(0.731314850098,-7.46670422251,6.724114706527
    ));
#3015 = CARTESIAN_POINT('',(0.358401488079,-7.493662924869,
    6.602947810219));
#3016 = CARTESIAN_POINT('',(0.164002101901,-7.502608278601,
    6.565034844833));
#3017 = CARTESIAN_POINT('',(-3.714099867758E-02,-7.505790047093,
    6.552410607202));
#3018 = CARTESIAN_POINT('',(-0.238975341291,-7.502348993141,
    6.566690641648));
#3019 = CARTESIAN_POINT('',(-0.435279219192,-7.492517427878,
    6.607299479418));
#3020 = CARTESIAN_POINT('',(-0.620186099279,-7.477703117644,
    6.671533667158));
#3021 = CARTESIAN_POINT('',(-0.788808706399,-7.459912903953,
    6.754493815112));
#3022 = CARTESIAN_POINT('',(-1.145938443379,-7.414909186758,
    6.981135237927));
#3023 = CARTESIAN_POINT('',(-1.322353322498,-7.385912114873,
    7.14014057758));
#3024 = CARTESIAN_POINT('',(-1.467099698163,-7.357664997871,
    7.317766086828));
#3025 = CARTESIAN_POINT('',(-1.581249064517,-7.332832998231,
    7.508338875874));
#3026 = CARTESIAN_POINT('',(-1.665901092217,-7.313155360801,
    7.70758961905));
#3027 = CARTESIAN_POINT('',(-1.721967286764,-7.299702886358,
    7.912185312503));
#3028 = CARTESIAN_POINT('',(-1.75,-7.292976072907,8.119371676773));
#3029 = CARTESIAN_POINT('',(-1.75,-7.292976072907,8.326555));
#3030 = CYLINDRICAL_SURFACE('',#3031,7.5);
#3031 = AXIS2_PLACEMENT_3D('',#3032,#3033,#3034);
#3032 = CARTESIAN_POINT('',(0.,0.,5.));
#3033 = DIRECTION('',(-0.,-0.,-1.));
#3034 = DIRECTION('',(1.,0.,0.));
#3035 = ADVANCED_FACE('',(#3036),#3041,.F.);
#3036 = FACE_BOUND('',#3037,.F.);
#3037 = EDGE_LOOP('',(#3038,#3039,#3040));
#3038 = ORIENTED_EDGE('',*,*,#2939,.T.);
#3039 = ORIENTED_EDGE('',*,*,#875,.T.);
#3040 = ORIENTED_EDGE('',*,*,#935,.F.);
#3041 = PLANE('',#3042);
#3042 = AXIS2_PLACEMENT_3D('',#3043,#3044,#3045);
#3043 = CARTESIAN_POINT('',(-3.646507020105E-16,5.848900222367E-17,5.));
#3044 = DIRECTION('',(0.,0.,1.));
#3045 = DIRECTION('',(1.,0.,0.));
#3046 = ADVANCED_FACE('',(#3047),#3058,.F.);
#3047 = FACE_BOUND('',#3048,.F.);
#3048 = EDGE_LOOP('',(#3049,#3056,#3057));
#3049 = ORIENTED_EDGE('',*,*,#3050,.T.);
#3050 = EDGE_CURVE('',#971,#997,#3051,.T.);
#3051 = CIRCLE('',#3052,9.);
#3052 = AXIS2_PLACEMENT_3D('',#3053,#3054,#3055);
#3053 = CARTESIAN_POINT('',(-1.394300900093E-15,8.05E-16,1.32));
#3054 = DIRECTION('',(1.056550992617E-15,-6.1E-16,-1.));
#3055 = DIRECTION('',(-0.5,-0.866025403784,4.930380657631E-32));
#3056 = ORIENTED_EDGE('',*,*,#1021,.T.);
#3057 = ORIENTED_EDGE('',*,*,#980,.T.);
#3058 = PLANE('',#3059);
#3059 = AXIS2_PLACEMENT_3D('',#3060,#3061,#3062);
#3060 = CARTESIAN_POINT('',(-4.5,-7.79422863406,1.32));
#3061 = DIRECTION('',(8.660254037844E-16,-5.E-16,-1.));
#3062 = DIRECTION('',(-0.5,-0.866025403784,-1.306961934237E-31));
#3063 = ADVANCED_FACE('',(#3064),#3076,.T.);
#3064 = FACE_BOUND('',#3065,.T.);
#3065 = EDGE_LOOP('',(#3066,#3067,#3068,#3075));
#3066 = ORIENTED_EDGE('',*,*,#1004,.T.);
#3067 = ORIENTED_EDGE('',*,*,#2948,.F.);
#3068 = ORIENTED_EDGE('',*,*,#3069,.F.);
#3069 = EDGE_CURVE('',#2417,#2949,#3070,.T.);
#3070 = CIRCLE('',#3071,1.64);
#3071 = AXIS2_PLACEMENT_3D('',#3072,#3073,#3074);
#3072 = CARTESIAN_POINT('',(-7.79422863406,-4.5,5.));
#3073 = DIRECTION('',(-7.2E-16,1.24707658145E-15,1.));
#3074 = DIRECTION('',(-0.866025403784,-0.5,8.805923868474E-31));
#3075 = ORIENTED_EDGE('',*,*,#2424,.T.);
#3076 = PLANE('',#3077);
#3077 = AXIS2_PLACEMENT_3D('',#3078,#3079,#3080);
#3078 = CARTESIAN_POINT('',(-3.E-16,2.4E-16,5.));
#3079 = DIRECTION('',(0.,0.,1.));
#3080 = DIRECTION('',(1.,0.,0.));
#3081 = ADVANCED_FACE('',(#3082),#3087,.F.);
#3082 = FACE_BOUND('',#3083,.T.);
#3083 = EDGE_LOOP('',(#3084,#3085,#3086));
#3084 = ORIENTED_EDGE('',*,*,#1053,.F.);
#3085 = ORIENTED_EDGE('',*,*,#3050,.T.);
#3086 = ORIENTED_EDGE('',*,*,#1069,.F.);
#3087 = PLANE('',#3088);
#3088 = AXIS2_PLACEMENT_3D('',#3089,#3090,#3091);
#3089 = CARTESIAN_POINT('',(-1.394300900093E-15,8.05E-16,1.32));
#3090 = DIRECTION('',(1.056550992617E-15,-6.1E-16,-1.));
#3091 = DIRECTION('',(-0.5,-0.866025403784,4.930380657631E-32));
#3092 = ADVANCED_FACE('',(#3093),#3104,.T.);
#3093 = FACE_BOUND('',#3094,.T.);
#3094 = EDGE_LOOP('',(#3095,#3096,#3097,#3098));
#3095 = ORIENTED_EDGE('',*,*,#2172,.F.);
#3096 = ORIENTED_EDGE('',*,*,#1085,.F.);
#3097 = ORIENTED_EDGE('',*,*,#2433,.F.);
#3098 = ORIENTED_EDGE('',*,*,#3099,.F.);
#3099 = EDGE_CURVE('',#2164,#2434,#3100,.T.);
#3100 = LINE('',#3101,#3102);
#3101 = CARTESIAN_POINT('',(-9.092272676623,-10.6456835184,3.4));
#3102 = VECTOR('',#3103,1.);
#3103 = DIRECTION('',(0.64944804833,0.7604059656,1.822355254921E-16));
#3104 = PLANE('',#3105);
#3105 = AXIS2_PLACEMENT_3D('',#3106,#3107,#3108);
#3106 = CARTESIAN_POINT('',(-7.468652555797,-8.7446686044,1.7));
#3107 = DIRECTION('',(0.7604059656,-0.64944804833,1.233254907564E-15));
#3108 = DIRECTION('',(-0.64944804833,-0.7604059656,-1.822355254921E-16)
  );
#3109 = ADVANCED_FACE('',(#3110),#3144,.T.);
#3110 = FACE_BOUND('',#3111,.T.);
#3111 = EDGE_LOOP('',(#3112,#3113,#3114,#3120,#3121,#3130,#3137,#3138));
#3112 = ORIENTED_EDGE('',*,*,#1176,.F.);
#3113 = ORIENTED_EDGE('',*,*,#1144,.T.);
#3114 = ORIENTED_EDGE('',*,*,#3115,.F.);
#3115 = EDGE_CURVE('',#1318,#1147,#3116,.T.);
#3116 = LINE('',#3117,#3118);
#3117 = CARTESIAN_POINT('',(8.849294168076,1.640119729429,1.32));
#3118 = VECTOR('',#3119,1.);
#3119 = DIRECTION('',(0.983254907564,0.182235525492,8.E-17));
#3120 = ORIENTED_EDGE('',*,*,#1315,.F.);
#3121 = ORIENTED_EDGE('',*,*,#3122,.T.);
#3122 = EDGE_CURVE('',#1316,#3123,#3125,.T.);
#3123 = VERTEX_POINT('',#3124);
#3124 = CARTESIAN_POINT('',(7.36,0.,1.32));
#3125 = CIRCLE('',#3126,1.64);
#3126 = AXIS2_PLACEMENT_3D('',#3127,#3128,#3129);
#3127 = CARTESIAN_POINT('',(9.,-5.9E-16,1.32));
#3128 = DIRECTION('',(0.,-4.4E-16,1.));
#3129 = DIRECTION('',(1.,1.8E-16,7.92E-32));
#3130 = ORIENTED_EDGE('',*,*,#3131,.F.);
#3131 = EDGE_CURVE('',#1514,#3123,#3132,.T.);
#3132 = CIRCLE('',#3133,1.64);
#3133 = AXIS2_PLACEMENT_3D('',#3134,#3135,#3136);
#3134 = CARTESIAN_POINT('',(9.,0.,1.32));
#3135 = DIRECTION('',(0.,-0.,-1.));
#3136 = DIRECTION('',(1.,-1.8E-16,0.));
#3137 = ORIENTED_EDGE('',*,*,#1521,.T.);
#3138 = ORIENTED_EDGE('',*,*,#3139,.T.);
#3139 = EDGE_CURVE('',#1522,#1177,#3140,.T.);
#3140 = LINE('',#3141,#3142);
#3141 = CARTESIAN_POINT('',(8.849294168076,-1.640119729429,1.32));
#3142 = VECTOR('',#3143,1.);
#3143 = DIRECTION('',(0.983254907564,-0.182235525492,0.));
#3144 = PLANE('',#3145);
#3145 = AXIS2_PLACEMENT_3D('',#3146,#3147,#3148);
#3146 = CARTESIAN_POINT('',(11.160873122008,4.452355559352E-17,1.32));
#3147 = DIRECTION('',(0.,-2.242917600792E-16,1.));
#3148 = DIRECTION('',(0.,1.,2.242917600792E-16));
#3149 = ADVANCED_FACE('',(#3150),#3161,.F.);
#3150 = FACE_BOUND('',#3151,.T.);
#3151 = EDGE_LOOP('',(#3152,#3153,#3154,#3155));
#3152 = ORIENTED_EDGE('',*,*,#1210,.T.);
#3153 = ORIENTED_EDGE('',*,*,#1269,.T.);
#3154 = ORIENTED_EDGE('',*,*,#1428,.F.);
#3155 = ORIENTED_EDGE('',*,*,#3156,.F.);
#3156 = EDGE_CURVE('',#1211,#1429,#3157,.T.);
#3157 = LINE('',#3158,#3159);
#3158 = CARTESIAN_POINT('',(13.765568705895,2.55129735689,3.4));
#3159 = VECTOR('',#3160,1.);
#3160 = DIRECTION('',(-0.983254907564,-0.182235525492,0.));
#3161 = PLANE('',#3162);
#3162 = AXIS2_PLACEMENT_3D('',#3163,#3164,#3165);
#3163 = CARTESIAN_POINT('',(3.E-17,-1.08E-15,3.4));
#3164 = DIRECTION('',(0.,2.8E-16,-1.));
#3165 = DIRECTION('',(-0.983254907564,-0.182235525492,-5.10259471378E-17
    ));
#3166 = ADVANCED_FACE('',(#3167),#3173,.T.);
#3167 = FACE_BOUND('',#3168,.F.);
#3168 = EDGE_LOOP('',(#3169,#3170,#3171,#3172));
#3169 = ORIENTED_EDGE('',*,*,#1219,.F.);
#3170 = ORIENTED_EDGE('',*,*,#3115,.F.);
#3171 = ORIENTED_EDGE('',*,*,#1437,.F.);
#3172 = ORIENTED_EDGE('',*,*,#3156,.F.);
#3173 = PLANE('',#3174);
#3174 = AXIS2_PLACEMENT_3D('',#3175,#3176,#3177);
#3175 = CARTESIAN_POINT('',(11.307431436985,2.09570854316,1.7));
#3176 = DIRECTION('',(0.182235525492,-0.983254907564,-1.8E-16));
#3177 = DIRECTION('',(-0.983254907564,-0.182235525492,-8.E-17));
#3178 = ADVANCED_FACE('',(#3179),#3190,.F.);
#3179 = FACE_BOUND('',#3180,.F.);
#3180 = EDGE_LOOP('',(#3181,#3182,#3183,#3184));
#3181 = ORIENTED_EDGE('',*,*,#1243,.T.);
#3182 = ORIENTED_EDGE('',*,*,#1293,.T.);
#3183 = ORIENTED_EDGE('',*,*,#1538,.F.);
#3184 = ORIENTED_EDGE('',*,*,#3185,.F.);
#3185 = EDGE_CURVE('',#1244,#1531,#3186,.T.);
#3186 = LINE('',#3187,#3188);
#3187 = CARTESIAN_POINT('',(13.765568705895,-2.55129735689,3.4));
#3188 = VECTOR('',#3189,1.);
#3189 = DIRECTION('',(-0.983254907564,0.182235525492,0.));
#3190 = PLANE('',#3191);
#3191 = AXIS2_PLACEMENT_3D('',#3192,#3193,#3194);
#3192 = CARTESIAN_POINT('',(3.E-17,-4.3E-16,3.4));
#3193 = DIRECTION('',(0.,1.7E-16,-1.));
#3194 = DIRECTION('',(0.983254907564,-0.182235525492,-3.098003933367E-17
    ));
#3195 = ADVANCED_FACE('',(#3196),#3202,.T.);
#3196 = FACE_BOUND('',#3197,.T.);
#3197 = EDGE_LOOP('',(#3198,#3199,#3200,#3201));
#3198 = ORIENTED_EDGE('',*,*,#1252,.F.);
#3199 = ORIENTED_EDGE('',*,*,#3139,.F.);
#3200 = ORIENTED_EDGE('',*,*,#1530,.F.);
#3201 = ORIENTED_EDGE('',*,*,#3185,.F.);
#3202 = PLANE('',#3203);
#3203 = AXIS2_PLACEMENT_3D('',#3204,#3205,#3206);
#3204 = CARTESIAN_POINT('',(11.307431436985,-2.09570854316,1.7));
#3205 = DIRECTION('',(0.182235525492,0.983254907564,2.5E-16));
#3206 = DIRECTION('',(0.983254907564,-0.182235525492,0.));
#3207 = ADVANCED_FACE('',(#3208),#3219,.F.);
#3208 = FACE_BOUND('',#3209,.F.);
#3209 = EDGE_LOOP('',(#3210,#3211,#3212,#3213));
#3210 = ORIENTED_EDGE('',*,*,#1637,.T.);
#3211 = ORIENTED_EDGE('',*,*,#1596,.T.);
#3212 = ORIENTED_EDGE('',*,*,#1411,.F.);
#3213 = ORIENTED_EDGE('',*,*,#3214,.F.);
#3214 = EDGE_CURVE('',#1638,#1404,#3215,.T.);
#3215 = LINE('',#3216,#3217);
#3216 = CARTESIAN_POINT('',(9.092272676623,10.6456835184,3.4));
#3217 = VECTOR('',#3218,1.);
#3218 = DIRECTION('',(-0.64944804833,-0.7604059656,0.));
#3219 = PLANE('',#3220);
#3220 = AXIS2_PLACEMENT_3D('',#3221,#3222,#3223);
#3221 = CARTESIAN_POINT('',(3.873909236273E-16,-1.890192378865E-16,3.4)
  );
#3222 = DIRECTION('',(-1.472243186434E-16,8.5E-17,-1.));
#3223 = DIRECTION('',(0.64944804833,0.7604059656,-3.098003933366E-17));
#3224 = ADVANCED_FACE('',(#3225),#3236,.T.);
#3225 = FACE_BOUND('',#3226,.T.);
#3226 = EDGE_LOOP('',(#3227,#3228,#3234,#3235));
#3227 = ORIENTED_EDGE('',*,*,#1646,.F.);
#3228 = ORIENTED_EDGE('',*,*,#3229,.F.);
#3229 = EDGE_CURVE('',#1395,#1647,#3230,.T.);
#3230 = LINE('',#3231,#3232);
#3231 = CARTESIAN_POINT('',(5.845032434972,6.8436536904,1.32));
#3232 = VECTOR('',#3233,1.);
#3233 = DIRECTION('',(0.64944804833,0.7604059656,0.));
#3234 = ORIENTED_EDGE('',*,*,#1403,.F.);
#3235 = ORIENTED_EDGE('',*,*,#3214,.F.);
#3236 = PLANE('',#3237);
#3237 = AXIS2_PLACEMENT_3D('',#3238,#3239,#3240);
#3238 = CARTESIAN_POINT('',(7.468652555797,8.7446686044,1.7));
#3239 = DIRECTION('',(-0.7604059656,0.64944804833,2.5E-16));
#3240 = DIRECTION('',(0.64944804833,0.7604059656,0.));
#3241 = ADVANCED_FACE('',(#3242),#3262,.F.);
#3242 = FACE_BOUND('',#3243,.T.);
#3243 = EDGE_LOOP('',(#3244,#3253,#3254,#3255,#3256));
#3244 = ORIENTED_EDGE('',*,*,#3245,.T.);
#3245 = EDGE_CURVE('',#3246,#1387,#3248,.T.);
#3246 = VERTEX_POINT('',#3247);
#3247 = CARTESIAN_POINT('',(5.32,9.214510296266,1.32));
#3248 = CIRCLE('',#3249,1.64);
#3249 = AXIS2_PLACEMENT_3D('',#3250,#3251,#3252);
#3250 = CARTESIAN_POINT('',(4.5,7.79422863406,1.32));
#3251 = DIRECTION('',(0.,0.,-1.));
#3252 = DIRECTION('',(0.5,0.866025403784,0.));
#3253 = ORIENTED_EDGE('',*,*,#1394,.T.);
#3254 = ORIENTED_EDGE('',*,*,#3229,.T.);
#3255 = ORIENTED_EDGE('',*,*,#1701,.F.);
#3256 = ORIENTED_EDGE('',*,*,#3257,.F.);
#3257 = EDGE_CURVE('',#3246,#1702,#3258,.T.);
#3258 = LINE('',#3259,#3260);
#3259 = CARTESIAN_POINT('',(4.5,7.79422863406,1.32));
#3260 = VECTOR('',#3261,1.);
#3261 = DIRECTION('',(0.5,0.866025403784,0.));
#3262 = PLANE('',#3263);
#3263 = AXIS2_PLACEMENT_3D('',#3264,#3265,#3266);
#3264 = CARTESIAN_POINT('',(2.511473670975E-16,-1.45E-16,1.32));
#3265 = DIRECTION('',(-1.905255888326E-16,1.1E-16,-1.));
#3266 = DIRECTION('',(0.5,0.866025403784,0.));
#3267 = ADVANCED_FACE('',(#3268),#3304,.F.);
#3268 = FACE_BOUND('',#3269,.F.);
#3269 = EDGE_LOOP('',(#3270,#3271,#3280,#3289,#3297));
#3270 = ORIENTED_EDGE('',*,*,#1386,.F.);
#3271 = ORIENTED_EDGE('',*,*,#3272,.T.);
#3272 = EDGE_CURVE('',#1378,#3273,#3275,.T.);
#3273 = VERTEX_POINT('',#3274);
#3274 = CARTESIAN_POINT('',(4.261528009345,6.171659341341,5.));
#3275 = CIRCLE('',#3276,1.64);
#3276 = AXIS2_PLACEMENT_3D('',#3277,#3278,#3279);
#3277 = CARTESIAN_POINT('',(4.5,7.79422863406,5.));
#3278 = DIRECTION('',(0.,0.,-1.));
#3279 = DIRECTION('',(0.5,0.866025403784,0.));
#3280 = ORIENTED_EDGE('',*,*,#3281,.T.);
#3281 = EDGE_CURVE('',#3273,#3282,#3284,.T.);
#3282 = VERTEX_POINT('',#3283);
#3283 = CARTESIAN_POINT('',(3.68,6.373946971853,5.));
#3284 = CIRCLE('',#3285,1.64);
#3285 = AXIS2_PLACEMENT_3D('',#3286,#3287,#3288);
#3286 = CARTESIAN_POINT('',(4.5,7.79422863406,5.));
#3287 = DIRECTION('',(0.,0.,-1.));
#3288 = DIRECTION('',(0.5,0.866025403784,0.));
#3289 = ORIENTED_EDGE('',*,*,#3290,.T.);
#3290 = EDGE_CURVE('',#3282,#3291,#3293,.T.);
#3291 = VERTEX_POINT('',#3292);
#3292 = CARTESIAN_POINT('',(3.68,6.373946971853,1.32));
#3293 = LINE('',#3294,#3295);
#3294 = CARTESIAN_POINT('',(3.68,6.373946971853,5.));
#3295 = VECTOR('',#3296,1.);
#3296 = DIRECTION('',(-0.,0.,-1.));
#3297 = ORIENTED_EDGE('',*,*,#3298,.F.);
#3298 = EDGE_CURVE('',#1387,#3291,#3299,.T.);
#3299 = CIRCLE('',#3300,1.64);
#3300 = AXIS2_PLACEMENT_3D('',#3301,#3302,#3303);
#3301 = CARTESIAN_POINT('',(4.5,7.79422863406,1.32));
#3302 = DIRECTION('',(0.,0.,-1.));
#3303 = DIRECTION('',(0.5,0.866025403784,0.));
#3304 = CYLINDRICAL_SURFACE('',#3305,1.64);
#3305 = AXIS2_PLACEMENT_3D('',#3306,#3307,#3308);
#3306 = CARTESIAN_POINT('',(4.5,7.79422863406,5.));
#3307 = DIRECTION('',(0.,-0.,-1.));
#3308 = DIRECTION('',(0.5,0.866025403784,0.));
#3309 = ADVANCED_FACE('',(#3310),#3330,.T.);
#3310 = FACE_BOUND('',#3311,.T.);
#3311 = EDGE_LOOP('',(#3312,#3321,#3328,#3329));
#3312 = ORIENTED_EDGE('',*,*,#3313,.F.);
#3313 = EDGE_CURVE('',#3314,#3273,#3316,.T.);
#3314 = VERTEX_POINT('',#3315);
#3315 = CARTESIAN_POINT('',(6.171659341341,4.261528009345,5.));
#3316 = CIRCLE('',#3317,7.5);
#3317 = AXIS2_PLACEMENT_3D('',#3318,#3319,#3320);
#3318 = CARTESIAN_POINT('',(0.,0.,5.));
#3319 = DIRECTION('',(0.,0.,1.));
#3320 = DIRECTION('',(1.,0.,0.));
#3321 = ORIENTED_EDGE('',*,*,#3322,.F.);
#3322 = EDGE_CURVE('',#1370,#3314,#3323,.T.);
#3323 = CIRCLE('',#3324,1.64);
#3324 = AXIS2_PLACEMENT_3D('',#3325,#3326,#3327);
#3325 = CARTESIAN_POINT('',(7.79422863406,4.5,5.));
#3326 = DIRECTION('',(2.2E-16,-3.810511776652E-16,1.));
#3327 = DIRECTION('',(0.866025403784,0.5,2.992E-31));
#3328 = ORIENTED_EDGE('',*,*,#1377,.T.);
#3329 = ORIENTED_EDGE('',*,*,#3272,.T.);
#3330 = PLANE('',#3331);
#3331 = AXIS2_PLACEMENT_3D('',#3332,#3333,#3334);
#3332 = CARTESIAN_POINT('',(-3.E-16,2.4E-16,5.));
#3333 = DIRECTION('',(0.,0.,1.));
#3334 = DIRECTION('',(1.,0.,0.));
#3335 = ADVANCED_FACE('',(#3336),#3364,.F.);
#3336 = FACE_BOUND('',#3337,.T.);
#3337 = EDGE_LOOP('',(#3338,#3339,#3340,#3349,#3357));
#3338 = ORIENTED_EDGE('',*,*,#1369,.F.);
#3339 = ORIENTED_EDGE('',*,*,#3322,.T.);
#3340 = ORIENTED_EDGE('',*,*,#3341,.T.);
#3341 = EDGE_CURVE('',#3314,#3342,#3344,.T.);
#3342 = VERTEX_POINT('',#3343);
#3343 = CARTESIAN_POINT('',(6.373946971853,3.68,5.));
#3344 = CIRCLE('',#3345,1.64);
#3345 = AXIS2_PLACEMENT_3D('',#3346,#3347,#3348);
#3346 = CARTESIAN_POINT('',(7.79422863406,4.5,5.));
#3347 = DIRECTION('',(2.2E-16,-3.810511776652E-16,1.));
#3348 = DIRECTION('',(0.866025403784,0.5,2.992E-31));
#3349 = ORIENTED_EDGE('',*,*,#3350,.T.);
#3350 = EDGE_CURVE('',#3342,#3351,#3353,.T.);
#3351 = VERTEX_POINT('',#3352);
#3352 = CARTESIAN_POINT('',(6.373946971853,3.68,1.32));
#3353 = LINE('',#3354,#3355);
#3354 = CARTESIAN_POINT('',(6.373946971853,3.68,5.));
#3355 = VECTOR('',#3356,1.);
#3356 = DIRECTION('',(-0.,0.,-1.));
#3357 = ORIENTED_EDGE('',*,*,#3358,.F.);
#3358 = EDGE_CURVE('',#1361,#3351,#3359,.T.);
#3359 = CIRCLE('',#3360,1.64);
#3360 = AXIS2_PLACEMENT_3D('',#3361,#3362,#3363);
#3361 = CARTESIAN_POINT('',(7.79422863406,4.5,1.32));
#3362 = DIRECTION('',(2.2E-16,-3.810511776652E-16,1.));
#3363 = DIRECTION('',(0.866025403784,0.5,7.92E-32));
#3364 = CYLINDRICAL_SURFACE('',#3365,1.64);
#3365 = AXIS2_PLACEMENT_3D('',#3366,#3367,#3368);
#3366 = CARTESIAN_POINT('',(7.79422863406,4.5,5.));
#3367 = DIRECTION('',(-2.2E-16,3.810511776652E-16,-1.));
#3368 = DIRECTION('',(0.866025403784,0.5,2.992E-31));
#3369 = ADVANCED_FACE('',(#3370),#3380,.F.);
#3370 = FACE_BOUND('',#3371,.T.);
#3371 = EDGE_LOOP('',(#3372,#3373,#3374));
#3372 = ORIENTED_EDGE('',*,*,#1360,.F.);
#3373 = ORIENTED_EDGE('',*,*,#3358,.T.);
#3374 = ORIENTED_EDGE('',*,*,#3375,.T.);
#3375 = EDGE_CURVE('',#3351,#1352,#3376,.T.);
#3376 = LINE('',#3377,#3378);
#3377 = CARTESIAN_POINT('',(6.373946971853,3.68,1.32));
#3378 = VECTOR('',#3379,1.);
#3379 = DIRECTION('',(0.866025403784,0.5,0.));
#3380 = PLANE('',#3381);
#3381 = AXIS2_PLACEMENT_3D('',#3382,#3383,#3384);
#3382 = CARTESIAN_POINT('',(7.79422863406,4.5,1.32));
#3383 = DIRECTION('',(-2.2E-16,3.810511776652E-16,-1.));
#3384 = DIRECTION('',(-0.866025403784,-0.5,-7.92E-32));
#3385 = ADVANCED_FACE('',(#3386),#3397,.F.);
#3386 = FACE_BOUND('',#3387,.F.);
#3387 = EDGE_LOOP('',(#3388,#3389,#3396));
#3388 = ORIENTED_EDGE('',*,*,#1351,.T.);
#3389 = ORIENTED_EDGE('',*,*,#3390,.T.);
#3390 = EDGE_CURVE('',#1344,#3351,#3391,.T.);
#3391 = CIRCLE('',#3392,1.64);
#3392 = AXIS2_PLACEMENT_3D('',#3393,#3394,#3395);
#3393 = CARTESIAN_POINT('',(7.79422863406,4.5,1.32));
#3394 = DIRECTION('',(0.,0.,-1.));
#3395 = DIRECTION('',(0.866025403784,0.5,0.));
#3396 = ORIENTED_EDGE('',*,*,#3375,.T.);
#3397 = PLANE('',#3398);
#3398 = AXIS2_PLACEMENT_3D('',#3399,#3400,#3401);
#3399 = CARTESIAN_POINT('',(7.79422863406,4.5,1.32));
#3400 = DIRECTION('',(0.,-0.,-1.));
#3401 = DIRECTION('',(0.866025403784,0.5,0.));
#3402 = ADVANCED_FACE('',(#3403),#3424,.F.);
#3403 = FACE_BOUND('',#3404,.F.);
#3404 = EDGE_LOOP('',(#3405,#3406,#3415,#3422,#3423));
#3405 = ORIENTED_EDGE('',*,*,#1343,.F.);
#3406 = ORIENTED_EDGE('',*,*,#3407,.T.);
#3407 = EDGE_CURVE('',#1335,#3408,#3410,.T.);
#3408 = VERTEX_POINT('',#3409);
#3409 = CARTESIAN_POINT('',(6.776421185703,3.214049768433,5.));
#3410 = CIRCLE('',#3411,1.64);
#3411 = AXIS2_PLACEMENT_3D('',#3412,#3413,#3414);
#3412 = CARTESIAN_POINT('',(7.79422863406,4.5,5.));
#3413 = DIRECTION('',(0.,0.,-1.));
#3414 = DIRECTION('',(0.866025403784,0.5,0.));
#3415 = ORIENTED_EDGE('',*,*,#3416,.T.);
#3416 = EDGE_CURVE('',#3408,#3342,#3417,.T.);
#3417 = CIRCLE('',#3418,1.64);
#3418 = AXIS2_PLACEMENT_3D('',#3419,#3420,#3421);
#3419 = CARTESIAN_POINT('',(7.79422863406,4.5,5.));
#3420 = DIRECTION('',(0.,0.,-1.));
#3421 = DIRECTION('',(0.866025403784,0.5,0.));
#3422 = ORIENTED_EDGE('',*,*,#3350,.T.);
#3423 = ORIENTED_EDGE('',*,*,#3390,.F.);
#3424 = CYLINDRICAL_SURFACE('',#3425,1.64);
#3425 = AXIS2_PLACEMENT_3D('',#3426,#3427,#3428);
#3426 = CARTESIAN_POINT('',(7.79422863406,4.5,5.));
#3427 = DIRECTION('',(0.,-0.,-1.));
#3428 = DIRECTION('',(0.866025403784,0.5,0.));
#3429 = ADVANCED_FACE('',(#3430),#3518,.T.);
#3430 = FACE_BOUND('',#3431,.T.);
#3431 = EDGE_LOOP('',(#3432,#3441,#3449,#3458,#3467,#3473,#3474,#3481,
    #3482,#3491,#3500,#3509,#3516,#3517));
#3432 = ORIENTED_EDGE('',*,*,#3433,.F.);
#3433 = EDGE_CURVE('',#3434,#3408,#3436,.T.);
#3434 = VERTEX_POINT('',#3435);
#3435 = CARTESIAN_POINT('',(7.047694655894,2.565151074943,5.));
#3436 = CIRCLE('',#3437,7.5);
#3437 = AXIS2_PLACEMENT_3D('',#3438,#3439,#3440);
#3438 = CARTESIAN_POINT('',(0.,0.,5.));
#3439 = DIRECTION('',(0.,0.,1.));
#3440 = DIRECTION('',(1.,0.,0.));
#3441 = ORIENTED_EDGE('',*,*,#3442,.F.);
#3442 = EDGE_CURVE('',#3443,#3434,#3445,.T.);
#3443 = VERTEX_POINT('',#3444);
#3444 = CARTESIAN_POINT('',(4.69846310393,1.710100716628,5.));
#3445 = LINE('',#3446,#3447);
#3446 = CARTESIAN_POINT('',(4.69846310393,1.710100716628,5.));
#3447 = VECTOR('',#3448,1.);
#3448 = DIRECTION('',(0.939692620786,0.342020143326,7.594372760115E-17)
  );
#3449 = ORIENTED_EDGE('',*,*,#3450,.F.);
#3450 = EDGE_CURVE('',#3451,#3443,#3453,.T.);
#3451 = VERTEX_POINT('',#3452);
#3452 = CARTESIAN_POINT('',(5.,-1.110223024625E-15,5.));
#3453 = CIRCLE('',#3454,5.);
#3454 = AXIS2_PLACEMENT_3D('',#3455,#3456,#3457);
#3455 = CARTESIAN_POINT('',(0.,-1.110223024625E-15,5.));
#3456 = DIRECTION('',(0.,-2.22044604925E-16,1.));
#3457 = DIRECTION('',(1.,0.,0.));
#3458 = ORIENTED_EDGE('',*,*,#3459,.T.);
#3459 = EDGE_CURVE('',#3451,#3460,#3462,.T.);
#3460 = VERTEX_POINT('',#3461);
#3461 = CARTESIAN_POINT('',(4.69846310393,-1.710100716628,5.));
#3462 = CIRCLE('',#3463,5.);
#3463 = AXIS2_PLACEMENT_3D('',#3464,#3465,#3466);
#3464 = CARTESIAN_POINT('',(0.,-1.110223024625E-15,5.));
#3465 = DIRECTION('',(0.,2.22044604925E-16,-1.));
#3466 = DIRECTION('',(1.,0.,0.));
#3467 = ORIENTED_EDGE('',*,*,#3468,.T.);
#3468 = EDGE_CURVE('',#3460,#2905,#3469,.T.);
#3469 = LINE('',#3470,#3471);
#3470 = CARTESIAN_POINT('',(4.69846310393,-1.710100716628,5.));
#3471 = VECTOR('',#3472,1.);
#3472 = DIRECTION('',(0.939692620786,-0.342020143326,-7.594372760115E-17
    ));
#3473 = ORIENTED_EDGE('',*,*,#2912,.F.);
#3474 = ORIENTED_EDGE('',*,*,#3475,.F.);
#3475 = EDGE_CURVE('',#1497,#2913,#3476,.T.);
#3476 = CIRCLE('',#3477,1.64);
#3477 = AXIS2_PLACEMENT_3D('',#3478,#3479,#3480);
#3478 = CARTESIAN_POINT('',(7.79422863406,-4.5,5.));
#3479 = DIRECTION('',(-2.2E-16,-3.810511776652E-16,1.));
#3480 = DIRECTION('',(0.866025403784,-0.5,2.992E-31));
#3481 = ORIENTED_EDGE('',*,*,#1504,.T.);
#3482 = ORIENTED_EDGE('',*,*,#3483,.T.);
#3483 = EDGE_CURVE('',#1505,#3484,#3486,.T.);
#3484 = VERTEX_POINT('',#3485);
#3485 = CARTESIAN_POINT('',(7.475577777778,-0.604761844361,5.));
#3486 = CIRCLE('',#3487,1.64);
#3487 = AXIS2_PLACEMENT_3D('',#3488,#3489,#3490);
#3488 = CARTESIAN_POINT('',(9.,0.,5.));
#3489 = DIRECTION('',(0.,-0.,-1.));
#3490 = DIRECTION('',(1.,-6.8E-16,0.));
#3491 = ORIENTED_EDGE('',*,*,#3492,.T.);
#3492 = EDGE_CURVE('',#3484,#3493,#3495,.T.);
#3493 = VERTEX_POINT('',#3494);
#3494 = CARTESIAN_POINT('',(7.36,-1.E-15,5.));
#3495 = CIRCLE('',#3496,1.64);
#3496 = AXIS2_PLACEMENT_3D('',#3497,#3498,#3499);
#3497 = CARTESIAN_POINT('',(9.,0.,5.));
#3498 = DIRECTION('',(0.,-0.,-1.));
#3499 = DIRECTION('',(1.,-6.8E-16,0.));
#3500 = ORIENTED_EDGE('',*,*,#3501,.F.);
#3501 = EDGE_CURVE('',#3502,#3493,#3504,.T.);
#3502 = VERTEX_POINT('',#3503);
#3503 = CARTESIAN_POINT('',(7.475577777778,0.604761844361,5.));
#3504 = CIRCLE('',#3505,1.64);
#3505 = AXIS2_PLACEMENT_3D('',#3506,#3507,#3508);
#3506 = CARTESIAN_POINT('',(9.,-2.22E-15,5.));
#3507 = DIRECTION('',(0.,-4.4E-16,1.));
#3508 = DIRECTION('',(1.,6.8E-16,2.992E-31));
#3509 = ORIENTED_EDGE('',*,*,#3510,.F.);
#3510 = EDGE_CURVE('',#1327,#3502,#3511,.T.);
#3511 = CIRCLE('',#3512,1.64);
#3512 = AXIS2_PLACEMENT_3D('',#3513,#3514,#3515);
#3513 = CARTESIAN_POINT('',(9.,-2.22E-15,5.));
#3514 = DIRECTION('',(0.,-4.4E-16,1.));
#3515 = DIRECTION('',(1.,6.8E-16,2.992E-31));
#3516 = ORIENTED_EDGE('',*,*,#1334,.T.);
#3517 = ORIENTED_EDGE('',*,*,#3407,.T.);
#3518 = PLANE('',#3519);
#3519 = AXIS2_PLACEMENT_3D('',#3520,#3521,#3522);
#3520 = CARTESIAN_POINT('',(6.918274576091,-1.242500325738E-15,5.));
#3521 = DIRECTION('',(0.,0.,1.));
#3522 = DIRECTION('',(1.,0.,0.));
#3523 = ADVANCED_FACE('',(#3524),#3536,.F.);
#3524 = FACE_BOUND('',#3525,.T.);
#3525 = EDGE_LOOP('',(#3526,#3527,#3528,#3529,#3535));
#3526 = ORIENTED_EDGE('',*,*,#1326,.F.);
#3527 = ORIENTED_EDGE('',*,*,#3510,.T.);
#3528 = ORIENTED_EDGE('',*,*,#3501,.T.);
#3529 = ORIENTED_EDGE('',*,*,#3530,.T.);
#3530 = EDGE_CURVE('',#3493,#3123,#3531,.T.);
#3531 = LINE('',#3532,#3533);
#3532 = CARTESIAN_POINT('',(7.36,1.E-15,5.));
#3533 = VECTOR('',#3534,1.);
#3534 = DIRECTION('',(0.,0.,-1.));
#3535 = ORIENTED_EDGE('',*,*,#3122,.F.);
#3536 = CYLINDRICAL_SURFACE('',#3537,1.64);
#3537 = AXIS2_PLACEMENT_3D('',#3538,#3539,#3540);
#3538 = CARTESIAN_POINT('',(9.,-2.22E-15,5.));
#3539 = DIRECTION('',(0.,4.4E-16,-1.));
#3540 = DIRECTION('',(1.,6.8E-16,2.992E-31));
#3541 = ADVANCED_FACE('',(#3542),#3553,.T.);
#3542 = FACE_BOUND('',#3543,.F.);
#3543 = EDGE_LOOP('',(#3544,#3545,#3546,#3547));
#3544 = ORIENTED_EDGE('',*,*,#1679,.F.);
#3545 = ORIENTED_EDGE('',*,*,#2803,.F.);
#3546 = ORIENTED_EDGE('',*,*,#1564,.F.);
#3547 = ORIENTED_EDGE('',*,*,#3548,.F.);
#3548 = EDGE_CURVE('',#1671,#1556,#3549,.T.);
#3549 = LINE('',#3550,#3551);
#3550 = CARTESIAN_POINT('',(9.092272676623,-10.6456835184,3.4));
#3551 = VECTOR('',#3552,1.);
#3552 = DIRECTION('',(-0.64944804833,0.7604059656,0.));
#3553 = PLANE('',#3554);
#3554 = AXIS2_PLACEMENT_3D('',#3555,#3556,#3557);
#3555 = CARTESIAN_POINT('',(7.468652555797,-8.7446686044,1.7));
#3556 = DIRECTION('',(-0.7604059656,-0.64944804833,-1.8E-16));
#3557 = DIRECTION('',(-0.64944804833,0.7604059656,-8.E-17));
#3558 = ADVANCED_FACE('',(#3559),#3565,.F.);
#3559 = FACE_BOUND('',#3560,.T.);
#3560 = EDGE_LOOP('',(#3561,#3562,#3563,#3564));
#3561 = ORIENTED_EDGE('',*,*,#1670,.T.);
#3562 = ORIENTED_EDGE('',*,*,#1620,.T.);
#3563 = ORIENTED_EDGE('',*,*,#1555,.F.);
#3564 = ORIENTED_EDGE('',*,*,#3548,.F.);
#3565 = PLANE('',#3566);
#3566 = AXIS2_PLACEMENT_3D('',#3567,#3568,#3569);
#3567 = CARTESIAN_POINT('',(-9.203074360872E-16,-5.659807621135E-16,3.4)
  );
#3568 = DIRECTION('',(2.424871130596E-16,1.4E-16,-1.));
#3569 = DIRECTION('',(-0.64944804833,0.7604059656,-5.10259471378E-17));
#3570 = ADVANCED_FACE('',(#3571),#3578,.F.);
#3571 = FACE_BOUND('',#3572,.F.);
#3572 = EDGE_LOOP('',(#3573,#3574,#3575,#3576,#3577));
#3573 = ORIENTED_EDGE('',*,*,#1513,.F.);
#3574 = ORIENTED_EDGE('',*,*,#3483,.T.);
#3575 = ORIENTED_EDGE('',*,*,#3492,.T.);
#3576 = ORIENTED_EDGE('',*,*,#3530,.T.);
#3577 = ORIENTED_EDGE('',*,*,#3131,.F.);
#3578 = CYLINDRICAL_SURFACE('',#3579,1.64);
#3579 = AXIS2_PLACEMENT_3D('',#3580,#3581,#3582);
#3580 = CARTESIAN_POINT('',(9.,0.,5.));
#3581 = DIRECTION('',(-0.,-0.,-1.));
#3582 = DIRECTION('',(1.,-6.8E-16,0.));
#3583 = ADVANCED_FACE('',(#3584),#3612,.F.);
#3584 = FACE_BOUND('',#3585,.T.);
#3585 = EDGE_LOOP('',(#3586,#3587,#3588,#3597,#3605));
#3586 = ORIENTED_EDGE('',*,*,#1496,.F.);
#3587 = ORIENTED_EDGE('',*,*,#3475,.T.);
#3588 = ORIENTED_EDGE('',*,*,#3589,.T.);
#3589 = EDGE_CURVE('',#2913,#3590,#3592,.T.);
#3590 = VERTEX_POINT('',#3591);
#3591 = CARTESIAN_POINT('',(6.373946971853,-3.68,5.));
#3592 = CIRCLE('',#3593,1.64);
#3593 = AXIS2_PLACEMENT_3D('',#3594,#3595,#3596);
#3594 = CARTESIAN_POINT('',(7.79422863406,-4.5,5.));
#3595 = DIRECTION('',(-2.2E-16,-3.810511776652E-16,1.));
#3596 = DIRECTION('',(0.866025403784,-0.5,2.992E-31));
#3597 = ORIENTED_EDGE('',*,*,#3598,.T.);
#3598 = EDGE_CURVE('',#3590,#3599,#3601,.T.);
#3599 = VERTEX_POINT('',#3600);
#3600 = CARTESIAN_POINT('',(6.373946971853,-3.68,1.32));
#3601 = LINE('',#3602,#3603);
#3602 = CARTESIAN_POINT('',(6.373946971853,-3.68,5.));
#3603 = VECTOR('',#3604,1.);
#3604 = DIRECTION('',(0.,0.,-1.));
#3605 = ORIENTED_EDGE('',*,*,#3606,.F.);
#3606 = EDGE_CURVE('',#1488,#3599,#3607,.T.);
#3607 = CIRCLE('',#3608,1.64);
#3608 = AXIS2_PLACEMENT_3D('',#3609,#3610,#3611);
#3609 = CARTESIAN_POINT('',(7.79422863406,-4.5,1.32));
#3610 = DIRECTION('',(-2.2E-16,-3.810511776652E-16,1.));
#3611 = DIRECTION('',(0.866025403784,-0.5,7.92E-32));
#3612 = CYLINDRICAL_SURFACE('',#3613,1.64);
#3613 = AXIS2_PLACEMENT_3D('',#3614,#3615,#3616);
#3614 = CARTESIAN_POINT('',(7.79422863406,-4.5,5.));
#3615 = DIRECTION('',(2.2E-16,3.810511776652E-16,-1.));
#3616 = DIRECTION('',(0.866025403784,-0.5,2.992E-31));
#3617 = ADVANCED_FACE('',(#3618),#3628,.F.);
#3618 = FACE_BOUND('',#3619,.T.);
#3619 = EDGE_LOOP('',(#3620,#3621,#3622));
#3620 = ORIENTED_EDGE('',*,*,#1487,.F.);
#3621 = ORIENTED_EDGE('',*,*,#3606,.T.);
#3622 = ORIENTED_EDGE('',*,*,#3623,.T.);
#3623 = EDGE_CURVE('',#3599,#1479,#3624,.T.);
#3624 = LINE('',#3625,#3626);
#3625 = CARTESIAN_POINT('',(6.373946971853,-3.68,1.32));
#3626 = VECTOR('',#3627,1.);
#3627 = DIRECTION('',(0.866025403784,-0.5,0.));
#3628 = PLANE('',#3629);
#3629 = AXIS2_PLACEMENT_3D('',#3630,#3631,#3632);
#3630 = CARTESIAN_POINT('',(7.79422863406,-4.5,1.32));
#3631 = DIRECTION('',(2.2E-16,3.810511776652E-16,-1.));
#3632 = DIRECTION('',(-0.866025403784,0.5,-7.92E-32));
#3633 = ADVANCED_FACE('',(#3634),#3645,.F.);
#3634 = FACE_BOUND('',#3635,.F.);
#3635 = EDGE_LOOP('',(#3636,#3637,#3644));
#3636 = ORIENTED_EDGE('',*,*,#1478,.T.);
#3637 = ORIENTED_EDGE('',*,*,#3638,.T.);
#3638 = EDGE_CURVE('',#1471,#3599,#3639,.T.);
#3639 = CIRCLE('',#3640,1.64);
#3640 = AXIS2_PLACEMENT_3D('',#3641,#3642,#3643);
#3641 = CARTESIAN_POINT('',(7.79422863406,-4.5,1.32));
#3642 = DIRECTION('',(0.,-0.,-1.));
#3643 = DIRECTION('',(0.866025403784,-0.5,0.));
#3644 = ORIENTED_EDGE('',*,*,#3623,.T.);
#3645 = PLANE('',#3646);
#3646 = AXIS2_PLACEMENT_3D('',#3647,#3648,#3649);
#3647 = CARTESIAN_POINT('',(7.79422863406,-4.5,1.32));
#3648 = DIRECTION('',(-0.,0.,-1.));
#3649 = DIRECTION('',(0.866025403784,-0.5,0.));
#3650 = ADVANCED_FACE('',(#3651),#3670,.F.);
#3651 = FACE_BOUND('',#3652,.F.);
#3652 = EDGE_LOOP('',(#3653,#3654,#3661,#3668,#3669));
#3653 = ORIENTED_EDGE('',*,*,#1470,.F.);
#3654 = ORIENTED_EDGE('',*,*,#3655,.T.);
#3655 = EDGE_CURVE('',#1462,#2922,#3656,.T.);
#3656 = CIRCLE('',#3657,1.64);
#3657 = AXIS2_PLACEMENT_3D('',#3658,#3659,#3660);
#3658 = CARTESIAN_POINT('',(7.79422863406,-4.5,5.));
#3659 = DIRECTION('',(0.,-0.,-1.));
#3660 = DIRECTION('',(0.866025403784,-0.5,0.));
#3661 = ORIENTED_EDGE('',*,*,#3662,.T.);
#3662 = EDGE_CURVE('',#2922,#3590,#3663,.T.);
#3663 = CIRCLE('',#3664,1.64);
#3664 = AXIS2_PLACEMENT_3D('',#3665,#3666,#3667);
#3665 = CARTESIAN_POINT('',(7.79422863406,-4.5,5.));
#3666 = DIRECTION('',(0.,-0.,-1.));
#3667 = DIRECTION('',(0.866025403784,-0.5,0.));
#3668 = ORIENTED_EDGE('',*,*,#3598,.T.);
#3669 = ORIENTED_EDGE('',*,*,#3638,.F.);
#3670 = CYLINDRICAL_SURFACE('',#3671,1.64);
#3671 = AXIS2_PLACEMENT_3D('',#3672,#3673,#3674);
#3672 = CARTESIAN_POINT('',(7.79422863406,-4.5,5.));
#3673 = DIRECTION('',(-0.,0.,-1.));
#3674 = DIRECTION('',(0.866025403784,-0.5,0.));
#3675 = ADVANCED_FACE('',(#3676),#3682,.T.);
#3676 = FACE_BOUND('',#3677,.T.);
#3677 = EDGE_LOOP('',(#3678,#3679,#3680,#3681));
#3678 = ORIENTED_EDGE('',*,*,#3655,.T.);
#3679 = ORIENTED_EDGE('',*,*,#2930,.F.);
#3680 = ORIENTED_EDGE('',*,*,#2836,.F.);
#3681 = ORIENTED_EDGE('',*,*,#1461,.T.);
#3682 = PLANE('',#3683);
#3683 = AXIS2_PLACEMENT_3D('',#3684,#3685,#3686);
#3684 = CARTESIAN_POINT('',(-3.E-16,2.4E-16,5.));
#3685 = DIRECTION('',(0.,0.,1.));
#3686 = DIRECTION('',(1.,0.,0.));
#3687 = ADVANCED_FACE('',(#3688),#3706,.F.);
#3688 = FACE_BOUND('',#3689,.F.);
#3689 = EDGE_LOOP('',(#3690,#3697,#3698,#3704,#3705));
#3690 = ORIENTED_EDGE('',*,*,#3691,.T.);
#3691 = EDGE_CURVE('',#3246,#1864,#3692,.T.);
#3692 = CIRCLE('',#3693,1.64);
#3693 = AXIS2_PLACEMENT_3D('',#3694,#3695,#3696);
#3694 = CARTESIAN_POINT('',(4.5,7.79422863406,1.32));
#3695 = DIRECTION('',(3.810511776652E-16,-2.2E-16,1.));
#3696 = DIRECTION('',(0.5,0.866025403784,7.92E-32));
#3697 = ORIENTED_EDGE('',*,*,#1982,.T.);
#3698 = ORIENTED_EDGE('',*,*,#3699,.T.);
#3699 = EDGE_CURVE('',#1975,#1750,#3700,.T.);
#3700 = LINE('',#3701,#3702);
#3701 = CARTESIAN_POINT('',(3.004261733104,8.48377341983,1.32));
#3702 = VECTOR('',#3703,1.);
#3703 = DIRECTION('',(0.333806859234,0.942641491092,8.E-17));
#3704 = ORIENTED_EDGE('',*,*,#1749,.F.);
#3705 = ORIENTED_EDGE('',*,*,#3257,.F.);
#3706 = PLANE('',#3707);
#3707 = AXIS2_PLACEMENT_3D('',#3708,#3709,#3710);
#3708 = CARTESIAN_POINT('',(2.598076211353E-16,-1.5E-16,1.32));
#3709 = DIRECTION('',(-1.905255888326E-16,1.1E-16,-1.));
#3710 = DIRECTION('',(-0.5,-0.866025403784,0.));
#3711 = ADVANCED_FACE('',(#3712),#3723,.F.);
#3712 = FACE_BOUND('',#3713,.T.);
#3713 = EDGE_LOOP('',(#3714,#3715,#3716,#3717));
#3714 = ORIENTED_EDGE('',*,*,#1800,.T.);
#3715 = ORIENTED_EDGE('',*,*,#1839,.T.);
#3716 = ORIENTED_EDGE('',*,*,#1965,.F.);
#3717 = ORIENTED_EDGE('',*,*,#3718,.F.);
#3718 = EDGE_CURVE('',#1801,#1966,#3719,.T.);
#3719 = LINE('',#3720,#3721);
#3720 = CARTESIAN_POINT('',(4.673296029273,13.196980875291,3.4));
#3721 = VECTOR('',#3722,1.);
#3722 = DIRECTION('',(-0.333806859234,-0.942641491092,0.));
#3723 = PLANE('',#3724);
#3724 = AXIS2_PLACEMENT_3D('',#3725,#3726,#3727);
#3725 = CARTESIAN_POINT('',(9.503074360872E-16,-5.140192378865E-16,3.4)
  );
#3726 = DIRECTION('',(-2.424871130596E-16,1.4E-16,-1.));
#3727 = DIRECTION('',(-0.333806859234,-0.942641491092,-5.10259471378E-17
    ));
#3728 = ADVANCED_FACE('',(#3729),#3735,.T.);
#3729 = FACE_BOUND('',#3730,.F.);
#3730 = EDGE_LOOP('',(#3731,#3732,#3733,#3734));
#3731 = ORIENTED_EDGE('',*,*,#1809,.F.);
#3732 = ORIENTED_EDGE('',*,*,#3699,.F.);
#3733 = ORIENTED_EDGE('',*,*,#1974,.F.);
#3734 = ORIENTED_EDGE('',*,*,#3718,.F.);
#3735 = PLANE('',#3736);
#3736 = AXIS2_PLACEMENT_3D('',#3737,#3738,#3739);
#3737 = CARTESIAN_POINT('',(3.838778881188,10.84037714756,1.7));
#3738 = DIRECTION('',(0.942641491092,-0.333806859234,-1.8E-16));
#3739 = DIRECTION('',(-0.333806859234,-0.942641491092,-8.E-17));
#3740 = ADVANCED_FACE('',(#3741),#3768,.F.);
#3741 = FACE_BOUND('',#3742,.T.);
#3742 = EDGE_LOOP('',(#3743,#3744,#3753,#3760,#3761));
#3743 = ORIENTED_EDGE('',*,*,#1861,.F.);
#3744 = ORIENTED_EDGE('',*,*,#3745,.T.);
#3745 = EDGE_CURVE('',#1862,#3746,#3748,.T.);
#3746 = VERTEX_POINT('',#3747);
#3747 = CARTESIAN_POINT('',(3.214049768433,6.776421185703,5.));
#3748 = CIRCLE('',#3749,1.64);
#3749 = AXIS2_PLACEMENT_3D('',#3750,#3751,#3752);
#3750 = CARTESIAN_POINT('',(4.5,7.79422863406,5.));
#3751 = DIRECTION('',(3.810511776652E-16,-2.2E-16,1.));
#3752 = DIRECTION('',(0.5,0.866025403784,2.992E-31));
#3753 = ORIENTED_EDGE('',*,*,#3754,.T.);
#3754 = EDGE_CURVE('',#3746,#3282,#3755,.T.);
#3755 = CIRCLE('',#3756,1.64);
#3756 = AXIS2_PLACEMENT_3D('',#3757,#3758,#3759);
#3757 = CARTESIAN_POINT('',(4.5,7.79422863406,5.));
#3758 = DIRECTION('',(3.810511776652E-16,-2.2E-16,1.));
#3759 = DIRECTION('',(0.5,0.866025403784,2.992E-31));
#3760 = ORIENTED_EDGE('',*,*,#3290,.T.);
#3761 = ORIENTED_EDGE('',*,*,#3762,.F.);
#3762 = EDGE_CURVE('',#1864,#3291,#3763,.T.);
#3763 = CIRCLE('',#3764,1.64);
#3764 = AXIS2_PLACEMENT_3D('',#3765,#3766,#3767);
#3765 = CARTESIAN_POINT('',(4.5,7.79422863406,1.32));
#3766 = DIRECTION('',(3.810511776652E-16,-2.2E-16,1.));
#3767 = DIRECTION('',(0.5,0.866025403784,7.92E-32));
#3768 = CYLINDRICAL_SURFACE('',#3769,1.64);
#3769 = AXIS2_PLACEMENT_3D('',#3770,#3771,#3772);
#3770 = CARTESIAN_POINT('',(4.5,7.79422863406,5.));
#3771 = DIRECTION('',(-3.810511776652E-16,2.2E-16,-1.));
#3772 = DIRECTION('',(0.5,0.866025403784,2.992E-31));
#3773 = ADVANCED_FACE('',(#3774),#3785,.F.);
#3774 = FACE_BOUND('',#3775,.F.);
#3775 = EDGE_LOOP('',(#3776,#3777,#3778,#3779));
#3776 = ORIENTED_EDGE('',*,*,#2023,.T.);
#3777 = ORIENTED_EDGE('',*,*,#2006,.T.);
#3778 = ORIENTED_EDGE('',*,*,#1948,.F.);
#3779 = ORIENTED_EDGE('',*,*,#3780,.F.);
#3780 = EDGE_CURVE('',#2024,#1941,#3781,.T.);
#3781 = LINE('',#3782,#3783);
#3782 = CARTESIAN_POINT('',(-4.673296029273,13.196980875291,3.4));
#3783 = VECTOR('',#3784,1.);
#3784 = DIRECTION('',(0.333806859234,-0.942641491092,9.83254907564E-16)
  );
#3785 = PLANE('',#3786);
#3786 = AXIS2_PLACEMENT_3D('',#3787,#3788,#3789);
#3787 = CARTESIAN_POINT('',(-1.342609076373E-15,3.185467134981E-15,3.4)
  );
#3788 = DIRECTION('',(3.527756813566E-16,-9.510254037844E-16,-1.));
#3789 = DIRECTION('',(-0.333806859234,0.942641491092,-1.014234946898E-15
    ));
#3790 = ADVANCED_FACE('',(#3791),#3802,.T.);
#3791 = FACE_BOUND('',#3792,.T.);
#3792 = EDGE_LOOP('',(#3793,#3794,#3800,#3801));
#3793 = ORIENTED_EDGE('',*,*,#2032,.F.);
#3794 = ORIENTED_EDGE('',*,*,#3795,.F.);
#3795 = EDGE_CURVE('',#1932,#2033,#3796,.T.);
#3796 = LINE('',#3797,#3798);
#3797 = CARTESIAN_POINT('',(-3.004261733104,8.48377341983,1.32));
#3798 = VECTOR('',#3799,1.);
#3799 = DIRECTION('',(-0.333806859234,0.942641491092,-9.83254907564E-16)
  );
#3800 = ORIENTED_EDGE('',*,*,#1940,.F.);
#3801 = ORIENTED_EDGE('',*,*,#3780,.F.);
#3802 = PLANE('',#3803);
#3803 = AXIS2_PLACEMENT_3D('',#3804,#3805,#3806);
#3804 = CARTESIAN_POINT('',(-3.838778881188,10.84037714756,1.7));
#3805 = DIRECTION('',(-0.942641491092,-0.333806859234,6.776447450785E-17
    ));
#3806 = DIRECTION('',(-0.333806859234,0.942641491092,-9.83254907564E-16)
  );
#3807 = ADVANCED_FACE('',(#3808),#3828,.F.);
#3808 = FACE_BOUND('',#3809,.T.);
#3809 = EDGE_LOOP('',(#3810,#3819,#3820,#3821,#3822));
#3810 = ORIENTED_EDGE('',*,*,#3811,.T.);
#3811 = EDGE_CURVE('',#3812,#1924,#3814,.T.);
#3812 = VERTEX_POINT('',#3813);
#3813 = CARTESIAN_POINT('',(-5.32,9.214510296266,1.32));
#3814 = CIRCLE('',#3815,1.64);
#3815 = AXIS2_PLACEMENT_3D('',#3816,#3817,#3818);
#3816 = CARTESIAN_POINT('',(-4.5,7.79422863406,1.32));
#3817 = DIRECTION('',(5.E-16,-8.660254037844E-16,-1.));
#3818 = DIRECTION('',(-0.5,0.866025403784,-1.E-15));
#3819 = ORIENTED_EDGE('',*,*,#1931,.T.);
#3820 = ORIENTED_EDGE('',*,*,#3795,.T.);
#3821 = ORIENTED_EDGE('',*,*,#2054,.F.);
#3822 = ORIENTED_EDGE('',*,*,#3823,.F.);
#3823 = EDGE_CURVE('',#3812,#2055,#3824,.T.);
#3824 = LINE('',#3825,#3826);
#3825 = CARTESIAN_POINT('',(-4.5,7.79422863406,1.32));
#3826 = VECTOR('',#3827,1.);
#3827 = DIRECTION('',(-0.5,0.866025403784,-1.E-15));
#3828 = PLANE('',#3829);
#3829 = AXIS2_PLACEMENT_3D('',#3830,#3831,#3832);
#3830 = CARTESIAN_POINT('',(-4.088526329025E-16,1.288153532995E-15,1.32)
  );
#3831 = DIRECTION('',(3.094744111674E-16,-9.760254037844E-16,-1.));
#3832 = DIRECTION('',(-0.5,0.866025403784,-1.E-15));
#3833 = ADVANCED_FACE('',(#3834),#3870,.F.);
#3834 = FACE_BOUND('',#3835,.F.);
#3835 = EDGE_LOOP('',(#3836,#3837,#3846,#3855,#3863));
#3836 = ORIENTED_EDGE('',*,*,#1923,.F.);
#3837 = ORIENTED_EDGE('',*,*,#3838,.T.);
#3838 = EDGE_CURVE('',#1915,#3839,#3841,.T.);
#3839 = VERTEX_POINT('',#3840);
#3840 = CARTESIAN_POINT('',(-3.214049768433,6.776421185703,5.));
#3841 = CIRCLE('',#3842,1.64);
#3842 = AXIS2_PLACEMENT_3D('',#3843,#3844,#3845);
#3843 = CARTESIAN_POINT('',(-4.5,7.79422863406,5.));
#3844 = DIRECTION('',(5.E-16,-8.660254037844E-16,-1.));
#3845 = DIRECTION('',(-0.5,0.866025403784,-1.E-15));
#3846 = ORIENTED_EDGE('',*,*,#3847,.T.);
#3847 = EDGE_CURVE('',#3839,#3848,#3850,.T.);
#3848 = VERTEX_POINT('',#3849);
#3849 = CARTESIAN_POINT('',(-3.68,6.373946971853,5.));
#3850 = CIRCLE('',#3851,1.64);
#3851 = AXIS2_PLACEMENT_3D('',#3852,#3853,#3854);
#3852 = CARTESIAN_POINT('',(-4.5,7.79422863406,5.));
#3853 = DIRECTION('',(5.E-16,-8.660254037844E-16,-1.));
#3854 = DIRECTION('',(-0.5,0.866025403784,-1.E-15));
#3855 = ORIENTED_EDGE('',*,*,#3856,.T.);
#3856 = EDGE_CURVE('',#3848,#3857,#3859,.T.);
#3857 = VERTEX_POINT('',#3858);
#3858 = CARTESIAN_POINT('',(-3.68,6.373946971853,1.32));
#3859 = LINE('',#3860,#3861);
#3860 = CARTESIAN_POINT('',(-3.68,6.373946971853,5.));
#3861 = VECTOR('',#3862,1.);
#3862 = DIRECTION('',(5.E-16,-8.660254037844E-16,-1.));
#3863 = ORIENTED_EDGE('',*,*,#3864,.F.);
#3864 = EDGE_CURVE('',#1924,#3857,#3865,.T.);
#3865 = CIRCLE('',#3866,1.64);
#3866 = AXIS2_PLACEMENT_3D('',#3867,#3868,#3869);
#3867 = CARTESIAN_POINT('',(-4.5,7.79422863406,1.32));
#3868 = DIRECTION('',(5.E-16,-8.660254037844E-16,-1.));
#3869 = DIRECTION('',(-0.5,0.866025403784,-1.E-15));
#3870 = CYLINDRICAL_SURFACE('',#3871,1.64);
#3871 = AXIS2_PLACEMENT_3D('',#3872,#3873,#3874);
#3872 = CARTESIAN_POINT('',(-4.5,7.79422863406,5.));
#3873 = DIRECTION('',(5.E-16,-8.660254037844E-16,-1.));
#3874 = DIRECTION('',(-0.5,0.866025403784,-1.E-15));
#3875 = ADVANCED_FACE('',(#3876),#3966,.T.);
#3876 = FACE_BOUND('',#3877,.T.);
#3877 = EDGE_LOOP('',(#3878,#3887,#3895,#3904,#3913,#3921,#3928,#3929,
    #3930,#3939,#3948,#3957,#3964,#3965));
#3878 = ORIENTED_EDGE('',*,*,#3879,.F.);
#3879 = EDGE_CURVE('',#3880,#3839,#3882,.T.);
#3880 = VERTEX_POINT('',#3881);
#3881 = CARTESIAN_POINT('',(-2.565151074943,7.047694655894,5.));
#3882 = CIRCLE('',#3883,7.5);
#3883 = AXIS2_PLACEMENT_3D('',#3884,#3885,#3886);
#3884 = CARTESIAN_POINT('',(0.,0.,5.));
#3885 = DIRECTION('',(0.,0.,1.));
#3886 = DIRECTION('',(1.,0.,0.));
#3887 = ORIENTED_EDGE('',*,*,#3888,.F.);
#3888 = EDGE_CURVE('',#3889,#3880,#3891,.T.);
#3889 = VERTEX_POINT('',#3890);
#3890 = CARTESIAN_POINT('',(-1.710100716628,4.69846310393,5.));
#3891 = LINE('',#3892,#3893);
#3892 = CARTESIAN_POINT('',(-1.710100716628,4.69846310393,5.));
#3893 = VECTOR('',#3894,1.);
#3894 = DIRECTION('',(-0.342020143326,0.939692620786,-5.50017302599E-16)
  );
#3895 = ORIENTED_EDGE('',*,*,#3896,.F.);
#3896 = EDGE_CURVE('',#3897,#3889,#3899,.T.);
#3897 = VERTEX_POINT('',#3898);
#3898 = CARTESIAN_POINT('',(1.665334536938E-15,5.,5.));
#3899 = CIRCLE('',#3900,5.);
#3900 = AXIS2_PLACEMENT_3D('',#3901,#3902,#3903);
#3901 = CARTESIAN_POINT('',(1.110223024625E-15,3.330669073875E-15,5.));
#3902 = DIRECTION('',(2.22044604925E-16,6.661338147751E-16,1.));
#3903 = DIRECTION('',(1.110223024625E-16,1.,-6.661338147751E-16));
#3904 = ORIENTED_EDGE('',*,*,#3905,.T.);
#3905 = EDGE_CURVE('',#3897,#3906,#3908,.T.);
#3906 = VERTEX_POINT('',#3907);
#3907 = CARTESIAN_POINT('',(1.710100716628,4.69846310393,5.));
#3908 = CIRCLE('',#3909,5.);
#3909 = AXIS2_PLACEMENT_3D('',#3910,#3911,#3912);
#3910 = CARTESIAN_POINT('',(1.110223024625E-15,3.330669073875E-15,5.));
#3911 = DIRECTION('',(-2.22044604925E-16,-6.661338147751E-16,-1.));
#3912 = DIRECTION('',(1.110223024625E-16,1.,-6.661338147751E-16));
#3913 = ORIENTED_EDGE('',*,*,#3914,.T.);
#3914 = EDGE_CURVE('',#3906,#3915,#3917,.T.);
#3915 = VERTEX_POINT('',#3916);
#3916 = CARTESIAN_POINT('',(2.565151074943,7.047694655894,5.));
#3917 = LINE('',#3918,#3919);
#3918 = CARTESIAN_POINT('',(1.710100716628,4.69846310393,5.));
#3919 = VECTOR('',#3920,1.);
#3920 = DIRECTION('',(0.342020143326,0.939692620786,-7.019047578013E-16)
  );
#3921 = ORIENTED_EDGE('',*,*,#3922,.F.);
#3922 = EDGE_CURVE('',#3746,#3915,#3923,.T.);
#3923 = CIRCLE('',#3924,7.5);
#3924 = AXIS2_PLACEMENT_3D('',#3925,#3926,#3927);
#3925 = CARTESIAN_POINT('',(0.,0.,5.));
#3926 = DIRECTION('',(0.,0.,1.));
#3927 = DIRECTION('',(1.,0.,0.));
#3928 = ORIENTED_EDGE('',*,*,#3745,.F.);
#3929 = ORIENTED_EDGE('',*,*,#1871,.T.);
#3930 = ORIENTED_EDGE('',*,*,#3931,.T.);
#3931 = EDGE_CURVE('',#1872,#3932,#3934,.T.);
#3932 = VERTEX_POINT('',#3933);
#3933 = CARTESIAN_POINT('',(0.604761844361,7.475577777778,5.));
#3934 = CIRCLE('',#3935,1.64);
#3935 = AXIS2_PLACEMENT_3D('',#3936,#3937,#3938);
#3936 = CARTESIAN_POINT('',(0.,9.,5.));
#3937 = DIRECTION('',(0.,-1.E-15,-1.));
#3938 = DIRECTION('',(6.8E-16,1.,-1.E-15));
#3939 = ORIENTED_EDGE('',*,*,#3940,.T.);
#3940 = EDGE_CURVE('',#3932,#3941,#3943,.T.);
#3941 = VERTEX_POINT('',#3942);
#3942 = CARTESIAN_POINT('',(2.E-15,7.36,5.));
#3943 = CIRCLE('',#3944,1.64);
#3944 = AXIS2_PLACEMENT_3D('',#3945,#3946,#3947);
#3945 = CARTESIAN_POINT('',(0.,9.,5.));
#3946 = DIRECTION('',(0.,-1.E-15,-1.));
#3947 = DIRECTION('',(6.8E-16,1.,-1.E-15));
#3948 = ORIENTED_EDGE('',*,*,#3949,.F.);
#3949 = EDGE_CURVE('',#3950,#3941,#3952,.T.);
#3950 = VERTEX_POINT('',#3951);
#3951 = CARTESIAN_POINT('',(-0.604761844361,7.475577777778,5.));
#3952 = CIRCLE('',#3953,1.64);
#3953 = AXIS2_PLACEMENT_3D('',#3954,#3955,#3956);
#3954 = CARTESIAN_POINT('',(2.22E-15,9.,5.));
#3955 = DIRECTION('',(4.4E-16,1.E-15,1.));
#3956 = DIRECTION('',(-6.8E-16,1.,-1.E-15));
#3957 = ORIENTED_EDGE('',*,*,#3958,.F.);
#3958 = EDGE_CURVE('',#1907,#3950,#3959,.T.);
#3959 = CIRCLE('',#3960,1.64);
#3960 = AXIS2_PLACEMENT_3D('',#3961,#3962,#3963);
#3961 = CARTESIAN_POINT('',(2.22E-15,9.,5.));
#3962 = DIRECTION('',(4.4E-16,1.E-15,1.));
#3963 = DIRECTION('',(-6.8E-16,1.,-1.E-15));
#3964 = ORIENTED_EDGE('',*,*,#1914,.T.);
#3965 = ORIENTED_EDGE('',*,*,#3838,.T.);
#3966 = PLANE('',#3967);
#3967 = AXIS2_PLACEMENT_3D('',#3968,#3969,#3970);
#3968 = CARTESIAN_POINT('',(-2.332964746638E-15,6.918274576091,5.));
#3969 = DIRECTION('',(-4.292932549411E-16,0.,1.));
#3970 = DIRECTION('',(1.,0.,4.292932549411E-16));
#3971 = ADVANCED_FACE('',(#3972),#3992,.F.);
#3972 = FACE_BOUND('',#3973,.T.);
#3973 = EDGE_LOOP('',(#3974,#3975,#3976,#3977,#3985));
#3974 = ORIENTED_EDGE('',*,*,#1906,.F.);
#3975 = ORIENTED_EDGE('',*,*,#3958,.T.);
#3976 = ORIENTED_EDGE('',*,*,#3949,.T.);
#3977 = ORIENTED_EDGE('',*,*,#3978,.T.);
#3978 = EDGE_CURVE('',#3941,#3979,#3981,.T.);
#3979 = VERTEX_POINT('',#3980);
#3980 = CARTESIAN_POINT('',(1.E-15,7.36,1.32));
#3981 = LINE('',#3982,#3983);
#3982 = CARTESIAN_POINT('',(-1.E-15,7.36,5.));
#3983 = VECTOR('',#3984,1.);
#3984 = DIRECTION('',(0.,-1.E-15,-1.));
#3985 = ORIENTED_EDGE('',*,*,#3986,.F.);
#3986 = EDGE_CURVE('',#1898,#3979,#3987,.T.);
#3987 = CIRCLE('',#3988,1.64);
#3988 = AXIS2_PLACEMENT_3D('',#3989,#3990,#3991);
#3989 = CARTESIAN_POINT('',(5.9E-16,9.,1.32));
#3990 = DIRECTION('',(4.4E-16,1.E-15,1.));
#3991 = DIRECTION('',(-1.8E-16,1.,-1.E-15));
#3992 = CYLINDRICAL_SURFACE('',#3993,1.64);
#3993 = AXIS2_PLACEMENT_3D('',#3994,#3995,#3996);
#3994 = CARTESIAN_POINT('',(2.22E-15,9.,5.));
#3995 = DIRECTION('',(-4.4E-16,-1.E-15,-1.));
#3996 = DIRECTION('',(-6.8E-16,1.,-1.E-15));
#3997 = ADVANCED_FACE('',(#3998),#4010,.T.);
#3998 = FACE_BOUND('',#3999,.T.);
#3999 = EDGE_LOOP('',(#4000,#4001,#4002,#4009));
#4000 = ORIENTED_EDGE('',*,*,#1897,.F.);
#4001 = ORIENTED_EDGE('',*,*,#3986,.T.);
#4002 = ORIENTED_EDGE('',*,*,#4003,.F.);
#4003 = EDGE_CURVE('',#1881,#3979,#4004,.T.);
#4004 = CIRCLE('',#4005,1.64);
#4005 = AXIS2_PLACEMENT_3D('',#4006,#4007,#4008);
#4006 = CARTESIAN_POINT('',(0.,9.,1.32));
#4007 = DIRECTION('',(0.,-1.E-15,-1.));
#4008 = DIRECTION('',(1.8E-16,1.,-1.E-15));
#4009 = ORIENTED_EDGE('',*,*,#1888,.F.);
#4010 = PLANE('',#4011);
#4011 = AXIS2_PLACEMENT_3D('',#4012,#4013,#4014);
#4012 = CARTESIAN_POINT('',(-2.017846725206E-15,8.336348089926,1.32));
#4013 = DIRECTION('',(0.,-4.234223067815E-15,1.));
#4014 = DIRECTION('',(0.,1.,4.234223067815E-15));
#4015 = ADVANCED_FACE('',(#4016),#4023,.F.);
#4016 = FACE_BOUND('',#4017,.F.);
#4017 = EDGE_LOOP('',(#4018,#4019,#4020,#4021,#4022));
#4018 = ORIENTED_EDGE('',*,*,#1880,.F.);
#4019 = ORIENTED_EDGE('',*,*,#3931,.T.);
#4020 = ORIENTED_EDGE('',*,*,#3940,.T.);
#4021 = ORIENTED_EDGE('',*,*,#3978,.T.);
#4022 = ORIENTED_EDGE('',*,*,#4003,.F.);
#4023 = CYLINDRICAL_SURFACE('',#4024,1.64);
#4024 = AXIS2_PLACEMENT_3D('',#4025,#4026,#4027);
#4025 = CARTESIAN_POINT('',(0.,9.,5.));
#4026 = DIRECTION('',(0.,-1.E-15,-1.));
#4027 = DIRECTION('',(6.8E-16,1.,-1.E-15));
#4028 = ADVANCED_FACE('',(#4029),#4047,.F.);
#4029 = FACE_BOUND('',#4030,.F.);
#4030 = EDGE_LOOP('',(#4031,#4038,#4039,#4045,#4046));
#4031 = ORIENTED_EDGE('',*,*,#4032,.T.);
#4032 = EDGE_CURVE('',#3812,#2238,#4033,.T.);
#4033 = CIRCLE('',#4034,1.64);
#4034 = AXIS2_PLACEMENT_3D('',#4035,#4036,#4037);
#4035 = CARTESIAN_POINT('',(-4.5,7.79422863406,1.32));
#4036 = DIRECTION('',(-1.189488223348E-16,1.086025403784E-15,1.));
#4037 = DIRECTION('',(-0.5,0.866025403784,-1.E-15));
#4038 = ORIENTED_EDGE('',*,*,#2356,.T.);
#4039 = ORIENTED_EDGE('',*,*,#4040,.T.);
#4040 = EDGE_CURVE('',#2349,#2080,#4041,.T.);
#4041 = LINE('',#4042,#4043);
#4042 = CARTESIAN_POINT('',(-5.845032434972,6.8436536904,1.32));
#4043 = VECTOR('',#4044,1.);
#4044 = DIRECTION('',(-0.64944804833,0.7604059656,-9.03254907564E-16));
#4045 = ORIENTED_EDGE('',*,*,#2079,.F.);
#4046 = ORIENTED_EDGE('',*,*,#3823,.F.);
#4047 = PLANE('',#4048);
#4048 = AXIS2_PLACEMENT_3D('',#4049,#4050,#4051);
#4049 = CARTESIAN_POINT('',(-4.001923788647E-16,1.293153532995E-15,1.32)
  );
#4050 = DIRECTION('',(3.094744111674E-16,-9.760254037844E-16,-1.));
#4051 = DIRECTION('',(0.5,-0.866025403784,1.E-15));
#4052 = ADVANCED_FACE('',(#4053),#4064,.F.);
#4053 = FACE_BOUND('',#4054,.T.);
#4054 = EDGE_LOOP('',(#4055,#4056,#4057,#4058));
#4055 = ORIENTED_EDGE('',*,*,#2130,.T.);
#4056 = ORIENTED_EDGE('',*,*,#2189,.T.);
#4057 = ORIENTED_EDGE('',*,*,#2339,.F.);
#4058 = ORIENTED_EDGE('',*,*,#4059,.F.);
#4059 = EDGE_CURVE('',#2131,#2340,#4060,.T.);
#4060 = LINE('',#4061,#4062);
#4061 = CARTESIAN_POINT('',(-9.092272676623,10.6456835184,3.4));
#4062 = VECTOR('',#4063,1.);
#4063 = DIRECTION('',(0.64944804833,-0.7604059656,9.83254907564E-16));
#4064 = PLANE('',#4065);
#4065 = AXIS2_PLACEMENT_3D('',#4066,#4067,#4068);
#4066 = CARTESIAN_POINT('',(-7.796925639128E-16,3.510467134981E-15,3.4)
  );
#4067 = DIRECTION('',(2.575128869404E-16,-1.006025403784E-15,-1.));
#4068 = DIRECTION('',(0.64944804833,-0.7604059656,9.322289604262E-16));
#4069 = ADVANCED_FACE('',(#4070),#4076,.T.);
#4070 = FACE_BOUND('',#4071,.F.);
#4071 = EDGE_LOOP('',(#4072,#4073,#4074,#4075));
#4072 = ORIENTED_EDGE('',*,*,#2139,.F.);
#4073 = ORIENTED_EDGE('',*,*,#4040,.F.);
#4074 = ORIENTED_EDGE('',*,*,#2348,.F.);
#4075 = ORIENTED_EDGE('',*,*,#4059,.F.);
#4076 = PLANE('',#4077);
#4077 = AXIS2_PLACEMENT_3D('',#4078,#4079,#4080);
#4078 = CARTESIAN_POINT('',(-7.468652555797,8.7446686044,1.7));
#4079 = DIRECTION('',(0.7604059656,0.64944804833,-3.622355254921E-16));
#4080 = DIRECTION('',(0.64944804833,-0.7604059656,9.03254907564E-16));
#4081 = ADVANCED_FACE('',(#4082),#4088,.F.);
#4082 = FACE_BOUND('',#4083,.F.);
#4083 = EDGE_LOOP('',(#4084,#4085,#4086,#4087));
#4084 = ORIENTED_EDGE('',*,*,#2163,.T.);
#4085 = ORIENTED_EDGE('',*,*,#2213,.T.);
#4086 = ORIENTED_EDGE('',*,*,#2441,.F.);
#4087 = ORIENTED_EDGE('',*,*,#3099,.F.);
#4088 = PLANE('',#4089);
#4089 = AXIS2_PLACEMENT_3D('',#4090,#4091,#4092);
#4090 = CARTESIAN_POINT('',(-3.331877296494E-15,1.889019237886E-15,3.4)
  );
#4091 = DIRECTION('',(1.013249722428E-15,-5.85E-16,-1.));
#4092 = DIRECTION('',(-0.64944804833,-0.7604059656,-2.132155648258E-16)
  );
#4093 = ADVANCED_FACE('',(#4094),#4121,.F.);
#4094 = FACE_BOUND('',#4095,.T.);
#4095 = EDGE_LOOP('',(#4096,#4097,#4106,#4113,#4114));
#4096 = ORIENTED_EDGE('',*,*,#2235,.F.);
#4097 = ORIENTED_EDGE('',*,*,#4098,.T.);
#4098 = EDGE_CURVE('',#2236,#4099,#4101,.T.);
#4099 = VERTEX_POINT('',#4100);
#4100 = CARTESIAN_POINT('',(-4.261528009345,6.171659341341,5.));
#4101 = CIRCLE('',#4102,1.64);
#4102 = AXIS2_PLACEMENT_3D('',#4103,#4104,#4105);
#4103 = CARTESIAN_POINT('',(-4.5,7.79422863406,5.));
#4104 = DIRECTION('',(-1.189488223348E-16,1.086025403784E-15,1.));
#4105 = DIRECTION('',(-0.5,0.866025403784,-1.E-15));
#4106 = ORIENTED_EDGE('',*,*,#4107,.T.);
#4107 = EDGE_CURVE('',#4099,#3848,#4108,.T.);
#4108 = CIRCLE('',#4109,1.64);
#4109 = AXIS2_PLACEMENT_3D('',#4110,#4111,#4112);
#4110 = CARTESIAN_POINT('',(-4.5,7.79422863406,5.));
#4111 = DIRECTION('',(-1.189488223348E-16,1.086025403784E-15,1.));
#4112 = DIRECTION('',(-0.5,0.866025403784,-1.E-15));
#4113 = ORIENTED_EDGE('',*,*,#3856,.T.);
#4114 = ORIENTED_EDGE('',*,*,#4115,.F.);
#4115 = EDGE_CURVE('',#2238,#3857,#4116,.T.);
#4116 = CIRCLE('',#4117,1.64);
#4117 = AXIS2_PLACEMENT_3D('',#4118,#4119,#4120);
#4118 = CARTESIAN_POINT('',(-4.5,7.79422863406,1.32));
#4119 = DIRECTION('',(-1.189488223348E-16,1.086025403784E-15,1.));
#4120 = DIRECTION('',(-0.5,0.866025403784,-1.E-15));
#4121 = CYLINDRICAL_SURFACE('',#4122,1.64);
#4122 = AXIS2_PLACEMENT_3D('',#4123,#4124,#4125);
#4123 = CARTESIAN_POINT('',(-4.5,7.79422863406,5.));
#4124 = DIRECTION('',(1.189488223348E-16,-1.086025403784E-15,-1.));
#4125 = DIRECTION('',(-0.5,0.866025403784,-1.E-15));
#4126 = ADVANCED_FACE('',(#4127),#4138,.F.);
#4127 = FACE_BOUND('',#4128,.F.);
#4128 = EDGE_LOOP('',(#4129,#4130,#4131,#4132));
#4129 = ORIENTED_EDGE('',*,*,#2540,.T.);
#4130 = ORIENTED_EDGE('',*,*,#2499,.T.);
#4131 = ORIENTED_EDGE('',*,*,#2322,.F.);
#4132 = ORIENTED_EDGE('',*,*,#4133,.F.);
#4133 = EDGE_CURVE('',#2541,#2315,#4134,.T.);
#4134 = LINE('',#4135,#4136);
#4135 = CARTESIAN_POINT('',(-13.76556870589,2.55129735689,3.4));
#4136 = VECTOR('',#4137,1.);
#4137 = DIRECTION('',(0.983254907564,-0.182235525492,1.165490433056E-15)
  );
#4138 = PLANE('',#4139);
#4139 = AXIS2_PLACEMENT_3D('',#4140,#4141,#4142);
#4140 = CARTESIAN_POINT('',(-3.43E-15,3.83E-15,3.4));
#4141 = DIRECTION('',(1.E-15,-1.17E-15,-1.));
#4142 = DIRECTION('',(-0.983254907564,0.182235525492,-1.19647047239E-15)
  );
#4143 = ADVANCED_FACE('',(#4144),#4155,.T.);
#4144 = FACE_BOUND('',#4145,.T.);
#4145 = EDGE_LOOP('',(#4146,#4147,#4153,#4154));
#4146 = ORIENTED_EDGE('',*,*,#2549,.F.);
#4147 = ORIENTED_EDGE('',*,*,#4148,.F.);
#4148 = EDGE_CURVE('',#2306,#2550,#4149,.T.);
#4149 = LINE('',#4150,#4151);
#4150 = CARTESIAN_POINT('',(-8.849294168076,1.640119729429,1.32));
#4151 = VECTOR('',#4152,1.);
#4152 = DIRECTION('',(-0.983254907564,0.182235525492,-1.165490433056E-15
    ));
#4153 = ORIENTED_EDGE('',*,*,#2314,.F.);
#4154 = ORIENTED_EDGE('',*,*,#4133,.F.);
#4155 = PLANE('',#4156);
#4156 = AXIS2_PLACEMENT_3D('',#4157,#4158,#4159);
#4157 = CARTESIAN_POINT('',(-11.30743143698,2.09570854316,1.7));
#4158 = DIRECTION('',(-0.182235525492,-0.983254907564,1.051019382072E-15
    ));
#4159 = DIRECTION('',(-0.983254907564,0.182235525492,-1.165490433056E-15
    ));
#4160 = ADVANCED_FACE('',(#4161),#4190,.T.);
#4161 = FACE_BOUND('',#4162,.T.);
#4162 = EDGE_LOOP('',(#4163,#4164,#4165,#4171,#4172,#4181,#4188,#4189));
#4163 = ORIENTED_EDGE('',*,*,#2604,.F.);
#4164 = ORIENTED_EDGE('',*,*,#2629,.T.);
#4165 = ORIENTED_EDGE('',*,*,#4166,.F.);
#4166 = EDGE_CURVE('',#2468,#2583,#4167,.T.);
#4167 = LINE('',#4168,#4169);
#4168 = CARTESIAN_POINT('',(-8.849294168076,-1.640119729429,1.32));
#4169 = VECTOR('',#4170,1.);
#4170 = DIRECTION('',(-0.983254907564,-0.182235525492,
    -7.210193820718E-16));
#4171 = ORIENTED_EDGE('',*,*,#2475,.F.);
#4172 = ORIENTED_EDGE('',*,*,#4173,.T.);
#4173 = EDGE_CURVE('',#2374,#4174,#4176,.T.);
#4174 = VERTEX_POINT('',#4175);
#4175 = CARTESIAN_POINT('',(-7.36,2.E-15,1.32));
#4176 = CIRCLE('',#4177,1.64);
#4177 = AXIS2_PLACEMENT_3D('',#4178,#4179,#4180);
#4178 = CARTESIAN_POINT('',(-9.,1.91E-15,1.32));
#4179 = DIRECTION('',(-1.E-15,1.44E-15,1.));
#4180 = DIRECTION('',(-1.,-1.8E-16,-1.E-15));
#4181 = ORIENTED_EDGE('',*,*,#4182,.F.);
#4182 = EDGE_CURVE('',#2298,#4174,#4183,.T.);
#4183 = CIRCLE('',#4184,1.64);
#4184 = AXIS2_PLACEMENT_3D('',#4185,#4186,#4187);
#4185 = CARTESIAN_POINT('',(-9.,1.32E-15,1.32));
#4186 = DIRECTION('',(1.E-15,-1.E-15,-1.));
#4187 = DIRECTION('',(-1.,1.8E-16,-1.E-15));
#4188 = ORIENTED_EDGE('',*,*,#2305,.T.);
#4189 = ORIENTED_EDGE('',*,*,#4148,.T.);
#4190 = PLANE('',#4191);
#4191 = AXIS2_PLACEMENT_3D('',#4192,#4193,#4194);
#4192 = CARTESIAN_POINT('',(-11.160873122,1.335706667806E-15,1.32));
#4193 = DIRECTION('',(-1.023530008941E-15,1.201992594668E-15,1.));
#4194 = DIRECTION('',(0.,1.,-1.201992594668E-15));
#4195 = ADVANCED_FACE('',(#4196),#4224,.F.);
#4196 = FACE_BOUND('',#4197,.F.);
#4197 = EDGE_LOOP('',(#4198,#4199,#4208,#4217,#4223));
#4198 = ORIENTED_EDGE('',*,*,#2297,.F.);
#4199 = ORIENTED_EDGE('',*,*,#4200,.T.);
#4200 = EDGE_CURVE('',#2289,#4201,#4203,.T.);
#4201 = VERTEX_POINT('',#4202);
#4202 = CARTESIAN_POINT('',(-7.475577777778,0.604761844361,5.));
#4203 = CIRCLE('',#4204,1.64);
#4204 = AXIS2_PLACEMENT_3D('',#4205,#4206,#4207);
#4205 = CARTESIAN_POINT('',(-9.,5.E-15,5.));
#4206 = DIRECTION('',(1.E-15,-1.E-15,-1.));
#4207 = DIRECTION('',(-1.,6.8E-16,-1.E-15));
#4208 = ORIENTED_EDGE('',*,*,#4209,.T.);
#4209 = EDGE_CURVE('',#4201,#4210,#4212,.T.);
#4210 = VERTEX_POINT('',#4211);
#4211 = CARTESIAN_POINT('',(-7.36,5.E-15,5.));
#4212 = CIRCLE('',#4213,1.64);
#4213 = AXIS2_PLACEMENT_3D('',#4214,#4215,#4216);
#4214 = CARTESIAN_POINT('',(-9.,5.E-15,5.));
#4215 = DIRECTION('',(1.E-15,-1.E-15,-1.));
#4216 = DIRECTION('',(-1.,6.8E-16,-1.E-15));
#4217 = ORIENTED_EDGE('',*,*,#4218,.T.);
#4218 = EDGE_CURVE('',#4210,#4174,#4219,.T.);
#4219 = LINE('',#4220,#4221);
#4220 = CARTESIAN_POINT('',(-7.36,4.E-15,5.));
#4221 = VECTOR('',#4222,1.);
#4222 = DIRECTION('',(1.E-15,-1.E-15,-1.));
#4223 = ORIENTED_EDGE('',*,*,#4182,.F.);
#4224 = CYLINDRICAL_SURFACE('',#4225,1.64);
#4225 = AXIS2_PLACEMENT_3D('',#4226,#4227,#4228);
#4226 = CARTESIAN_POINT('',(-9.,5.E-15,5.));
#4227 = DIRECTION('',(1.E-15,-1.E-15,-1.));
#4228 = DIRECTION('',(-1.,6.8E-16,-1.E-15));
#4229 = ADVANCED_FACE('',(#4230),#4310,.T.);
#4230 = FACE_BOUND('',#4231,.T.);
#4231 = EDGE_LOOP('',(#4232,#4233,#4234,#4243,#4250,#4251,#4258,#4259,
    #4267,#4276,#4285,#4293,#4302,#4309));
#4232 = ORIENTED_EDGE('',*,*,#4200,.T.);
#4233 = ORIENTED_EDGE('',*,*,#4209,.T.);
#4234 = ORIENTED_EDGE('',*,*,#4235,.F.);
#4235 = EDGE_CURVE('',#4236,#4210,#4238,.T.);
#4236 = VERTEX_POINT('',#4237);
#4237 = CARTESIAN_POINT('',(-7.475577777778,-0.604761844361,5.));
#4238 = CIRCLE('',#4239,1.64);
#4239 = AXIS2_PLACEMENT_3D('',#4240,#4241,#4242);
#4240 = CARTESIAN_POINT('',(-9.,7.22E-15,5.));
#4241 = DIRECTION('',(-1.E-15,1.44E-15,1.));
#4242 = DIRECTION('',(-1.,-6.8E-16,-1.E-15));
#4243 = ORIENTED_EDGE('',*,*,#4244,.F.);
#4244 = EDGE_CURVE('',#2372,#4236,#4245,.T.);
#4245 = CIRCLE('',#4246,1.64);
#4246 = AXIS2_PLACEMENT_3D('',#4247,#4248,#4249);
#4247 = CARTESIAN_POINT('',(-9.,7.22E-15,5.));
#4248 = DIRECTION('',(-1.E-15,1.44E-15,1.));
#4249 = DIRECTION('',(-1.,-6.8E-16,-1.E-15));
#4250 = ORIENTED_EDGE('',*,*,#2381,.T.);
#4251 = ORIENTED_EDGE('',*,*,#4252,.T.);
#4252 = EDGE_CURVE('',#2382,#2958,#4253,.T.);
#4253 = CIRCLE('',#4254,1.64);
#4254 = AXIS2_PLACEMENT_3D('',#4255,#4256,#4257);
#4255 = CARTESIAN_POINT('',(-7.79422863406,-4.5,5.));
#4256 = DIRECTION('',(5.E-16,-8.660254037844E-16,-1.));
#4257 = DIRECTION('',(-0.866025403784,-0.5,-7.786076131526E-31));
#4258 = ORIENTED_EDGE('',*,*,#2966,.F.);
#4259 = ORIENTED_EDGE('',*,*,#4260,.F.);
#4260 = EDGE_CURVE('',#4261,#2886,#4263,.T.);
#4261 = VERTEX_POINT('',#4262);
#4262 = CARTESIAN_POINT('',(-4.69846310393,-1.710100716628,5.));
#4263 = LINE('',#4264,#4265);
#4264 = CARTESIAN_POINT('',(-4.69846310393,-1.710100716628,5.));
#4265 = VECTOR('',#4266,1.);
#4266 = DIRECTION('',(-0.939692620786,-0.342020143326,
    -3.221861197955E-16));
#4267 = ORIENTED_EDGE('',*,*,#4268,.F.);
#4268 = EDGE_CURVE('',#4269,#4261,#4271,.T.);
#4269 = VERTEX_POINT('',#4270);
#4270 = CARTESIAN_POINT('',(-5.,5.053215498074E-15,5.));
#4271 = CIRCLE('',#4272,5.);
#4272 = AXIS2_PLACEMENT_3D('',#4273,#4274,#4275);
#4273 = CARTESIAN_POINT('',(-3.330669073875E-15,4.440892098501E-15,5.));
#4274 = DIRECTION('',(-6.661338147751E-16,8.881784197001E-16,1.));
#4275 = DIRECTION('',(-1.,1.224646799147E-16,-6.661338147751E-16));
#4276 = ORIENTED_EDGE('',*,*,#4277,.T.);
#4277 = EDGE_CURVE('',#4269,#4278,#4280,.T.);
#4278 = VERTEX_POINT('',#4279);
#4279 = CARTESIAN_POINT('',(-4.69846310393,1.710100716628,5.));
#4280 = CIRCLE('',#4281,5.);
#4281 = AXIS2_PLACEMENT_3D('',#4282,#4283,#4284);
#4282 = CARTESIAN_POINT('',(-3.330669073875E-15,4.440892098501E-15,5.));
#4283 = DIRECTION('',(6.661338147751E-16,-8.881784197001E-16,-1.));
#4284 = DIRECTION('',(-1.,1.224646799147E-16,-6.661338147751E-16));
#4285 = ORIENTED_EDGE('',*,*,#4286,.T.);
#4286 = EDGE_CURVE('',#4278,#4287,#4289,.T.);
#4287 = VERTEX_POINT('',#4288);
#4288 = CARTESIAN_POINT('',(-7.047694655894,2.565151074943,5.));
#4289 = LINE('',#4290,#4291);
#4290 = CARTESIAN_POINT('',(-4.69846310393,1.710100716628,5.));
#4291 = VECTOR('',#4292,1.);
#4292 = DIRECTION('',(-0.939692620786,0.342020143326,-9.297359406047E-16
    ));
#4293 = ORIENTED_EDGE('',*,*,#4294,.F.);
#4294 = EDGE_CURVE('',#4295,#4287,#4297,.T.);
#4295 = VERTEX_POINT('',#4296);
#4296 = CARTESIAN_POINT('',(-6.776421185703,3.214049768433,5.));
#4297 = CIRCLE('',#4298,7.5);
#4298 = AXIS2_PLACEMENT_3D('',#4299,#4300,#4301);
#4299 = CARTESIAN_POINT('',(0.,0.,5.));
#4300 = DIRECTION('',(0.,0.,1.));
#4301 = DIRECTION('',(1.,0.,0.));
#4302 = ORIENTED_EDGE('',*,*,#4303,.F.);
#4303 = EDGE_CURVE('',#2281,#4295,#4304,.T.);
#4304 = CIRCLE('',#4305,1.64);
#4305 = AXIS2_PLACEMENT_3D('',#4306,#4307,#4308);
#4306 = CARTESIAN_POINT('',(-7.79422863406,4.5,5.));
#4307 = DIRECTION('',(-6.460254037844E-16,8.810511776652E-16,1.));
#4308 = DIRECTION('',(-0.866025403784,0.5,-1.E-15));
#4309 = ORIENTED_EDGE('',*,*,#2288,.T.);
#4310 = PLANE('',#4311);
#4311 = AXIS2_PLACEMENT_3D('',#4312,#4313,#4314);
#4312 = CARTESIAN_POINT('',(-6.918274576091,4.220307013582E-15,5.));
#4313 = DIRECTION('',(-2.46244163835E-16,8.172756116919E-16,1.));
#4314 = DIRECTION('',(0.,1.,-8.172756116919E-16));
#4315 = ADVANCED_FACE('',(#4316),#4344,.F.);
#4316 = FACE_BOUND('',#4317,.T.);
#4317 = EDGE_LOOP('',(#4318,#4319,#4320,#4329,#4337));
#4318 = ORIENTED_EDGE('',*,*,#2280,.F.);
#4319 = ORIENTED_EDGE('',*,*,#4303,.T.);
#4320 = ORIENTED_EDGE('',*,*,#4321,.T.);
#4321 = EDGE_CURVE('',#4295,#4322,#4324,.T.);
#4322 = VERTEX_POINT('',#4323);
#4323 = CARTESIAN_POINT('',(-6.373946971853,3.68,5.));
#4324 = CIRCLE('',#4325,1.64);
#4325 = AXIS2_PLACEMENT_3D('',#4326,#4327,#4328);
#4326 = CARTESIAN_POINT('',(-7.79422863406,4.5,5.));
#4327 = DIRECTION('',(-6.460254037844E-16,8.810511776652E-16,1.));
#4328 = DIRECTION('',(-0.866025403784,0.5,-1.E-15));
#4329 = ORIENTED_EDGE('',*,*,#4330,.T.);
#4330 = EDGE_CURVE('',#4322,#4331,#4333,.T.);
#4331 = VERTEX_POINT('',#4332);
#4332 = CARTESIAN_POINT('',(-6.373946971853,3.68,1.32));
#4333 = LINE('',#4334,#4335);
#4334 = CARTESIAN_POINT('',(-6.373946971853,3.68,5.));
#4335 = VECTOR('',#4336,1.);
#4336 = DIRECTION('',(8.660254037844E-16,-5.E-16,-1.));
#4337 = ORIENTED_EDGE('',*,*,#4338,.F.);
#4338 = EDGE_CURVE('',#2272,#4331,#4339,.T.);
#4339 = CIRCLE('',#4340,1.64);
#4340 = AXIS2_PLACEMENT_3D('',#4341,#4342,#4343);
#4341 = CARTESIAN_POINT('',(-7.79422863406,4.5,1.32));
#4342 = DIRECTION('',(-6.460254037844E-16,8.810511776652E-16,1.));
#4343 = DIRECTION('',(-0.866025403784,0.5,-1.E-15));
#4344 = CYLINDRICAL_SURFACE('',#4345,1.64);
#4345 = AXIS2_PLACEMENT_3D('',#4346,#4347,#4348);
#4346 = CARTESIAN_POINT('',(-7.79422863406,4.5,5.));
#4347 = DIRECTION('',(6.460254037844E-16,-8.810511776652E-16,-1.));
#4348 = DIRECTION('',(-0.866025403784,0.5,-1.E-15));
#4349 = ADVANCED_FACE('',(#4350),#4360,.F.);
#4350 = FACE_BOUND('',#4351,.T.);
#4351 = EDGE_LOOP('',(#4352,#4353,#4354));
#4352 = ORIENTED_EDGE('',*,*,#2271,.F.);
#4353 = ORIENTED_EDGE('',*,*,#4338,.T.);
#4354 = ORIENTED_EDGE('',*,*,#4355,.T.);
#4355 = EDGE_CURVE('',#4331,#2263,#4356,.T.);
#4356 = LINE('',#4357,#4358);
#4357 = CARTESIAN_POINT('',(-6.373946971853,3.68,1.32));
#4358 = VECTOR('',#4359,1.);
#4359 = DIRECTION('',(-0.866025403784,0.5,-1.E-15));
#4360 = PLANE('',#4361);
#4361 = AXIS2_PLACEMENT_3D('',#4362,#4363,#4364);
#4362 = CARTESIAN_POINT('',(-7.79422863406,4.5,1.32));
#4363 = DIRECTION('',(6.460254037844E-16,-8.810511776652E-16,-1.));
#4364 = DIRECTION('',(0.866025403784,-0.5,1.E-15));
#4365 = ADVANCED_FACE('',(#4366),#4377,.F.);
#4366 = FACE_BOUND('',#4367,.F.);
#4367 = EDGE_LOOP('',(#4368,#4369,#4376));
#4368 = ORIENTED_EDGE('',*,*,#2262,.T.);
#4369 = ORIENTED_EDGE('',*,*,#4370,.T.);
#4370 = EDGE_CURVE('',#2255,#4331,#4371,.T.);
#4371 = CIRCLE('',#4372,1.64);
#4372 = AXIS2_PLACEMENT_3D('',#4373,#4374,#4375);
#4373 = CARTESIAN_POINT('',(-7.79422863406,4.5,1.32));
#4374 = DIRECTION('',(8.660254037844E-16,-5.E-16,-1.));
#4375 = DIRECTION('',(-0.866025403784,0.5,-1.E-15));
#4376 = ORIENTED_EDGE('',*,*,#4355,.T.);
#4377 = PLANE('',#4378);
#4378 = AXIS2_PLACEMENT_3D('',#4379,#4380,#4381);
#4379 = CARTESIAN_POINT('',(-7.79422863406,4.5,1.32));
#4380 = DIRECTION('',(8.660254037844E-16,-5.E-16,-1.));
#4381 = DIRECTION('',(-0.866025403784,0.5,-1.E-15));
#4382 = ADVANCED_FACE('',(#4383),#4404,.F.);
#4383 = FACE_BOUND('',#4384,.F.);
#4384 = EDGE_LOOP('',(#4385,#4386,#4395,#4402,#4403));
#4385 = ORIENTED_EDGE('',*,*,#2254,.F.);
#4386 = ORIENTED_EDGE('',*,*,#4387,.T.);
#4387 = EDGE_CURVE('',#2246,#4388,#4390,.T.);
#4388 = VERTEX_POINT('',#4389);
#4389 = CARTESIAN_POINT('',(-6.171659341341,4.261528009345,5.));
#4390 = CIRCLE('',#4391,1.64);
#4391 = AXIS2_PLACEMENT_3D('',#4392,#4393,#4394);
#4392 = CARTESIAN_POINT('',(-7.79422863406,4.5,5.));
#4393 = DIRECTION('',(8.660254037844E-16,-5.E-16,-1.));
#4394 = DIRECTION('',(-0.866025403784,0.5,-1.E-15));
#4395 = ORIENTED_EDGE('',*,*,#4396,.T.);
#4396 = EDGE_CURVE('',#4388,#4322,#4397,.T.);
#4397 = CIRCLE('',#4398,1.64);
#4398 = AXIS2_PLACEMENT_3D('',#4399,#4400,#4401);
#4399 = CARTESIAN_POINT('',(-7.79422863406,4.5,5.));
#4400 = DIRECTION('',(8.660254037844E-16,-5.E-16,-1.));
#4401 = DIRECTION('',(-0.866025403784,0.5,-1.E-15));
#4402 = ORIENTED_EDGE('',*,*,#4330,.T.);
#4403 = ORIENTED_EDGE('',*,*,#4370,.F.);
#4404 = CYLINDRICAL_SURFACE('',#4405,1.64);
#4405 = AXIS2_PLACEMENT_3D('',#4406,#4407,#4408);
#4406 = CARTESIAN_POINT('',(-7.79422863406,4.5,5.));
#4407 = DIRECTION('',(8.660254037844E-16,-5.E-16,-1.));
#4408 = DIRECTION('',(-0.866025403784,0.5,-1.E-15));
#4409 = ADVANCED_FACE('',(#4410),#4422,.T.);
#4410 = FACE_BOUND('',#4411,.T.);
#4411 = EDGE_LOOP('',(#4412,#4419,#4420,#4421));
#4412 = ORIENTED_EDGE('',*,*,#4413,.F.);
#4413 = EDGE_CURVE('',#4099,#4388,#4414,.T.);
#4414 = CIRCLE('',#4415,7.5);
#4415 = AXIS2_PLACEMENT_3D('',#4416,#4417,#4418);
#4416 = CARTESIAN_POINT('',(0.,0.,5.));
#4417 = DIRECTION('',(0.,0.,1.));
#4418 = DIRECTION('',(1.,0.,0.));
#4419 = ORIENTED_EDGE('',*,*,#4098,.F.);
#4420 = ORIENTED_EDGE('',*,*,#2245,.T.);
#4421 = ORIENTED_EDGE('',*,*,#4387,.T.);
#4422 = PLANE('',#4423);
#4423 = AXIS2_PLACEMENT_3D('',#4424,#4425,#4426);
#4424 = CARTESIAN_POINT('',(-3.E-16,2.4E-16,5.));
#4425 = DIRECTION('',(0.,0.,1.));
#4426 = DIRECTION('',(1.,0.,0.));
#4427 = ADVANCED_FACE('',(#4428),#4435,.F.);
#4428 = FACE_BOUND('',#4429,.T.);
#4429 = EDGE_LOOP('',(#4430,#4431,#4432,#4433,#4434));
#4430 = ORIENTED_EDGE('',*,*,#2371,.F.);
#4431 = ORIENTED_EDGE('',*,*,#4244,.T.);
#4432 = ORIENTED_EDGE('',*,*,#4235,.T.);
#4433 = ORIENTED_EDGE('',*,*,#4218,.T.);
#4434 = ORIENTED_EDGE('',*,*,#4173,.F.);
#4435 = CYLINDRICAL_SURFACE('',#4436,1.64);
#4436 = AXIS2_PLACEMENT_3D('',#4437,#4438,#4439);
#4437 = CARTESIAN_POINT('',(-9.,7.22E-15,5.));
#4438 = DIRECTION('',(1.E-15,-1.44E-15,-1.));
#4439 = DIRECTION('',(-1.,-6.8E-16,-1.E-15));
#4440 = ADVANCED_FACE('',(#4441),#4452,.T.);
#4441 = FACE_BOUND('',#4442,.F.);
#4442 = EDGE_LOOP('',(#4443,#4444,#4445,#4446));
#4443 = ORIENTED_EDGE('',*,*,#2582,.F.);
#4444 = ORIENTED_EDGE('',*,*,#4166,.F.);
#4445 = ORIENTED_EDGE('',*,*,#2467,.F.);
#4446 = ORIENTED_EDGE('',*,*,#4447,.F.);
#4447 = EDGE_CURVE('',#2574,#2459,#4448,.T.);
#4448 = LINE('',#4449,#4450);
#4449 = CARTESIAN_POINT('',(-13.76556870589,-2.55129735689,3.4));
#4450 = VECTOR('',#4451,1.);
#4451 = DIRECTION('',(0.983254907564,0.182235525492,8.010193820718E-16)
  );
#4452 = PLANE('',#4453);
#4453 = AXIS2_PLACEMENT_3D('',#4454,#4455,#4456);
#4454 = CARTESIAN_POINT('',(-11.30743143698,-2.09570854316,1.7));
#4455 = DIRECTION('',(-0.182235525492,0.983254907564,-1.345490433056E-15
    ));
#4456 = DIRECTION('',(0.983254907564,0.182235525492,7.210193820718E-16)
  );
#4457 = ADVANCED_FACE('',(#4458),#4464,.F.);
#4458 = FACE_BOUND('',#4459,.T.);
#4459 = EDGE_LOOP('',(#4460,#4461,#4462,#4463));
#4460 = ORIENTED_EDGE('',*,*,#2573,.T.);
#4461 = ORIENTED_EDGE('',*,*,#2523,.T.);
#4462 = ORIENTED_EDGE('',*,*,#2458,.F.);
#4463 = ORIENTED_EDGE('',*,*,#4447,.F.);
#4464 = PLANE('',#4465);
#4465 = AXIS2_PLACEMENT_3D('',#4466,#4467,#4468);
#4466 = CARTESIAN_POINT('',(-3.43E-15,4.48E-15,3.4));
#4467 = DIRECTION('',(1.E-15,-1.28E-15,-1.));
#4468 = DIRECTION('',(0.983254907564,0.182235525492,7.49993434934E-16));
#4469 = ADVANCED_FACE('',(#4470),#4498,.F.);
#4470 = FACE_BOUND('',#4471,.T.);
#4471 = EDGE_LOOP('',(#4472,#4473,#4474,#4483,#4491));
#4472 = ORIENTED_EDGE('',*,*,#2416,.F.);
#4473 = ORIENTED_EDGE('',*,*,#3069,.T.);
#4474 = ORIENTED_EDGE('',*,*,#4475,.T.);
#4475 = EDGE_CURVE('',#2949,#4476,#4478,.T.);
#4476 = VERTEX_POINT('',#4477);
#4477 = CARTESIAN_POINT('',(-6.373946971853,-3.68,5.));
#4478 = CIRCLE('',#4479,1.64);
#4479 = AXIS2_PLACEMENT_3D('',#4480,#4481,#4482);
#4480 = CARTESIAN_POINT('',(-7.79422863406,-4.5,5.));
#4481 = DIRECTION('',(-7.2E-16,1.24707658145E-15,1.));
#4482 = DIRECTION('',(-0.866025403784,-0.5,8.805923868474E-31));
#4483 = ORIENTED_EDGE('',*,*,#4484,.T.);
#4484 = EDGE_CURVE('',#4476,#4485,#4487,.T.);
#4485 = VERTEX_POINT('',#4486);
#4486 = CARTESIAN_POINT('',(-6.373946971853,-3.68,1.32));
#4487 = LINE('',#4488,#4489);
#4488 = CARTESIAN_POINT('',(-6.373946971853,-3.68,5.));
#4489 = VECTOR('',#4490,1.);
#4490 = DIRECTION('',(5.E-16,-8.660254037844E-16,-1.));
#4491 = ORIENTED_EDGE('',*,*,#4492,.F.);
#4492 = EDGE_CURVE('',#2408,#4485,#4493,.T.);
#4493 = CIRCLE('',#4494,1.64);
#4494 = AXIS2_PLACEMENT_3D('',#4495,#4496,#4497);
#4495 = CARTESIAN_POINT('',(-7.79422863406,-4.5,1.32));
#4496 = DIRECTION('',(-7.2E-16,1.24707658145E-15,1.));
#4497 = DIRECTION('',(-0.866025403784,-0.5,1.605923868474E-31));
#4498 = CYLINDRICAL_SURFACE('',#4499,1.64);
#4499 = AXIS2_PLACEMENT_3D('',#4500,#4501,#4502);
#4500 = CARTESIAN_POINT('',(-7.79422863406,-4.5,5.));
#4501 = DIRECTION('',(7.2E-16,-1.24707658145E-15,-1.));
#4502 = DIRECTION('',(-0.866025403784,-0.5,8.805923868474E-31));
#4503 = ADVANCED_FACE('',(#4504),#4514,.F.);
#4504 = FACE_BOUND('',#4505,.T.);
#4505 = EDGE_LOOP('',(#4506,#4507,#4508));
#4506 = ORIENTED_EDGE('',*,*,#2407,.F.);
#4507 = ORIENTED_EDGE('',*,*,#4492,.T.);
#4508 = ORIENTED_EDGE('',*,*,#4509,.T.);
#4509 = EDGE_CURVE('',#4485,#2399,#4510,.T.);
#4510 = LINE('',#4511,#4512);
#4511 = CARTESIAN_POINT('',(-6.373946971853,-3.68,1.32));
#4512 = VECTOR('',#4513,1.);
#4513 = DIRECTION('',(-0.866025403784,-0.5,2.139238684737E-32));
#4514 = PLANE('',#4515);
#4515 = AXIS2_PLACEMENT_3D('',#4516,#4517,#4518);
#4516 = CARTESIAN_POINT('',(-7.79422863406,-4.5,1.32));
#4517 = DIRECTION('',(7.2E-16,-1.24707658145E-15,-1.));
#4518 = DIRECTION('',(0.866025403784,0.5,-1.605923868474E-31));
#4519 = ADVANCED_FACE('',(#4520),#4531,.F.);
#4520 = FACE_BOUND('',#4521,.F.);
#4521 = EDGE_LOOP('',(#4522,#4523,#4530));
#4522 = ORIENTED_EDGE('',*,*,#2398,.T.);
#4523 = ORIENTED_EDGE('',*,*,#4524,.T.);
#4524 = EDGE_CURVE('',#2391,#4485,#4525,.T.);
#4525 = CIRCLE('',#4526,1.64);
#4526 = AXIS2_PLACEMENT_3D('',#4527,#4528,#4529);
#4527 = CARTESIAN_POINT('',(-7.79422863406,-4.5,1.32));
#4528 = DIRECTION('',(5.E-16,-8.660254037844E-16,-1.));
#4529 = DIRECTION('',(-0.866025403784,-0.5,-2.786076131526E-31));
#4530 = ORIENTED_EDGE('',*,*,#4509,.T.);
#4531 = PLANE('',#4532);
#4532 = AXIS2_PLACEMENT_3D('',#4533,#4534,#4535);
#4533 = CARTESIAN_POINT('',(-7.79422863406,-4.5,1.32));
#4534 = DIRECTION('',(5.E-16,-8.660254037844E-16,-1.));
#4535 = DIRECTION('',(-0.866025403784,-0.5,-2.786076131526E-31));
#4536 = ADVANCED_FACE('',(#4537),#4550,.F.);
#4537 = FACE_BOUND('',#4538,.F.);
#4538 = EDGE_LOOP('',(#4539,#4540,#4541,#4548,#4549));
#4539 = ORIENTED_EDGE('',*,*,#2390,.F.);
#4540 = ORIENTED_EDGE('',*,*,#4252,.T.);
#4541 = ORIENTED_EDGE('',*,*,#4542,.T.);
#4542 = EDGE_CURVE('',#2958,#4476,#4543,.T.);
#4543 = CIRCLE('',#4544,1.64);
#4544 = AXIS2_PLACEMENT_3D('',#4545,#4546,#4547);
#4545 = CARTESIAN_POINT('',(-7.79422863406,-4.5,5.));
#4546 = DIRECTION('',(5.E-16,-8.660254037844E-16,-1.));
#4547 = DIRECTION('',(-0.866025403784,-0.5,-7.786076131526E-31));
#4548 = ORIENTED_EDGE('',*,*,#4484,.T.);
#4549 = ORIENTED_EDGE('',*,*,#4524,.F.);
#4550 = CYLINDRICAL_SURFACE('',#4551,1.64);
#4551 = AXIS2_PLACEMENT_3D('',#4552,#4553,#4554);
#4552 = CARTESIAN_POINT('',(-7.79422863406,-4.5,5.));
#4553 = DIRECTION('',(5.E-16,-8.660254037844E-16,-1.));
#4554 = DIRECTION('',(-0.866025403784,-0.5,-7.786076131526E-31));
#4555 = ADVANCED_FACE('',(#4556,#4677,#4711),#4714,.T.);
#4556 = FACE_BOUND('',#4557,.T.);
#4557 = EDGE_LOOP('',(#4558,#4569,#4578,#4586,#4595,#4603,#4612,#4621,
    #4629,#4638,#4646,#4655,#4664,#4670,#4671));
#4558 = ORIENTED_EDGE('',*,*,#4559,.F.);
#4559 = EDGE_CURVE('',#4560,#4562,#4564,.T.);
#4560 = VERTEX_POINT('',#4561);
#4561 = CARTESIAN_POINT('',(5.,-2.6645352591E-15,12.));
#4562 = VERTEX_POINT('',#4563);
#4563 = CARTESIAN_POINT('',(4.69846310393,-1.710100716628,12.));
#4564 = CIRCLE('',#4565,5.);
#4565 = AXIS2_PLACEMENT_3D('',#4566,#4567,#4568);
#4566 = CARTESIAN_POINT('',(0.,-2.6645352591E-15,12.));
#4567 = DIRECTION('',(0.,2.22044604925E-16,-1.));
#4568 = DIRECTION('',(1.,0.,0.));
#4569 = ORIENTED_EDGE('',*,*,#4570,.T.);
#4570 = EDGE_CURVE('',#4560,#4571,#4573,.T.);
#4571 = VERTEX_POINT('',#4572);
#4572 = CARTESIAN_POINT('',(4.69846310393,1.710100716628,12.));
#4573 = CIRCLE('',#4574,5.);
#4574 = AXIS2_PLACEMENT_3D('',#4575,#4576,#4577);
#4575 = CARTESIAN_POINT('',(0.,-2.6645352591E-15,12.));
#4576 = DIRECTION('',(0.,-2.22044604925E-16,1.));
#4577 = DIRECTION('',(1.,0.,0.));
#4578 = ORIENTED_EDGE('',*,*,#4579,.F.);
#4579 = EDGE_CURVE('',#4580,#4571,#4582,.T.);
#4580 = VERTEX_POINT('',#4581);
#4581 = CARTESIAN_POINT('',(7.047694655894,2.565151074943,12.));
#4582 = LINE('',#4583,#4584);
#4583 = CARTESIAN_POINT('',(7.047694655894,2.565151074943,12.));
#4584 = VECTOR('',#4585,1.);
#4585 = DIRECTION('',(-0.939692620786,-0.342020143326,
    -7.594372760115E-17));
#4586 = ORIENTED_EDGE('',*,*,#4587,.T.);
#4587 = EDGE_CURVE('',#4580,#4588,#4590,.T.);
#4588 = VERTEX_POINT('',#4589);
#4589 = CARTESIAN_POINT('',(2.565151074943,7.047694655894,12.));
#4590 = CIRCLE('',#4591,7.5);
#4591 = AXIS2_PLACEMENT_3D('',#4592,#4593,#4594);
#4592 = CARTESIAN_POINT('',(0.,0.,12.));
#4593 = DIRECTION('',(0.,0.,1.));
#4594 = DIRECTION('',(1.,0.,0.));
#4595 = ORIENTED_EDGE('',*,*,#4596,.T.);
#4596 = EDGE_CURVE('',#4588,#4597,#4599,.T.);
#4597 = VERTEX_POINT('',#4598);
#4598 = CARTESIAN_POINT('',(1.710100716628,4.69846310393,12.));
#4599 = LINE('',#4600,#4601);
#4600 = CARTESIAN_POINT('',(2.565151074943,7.047694655894,12.));
#4601 = VECTOR('',#4602,1.);
#4602 = DIRECTION('',(-0.342020143326,-0.939692620786,7.019047578013E-16
    ));
#4603 = ORIENTED_EDGE('',*,*,#4604,.F.);
#4604 = EDGE_CURVE('',#4605,#4597,#4607,.T.);
#4605 = VERTEX_POINT('',#4606);
#4606 = CARTESIAN_POINT('',(3.219646771413E-15,5.,12.));
#4607 = CIRCLE('',#4608,5.);
#4608 = AXIS2_PLACEMENT_3D('',#4609,#4610,#4611);
#4609 = CARTESIAN_POINT('',(2.6645352591E-15,7.993605777301E-15,12.));
#4610 = DIRECTION('',(-2.22044604925E-16,-6.661338147751E-16,-1.));
#4611 = DIRECTION('',(1.110223024625E-16,1.,-6.661338147751E-16));
#4612 = ORIENTED_EDGE('',*,*,#4613,.T.);
#4613 = EDGE_CURVE('',#4605,#4614,#4616,.T.);
#4614 = VERTEX_POINT('',#4615);
#4615 = CARTESIAN_POINT('',(-1.710100716628,4.69846310393,12.));
#4616 = CIRCLE('',#4617,5.);
#4617 = AXIS2_PLACEMENT_3D('',#4618,#4619,#4620);
#4618 = CARTESIAN_POINT('',(2.6645352591E-15,7.993605777301E-15,12.));
#4619 = DIRECTION('',(2.22044604925E-16,6.661338147751E-16,1.));
#4620 = DIRECTION('',(1.110223024625E-16,1.,-6.661338147751E-16));
#4621 = ORIENTED_EDGE('',*,*,#4622,.F.);
#4622 = EDGE_CURVE('',#4623,#4614,#4625,.T.);
#4623 = VERTEX_POINT('',#4624);
#4624 = CARTESIAN_POINT('',(-2.565151074943,7.047694655894,12.));
#4625 = LINE('',#4626,#4627);
#4626 = CARTESIAN_POINT('',(-2.565151074943,7.047694655894,12.));
#4627 = VECTOR('',#4628,1.);
#4628 = DIRECTION('',(0.342020143326,-0.939692620786,5.50017302599E-16)
  );
#4629 = ORIENTED_EDGE('',*,*,#4630,.T.);
#4630 = EDGE_CURVE('',#4623,#4631,#4633,.T.);
#4631 = VERTEX_POINT('',#4632);
#4632 = CARTESIAN_POINT('',(-7.047694655894,2.565151074943,12.));
#4633 = CIRCLE('',#4634,7.5);
#4634 = AXIS2_PLACEMENT_3D('',#4635,#4636,#4637);
#4635 = CARTESIAN_POINT('',(0.,0.,12.));
#4636 = DIRECTION('',(0.,0.,1.));
#4637 = DIRECTION('',(1.,0.,0.));
#4638 = ORIENTED_EDGE('',*,*,#4639,.T.);
#4639 = EDGE_CURVE('',#4631,#4640,#4642,.T.);
#4640 = VERTEX_POINT('',#4641);
#4641 = CARTESIAN_POINT('',(-4.69846310393,1.710100716628,12.));
#4642 = LINE('',#4643,#4644);
#4643 = CARTESIAN_POINT('',(-7.047694655894,2.565151074943,12.));
#4644 = VECTOR('',#4645,1.);
#4645 = DIRECTION('',(0.939692620786,-0.342020143326,9.297359406047E-16)
  );
#4646 = ORIENTED_EDGE('',*,*,#4647,.F.);
#4647 = EDGE_CURVE('',#4648,#4640,#4650,.T.);
#4648 = VERTEX_POINT('',#4649);
#4649 = CARTESIAN_POINT('',(-5.,1.127046443598E-14,12.));
#4650 = CIRCLE('',#4651,5.);
#4651 = AXIS2_PLACEMENT_3D('',#4652,#4653,#4654);
#4652 = CARTESIAN_POINT('',(-7.993605777301E-15,1.06581410364E-14,12.));
#4653 = DIRECTION('',(6.661338147751E-16,-8.881784197001E-16,-1.));
#4654 = DIRECTION('',(-1.,1.224646799147E-16,-6.661338147751E-16));
#4655 = ORIENTED_EDGE('',*,*,#4656,.T.);
#4656 = EDGE_CURVE('',#4648,#4657,#4659,.T.);
#4657 = VERTEX_POINT('',#4658);
#4658 = CARTESIAN_POINT('',(-4.69846310393,-1.710100716628,12.));
#4659 = CIRCLE('',#4660,5.);
#4660 = AXIS2_PLACEMENT_3D('',#4661,#4662,#4663);
#4661 = CARTESIAN_POINT('',(-7.993605777301E-15,1.06581410364E-14,12.));
#4662 = DIRECTION('',(-6.661338147751E-16,8.881784197001E-16,1.));
#4663 = DIRECTION('',(-1.,1.224646799147E-16,-6.661338147751E-16));
#4664 = ORIENTED_EDGE('',*,*,#4665,.F.);
#4665 = EDGE_CURVE('',#2888,#4657,#4666,.T.);
#4666 = LINE('',#4667,#4668);
#4667 = CARTESIAN_POINT('',(-7.047694655894,-2.565151074943,12.));
#4668 = VECTOR('',#4669,1.);
#4669 = DIRECTION('',(0.939692620786,0.342020143326,3.221861197955E-16)
  );
#4670 = ORIENTED_EDGE('',*,*,#2895,.T.);
#4671 = ORIENTED_EDGE('',*,*,#4672,.T.);
#4672 = EDGE_CURVE('',#2896,#4562,#4673,.T.);
#4673 = LINE('',#4674,#4675);
#4674 = CARTESIAN_POINT('',(7.047694655894,-2.565151074943,12.));
#4675 = VECTOR('',#4676,1.);
#4676 = DIRECTION('',(-0.939692620786,0.342020143326,7.594372760115E-17)
  );
#4677 = FACE_BOUND('',#4678,.T.);
#4678 = EDGE_LOOP('',(#4679,#4689,#4697,#4705));
#4679 = ORIENTED_EDGE('',*,*,#4680,.T.);
#4680 = EDGE_CURVE('',#4681,#4683,#4685,.T.);
#4681 = VERTEX_POINT('',#4682);
#4682 = CARTESIAN_POINT('',(-2.7,-6.,12.));
#4683 = VERTEX_POINT('',#4684);
#4684 = CARTESIAN_POINT('',(-2.7,-3.2,12.));
#4685 = LINE('',#4686,#4687);
#4686 = CARTESIAN_POINT('',(-2.7,-6.,12.));
#4687 = VECTOR('',#4688,1.);
#4688 = DIRECTION('',(0.,1.,0.));
#4689 = ORIENTED_EDGE('',*,*,#4690,.T.);
#4690 = EDGE_CURVE('',#4683,#4691,#4693,.T.);
#4691 = VERTEX_POINT('',#4692);
#4692 = CARTESIAN_POINT('',(2.7,-3.2,12.));
#4693 = LINE('',#4694,#4695);
#4694 = CARTESIAN_POINT('',(-2.7,-3.2,12.));
#4695 = VECTOR('',#4696,1.);
#4696 = DIRECTION('',(1.,0.,0.));
#4697 = ORIENTED_EDGE('',*,*,#4698,.T.);
#4698 = EDGE_CURVE('',#4691,#4699,#4701,.T.);
#4699 = VERTEX_POINT('',#4700);
#4700 = CARTESIAN_POINT('',(2.7,-6.,12.));
#4701 = LINE('',#4702,#4703);
#4702 = CARTESIAN_POINT('',(2.7,-3.2,12.));
#4703 = VECTOR('',#4704,1.);
#4704 = DIRECTION('',(0.,-1.,0.));
#4705 = ORIENTED_EDGE('',*,*,#4706,.T.);
#4706 = EDGE_CURVE('',#4699,#4681,#4707,.T.);
#4707 = LINE('',#4708,#4709);
#4708 = CARTESIAN_POINT('',(2.7,-6.,12.));
#4709 = VECTOR('',#4710,1.);
#4710 = DIRECTION('',(-1.,0.,0.));
#4711 = FACE_BOUND('',#4712,.T.);
#4712 = EDGE_LOOP('',(#4713));
#4713 = ORIENTED_EDGE('',*,*,#2647,.F.);
#4714 = PLANE('',#4715);
#4715 = AXIS2_PLACEMENT_3D('',#4716,#4717,#4718);
#4716 = CARTESIAN_POINT('',(-3.646507020105E-16,5.848900222367E-17,12.)
  );
#4717 = DIRECTION('',(0.,0.,1.));
#4718 = DIRECTION('',(1.,0.,0.));
#4719 = ADVANCED_FACE('',(#4720),#4739,.F.);
#4720 = FACE_BOUND('',#4721,.F.);
#4721 = EDGE_LOOP('',(#4722,#4723,#4731,#4738));
#4722 = ORIENTED_EDGE('',*,*,#2666,.F.);
#4723 = ORIENTED_EDGE('',*,*,#4724,.T.);
#4724 = EDGE_CURVE('',#2667,#4725,#4727,.T.);
#4725 = VERTEX_POINT('',#4726);
#4726 = CARTESIAN_POINT('',(-1.75,-3.2,8.326555));
#4727 = LINE('',#4728,#4729);
#4728 = CARTESIAN_POINT('',(-1.75,-1.,8.326555));
#4729 = VECTOR('',#4730,1.);
#4730 = DIRECTION('',(0.,-1.,2.22044604925E-16));
#4731 = ORIENTED_EDGE('',*,*,#4732,.T.);
#4732 = EDGE_CURVE('',#4725,#4725,#4733,.T.);
#4733 = CIRCLE('',#4734,1.75);
#4734 = AXIS2_PLACEMENT_3D('',#4735,#4736,#4737);
#4735 = CARTESIAN_POINT('',(0.,-3.2,8.326555));
#4736 = DIRECTION('',(0.,1.,-2.22044604925E-16));
#4737 = DIRECTION('',(-1.,0.,0.));
#4738 = ORIENTED_EDGE('',*,*,#4724,.F.);
#4739 = CYLINDRICAL_SURFACE('',#4740,1.75);
#4740 = AXIS2_PLACEMENT_3D('',#4741,#4742,#4743);
#4741 = CARTESIAN_POINT('',(0.,-1.,8.326555));
#4742 = DIRECTION('',(0.,1.,-2.22044604925E-16));
#4743 = DIRECTION('',(-1.,0.,0.));
#4744 = ADVANCED_FACE('',(#4745),#4756,.F.);
#4745 = FACE_BOUND('',#4746,.F.);
#4746 = EDGE_LOOP('',(#4747,#4748,#4755));
#4747 = ORIENTED_EDGE('',*,*,#2771,.F.);
#4748 = ORIENTED_EDGE('',*,*,#4749,.T.);
#4749 = EDGE_CURVE('',#2772,#1454,#4750,.T.);
#4750 = CIRCLE('',#4751,9.);
#4751 = AXIS2_PLACEMENT_3D('',#4752,#4753,#4754);
#4752 = CARTESIAN_POINT('',(-2.598076211353E-16,-1.5E-16,1.32));
#4753 = DIRECTION('',(-1.905255888326E-16,-1.1E-16,1.));
#4754 = DIRECTION('',(0.5,-0.866025403784,0.));
#4755 = ORIENTED_EDGE('',*,*,#2795,.F.);
#4756 = PLANE('',#4757);
#4757 = AXIS2_PLACEMENT_3D('',#4758,#4759,#4760);
#4758 = CARTESIAN_POINT('',(-2.598076211353E-16,-1.5E-16,1.32));
#4759 = DIRECTION('',(1.905255888326E-16,1.1E-16,-1.));
#4760 = DIRECTION('',(-0.5,0.866025403784,0.));
#4761 = ADVANCED_FACE('',(#4762),#4767,.F.);
#4762 = FACE_BOUND('',#4763,.T.);
#4763 = EDGE_LOOP('',(#4764,#4765,#4766));
#4764 = ORIENTED_EDGE('',*,*,#4749,.T.);
#4765 = ORIENTED_EDGE('',*,*,#2853,.T.);
#4766 = ORIENTED_EDGE('',*,*,#2821,.T.);
#4767 = PLANE('',#4768);
#4768 = AXIS2_PLACEMENT_3D('',#4769,#4770,#4771);
#4769 = CARTESIAN_POINT('',(4.5,-7.79422863406,1.32));
#4770 = DIRECTION('',(3.810511776652E-16,2.2E-16,-1.));
#4771 = DIRECTION('',(-0.5,0.866025403784,-7.92E-32));
#4772 = ADVANCED_FACE('',(#4773),#4784,.T.);
#4773 = FACE_BOUND('',#4774,.T.);
#4774 = EDGE_LOOP('',(#4775,#4776,#4782,#4783));
#4775 = ORIENTED_EDGE('',*,*,#4665,.T.);
#4776 = ORIENTED_EDGE('',*,*,#4777,.T.);
#4777 = EDGE_CURVE('',#4657,#4261,#4778,.T.);
#4778 = LINE('',#4779,#4780);
#4779 = CARTESIAN_POINT('',(-4.69846310393,-1.710100716628,12.));
#4780 = VECTOR('',#4781,1.);
#4781 = DIRECTION('',(6.661338147751E-16,-8.881784197001E-16,-1.));
#4782 = ORIENTED_EDGE('',*,*,#4260,.T.);
#4783 = ORIENTED_EDGE('',*,*,#2885,.T.);
#4784 = PLANE('',#4785);
#4785 = AXIS2_PLACEMENT_3D('',#4786,#4787,#4788);
#4786 = CARTESIAN_POINT('',(-5.873078879912,-2.137625895785,8.5));
#4787 = DIRECTION('',(-0.342020143326,0.939692620786,-1.284490494662E-15
    ));
#4788 = DIRECTION('',(7.420775423762E-16,-1.096832096433E-15,-1.));
#4789 = ADVANCED_FACE('',(#4790),#4795,.F.);
#4790 = FACE_BOUND('',#4791,.F.);
#4791 = EDGE_LOOP('',(#4792,#4793,#4794));
#4792 = ORIENTED_EDGE('',*,*,#2957,.T.);
#4793 = ORIENTED_EDGE('',*,*,#4475,.T.);
#4794 = ORIENTED_EDGE('',*,*,#4542,.F.);
#4795 = PLANE('',#4796);
#4796 = AXIS2_PLACEMENT_3D('',#4797,#4798,#4799);
#4797 = CARTESIAN_POINT('',(-3.646507020105E-16,5.848900222367E-17,5.));
#4798 = DIRECTION('',(0.,0.,1.));
#4799 = DIRECTION('',(1.,0.,0.));
#4800 = ADVANCED_FACE('',(#4801),#4812,.T.);
#4801 = FACE_BOUND('',#4802,.F.);
#4802 = EDGE_LOOP('',(#4803,#4804,#4810,#4811));
#4803 = ORIENTED_EDGE('',*,*,#4672,.T.);
#4804 = ORIENTED_EDGE('',*,*,#4805,.T.);
#4805 = EDGE_CURVE('',#4562,#3460,#4806,.T.);
#4806 = LINE('',#4807,#4808);
#4807 = CARTESIAN_POINT('',(4.69846310393,-1.710100716628,12.));
#4808 = VECTOR('',#4809,1.);
#4809 = DIRECTION('',(0.,2.22044604925E-16,-1.));
#4810 = ORIENTED_EDGE('',*,*,#3468,.T.);
#4811 = ORIENTED_EDGE('',*,*,#2904,.T.);
#4812 = PLANE('',#4813);
#4813 = AXIS2_PLACEMENT_3D('',#4814,#4815,#4816);
#4814 = CARTESIAN_POINT('',(5.873078879912,-2.137625895785,8.5));
#4815 = DIRECTION('',(0.342020143326,0.939692620786,-1.339092819166E-17)
  );
#4816 = DIRECTION('',(7.594372760115E-17,-1.339092819166E-17,1.));
#4817 = ADVANCED_FACE('',(#4818),#4823,.F.);
#4818 = FACE_BOUND('',#4819,.F.);
#4819 = EDGE_LOOP('',(#4820,#4821,#4822));
#4820 = ORIENTED_EDGE('',*,*,#2921,.T.);
#4821 = ORIENTED_EDGE('',*,*,#3589,.T.);
#4822 = ORIENTED_EDGE('',*,*,#3662,.F.);
#4823 = PLANE('',#4824);
#4824 = AXIS2_PLACEMENT_3D('',#4825,#4826,#4827);
#4825 = CARTESIAN_POINT('',(-3.646507020105E-16,5.848900222367E-17,5.));
#4826 = DIRECTION('',(0.,0.,1.));
#4827 = DIRECTION('',(1.,0.,0.));
#4828 = ADVANCED_FACE('',(#4829),#4848,.F.);
#4829 = FACE_BOUND('',#4830,.F.);
#4830 = EDGE_LOOP('',(#4831,#4840,#4846,#4847));
#4831 = ORIENTED_EDGE('',*,*,#4832,.F.);
#4832 = EDGE_CURVE('',#4833,#4833,#4835,.T.);
#4833 = VERTEX_POINT('',#4834);
#4834 = CARTESIAN_POINT('',(-1.75,-6.,8.326555));
#4835 = CIRCLE('',#4836,1.75);
#4836 = AXIS2_PLACEMENT_3D('',#4837,#4838,#4839);
#4837 = CARTESIAN_POINT('',(0.,-6.,8.326555));
#4838 = DIRECTION('',(0.,1.,-2.22044604925E-16));
#4839 = DIRECTION('',(-1.,0.,0.));
#4840 = ORIENTED_EDGE('',*,*,#4841,.T.);
#4841 = EDGE_CURVE('',#4833,#2976,#4842,.T.);
#4842 = LINE('',#4843,#4844);
#4843 = CARTESIAN_POINT('',(-1.75,-1.,8.326555));
#4844 = VECTOR('',#4845,1.);
#4845 = DIRECTION('',(0.,-1.,2.22044604925E-16));
#4846 = ORIENTED_EDGE('',*,*,#2975,.T.);
#4847 = ORIENTED_EDGE('',*,*,#4841,.F.);
#4848 = CYLINDRICAL_SURFACE('',#4849,1.75);
#4849 = AXIS2_PLACEMENT_3D('',#4850,#4851,#4852);
#4850 = CARTESIAN_POINT('',(0.,-1.,8.326555));
#4851 = DIRECTION('',(0.,1.,-2.22044604925E-16));
#4852 = DIRECTION('',(-1.,0.,0.));
#4853 = ADVANCED_FACE('',(#4854),#4872,.F.);
#4854 = FACE_BOUND('',#4855,.T.);
#4855 = EDGE_LOOP('',(#4856,#4864,#4871));
#4856 = ORIENTED_EDGE('',*,*,#4857,.F.);
#4857 = EDGE_CURVE('',#4858,#3246,#4860,.T.);
#4858 = VERTEX_POINT('',#4859);
#4859 = CARTESIAN_POINT('',(4.5,7.79422863406,1.32));
#4860 = LINE('',#4861,#4862);
#4861 = CARTESIAN_POINT('',(4.5,7.79422863406,1.32));
#4862 = VECTOR('',#4863,1.);
#4863 = DIRECTION('',(0.5,0.866025403784,0.));
#4864 = ORIENTED_EDGE('',*,*,#4865,.T.);
#4865 = EDGE_CURVE('',#4858,#1387,#4866,.T.);
#4866 = CIRCLE('',#4867,9.);
#4867 = AXIS2_PLACEMENT_3D('',#4868,#4869,#4870);
#4868 = CARTESIAN_POINT('',(2.511473670975E-16,-1.45E-16,1.32));
#4869 = DIRECTION('',(-1.905255888326E-16,1.1E-16,-1.));
#4870 = DIRECTION('',(0.5,0.866025403784,0.));
#4871 = ORIENTED_EDGE('',*,*,#3245,.F.);
#4872 = PLANE('',#4873);
#4873 = AXIS2_PLACEMENT_3D('',#4874,#4875,#4876);
#4874 = CARTESIAN_POINT('',(2.511473670975E-16,-1.45E-16,1.32));
#4875 = DIRECTION('',(-1.905255888326E-16,1.1E-16,-1.));
#4876 = DIRECTION('',(0.5,0.866025403784,0.));
#4877 = ADVANCED_FACE('',(#4878),#4888,.F.);
#4878 = FACE_BOUND('',#4879,.F.);
#4879 = EDGE_LOOP('',(#4880,#4881,#4882));
#4880 = ORIENTED_EDGE('',*,*,#4865,.T.);
#4881 = ORIENTED_EDGE('',*,*,#3298,.T.);
#4882 = ORIENTED_EDGE('',*,*,#4883,.T.);
#4883 = EDGE_CURVE('',#3291,#4858,#4884,.T.);
#4884 = LINE('',#4885,#4886);
#4885 = CARTESIAN_POINT('',(3.68,6.373946971853,1.32));
#4886 = VECTOR('',#4887,1.);
#4887 = DIRECTION('',(0.5,0.866025403784,0.));
#4888 = PLANE('',#4889);
#4889 = AXIS2_PLACEMENT_3D('',#4890,#4891,#4892);
#4890 = CARTESIAN_POINT('',(4.5,7.79422863406,1.32));
#4891 = DIRECTION('',(0.,-0.,-1.));
#4892 = DIRECTION('',(0.5,0.866025403784,0.));
#4893 = ADVANCED_FACE('',(#4894),#4905,.F.);
#4894 = FACE_BOUND('',#4895,.F.);
#4895 = EDGE_LOOP('',(#4896,#4897,#4904));
#4896 = ORIENTED_EDGE('',*,*,#3281,.F.);
#4897 = ORIENTED_EDGE('',*,*,#4898,.T.);
#4898 = EDGE_CURVE('',#3273,#3746,#4899,.T.);
#4899 = CIRCLE('',#4900,7.5);
#4900 = AXIS2_PLACEMENT_3D('',#4901,#4902,#4903);
#4901 = CARTESIAN_POINT('',(0.,0.,5.));
#4902 = DIRECTION('',(0.,0.,1.));
#4903 = DIRECTION('',(1.,0.,0.));
#4904 = ORIENTED_EDGE('',*,*,#3754,.T.);
#4905 = PLANE('',#4906);
#4906 = AXIS2_PLACEMENT_3D('',#4907,#4908,#4909);
#4907 = CARTESIAN_POINT('',(-3.646507020105E-16,5.848900222367E-17,5.));
#4908 = DIRECTION('',(0.,0.,1.));
#4909 = DIRECTION('',(1.,0.,0.));
#4910 = ADVANCED_FACE('',(#4911),#4937,.T.);
#4911 = FACE_BOUND('',#4912,.F.);
#4912 = EDGE_LOOP('',(#4913,#4914,#4920,#4921,#4927,#4928,#4929,#4930));
#4913 = ORIENTED_EDGE('',*,*,#3433,.F.);
#4914 = ORIENTED_EDGE('',*,*,#4915,.T.);
#4915 = EDGE_CURVE('',#3434,#4580,#4916,.T.);
#4916 = LINE('',#4917,#4918);
#4917 = CARTESIAN_POINT('',(7.047694655894,2.565151074943,5.));
#4918 = VECTOR('',#4919,1.);
#4919 = DIRECTION('',(0.,-2.22044604925E-16,1.));
#4920 = ORIENTED_EDGE('',*,*,#4587,.T.);
#4921 = ORIENTED_EDGE('',*,*,#4922,.F.);
#4922 = EDGE_CURVE('',#3915,#4588,#4923,.T.);
#4923 = LINE('',#4924,#4925);
#4924 = CARTESIAN_POINT('',(2.565151074943,7.047694655894,5.));
#4925 = VECTOR('',#4926,1.);
#4926 = DIRECTION('',(2.22044604925E-16,6.661338147751E-16,1.));
#4927 = ORIENTED_EDGE('',*,*,#3922,.F.);
#4928 = ORIENTED_EDGE('',*,*,#4898,.F.);
#4929 = ORIENTED_EDGE('',*,*,#3313,.F.);
#4930 = ORIENTED_EDGE('',*,*,#4931,.F.);
#4931 = EDGE_CURVE('',#3408,#3314,#4932,.T.);
#4932 = CIRCLE('',#4933,7.5);
#4933 = AXIS2_PLACEMENT_3D('',#4934,#4935,#4936);
#4934 = CARTESIAN_POINT('',(0.,0.,5.));
#4935 = DIRECTION('',(0.,0.,1.));
#4936 = DIRECTION('',(1.,0.,0.));
#4937 = CYLINDRICAL_SURFACE('',#4938,7.5);
#4938 = AXIS2_PLACEMENT_3D('',#4939,#4940,#4941);
#4939 = CARTESIAN_POINT('',(0.,0.,5.));
#4940 = DIRECTION('',(-0.,-0.,-1.));
#4941 = DIRECTION('',(1.,0.,0.));
#4942 = ADVANCED_FACE('',(#4943),#4948,.F.);
#4943 = FACE_BOUND('',#4944,.F.);
#4944 = EDGE_LOOP('',(#4945,#4946,#4947));
#4945 = ORIENTED_EDGE('',*,*,#3416,.F.);
#4946 = ORIENTED_EDGE('',*,*,#4931,.T.);
#4947 = ORIENTED_EDGE('',*,*,#3341,.T.);
#4948 = PLANE('',#4949);
#4949 = AXIS2_PLACEMENT_3D('',#4950,#4951,#4952);
#4950 = CARTESIAN_POINT('',(-3.646507020105E-16,5.848900222367E-17,5.));
#4951 = DIRECTION('',(0.,0.,1.));
#4952 = DIRECTION('',(1.,0.,0.));
#4953 = ADVANCED_FACE('',(#4954),#4965,.T.);
#4954 = FACE_BOUND('',#4955,.T.);
#4955 = EDGE_LOOP('',(#4956,#4957,#4963,#4964));
#4956 = ORIENTED_EDGE('',*,*,#4579,.T.);
#4957 = ORIENTED_EDGE('',*,*,#4958,.T.);
#4958 = EDGE_CURVE('',#4571,#3443,#4959,.T.);
#4959 = LINE('',#4960,#4961);
#4960 = CARTESIAN_POINT('',(4.69846310393,1.710100716628,12.));
#4961 = VECTOR('',#4962,1.);
#4962 = DIRECTION('',(0.,2.22044604925E-16,-1.));
#4963 = ORIENTED_EDGE('',*,*,#3442,.T.);
#4964 = ORIENTED_EDGE('',*,*,#4915,.T.);
#4965 = PLANE('',#4966);
#4966 = AXIS2_PLACEMENT_3D('',#4967,#4968,#4969);
#4967 = CARTESIAN_POINT('',(5.873078879912,2.137625895785,8.5));
#4968 = DIRECTION('',(0.342020143326,-0.939692620786,-4.306982816584E-16
    ));
#4969 = DIRECTION('',(-7.594372760115E-17,4.306982816584E-16,-1.));
#4970 = ADVANCED_FACE('',(#4971),#4982,.T.);
#4971 = FACE_BOUND('',#4972,.F.);
#4972 = EDGE_LOOP('',(#4973,#4974,#4975,#4976));
#4973 = ORIENTED_EDGE('',*,*,#4570,.T.);
#4974 = ORIENTED_EDGE('',*,*,#4958,.T.);
#4975 = ORIENTED_EDGE('',*,*,#3450,.F.);
#4976 = ORIENTED_EDGE('',*,*,#4977,.F.);
#4977 = EDGE_CURVE('',#4560,#3451,#4978,.T.);
#4978 = LINE('',#4979,#4980);
#4979 = CARTESIAN_POINT('',(5.,-2.6645352591E-15,12.));
#4980 = VECTOR('',#4981,1.);
#4981 = DIRECTION('',(0.,2.22044604925E-16,-1.));
#4982 = CYLINDRICAL_SURFACE('',#4983,5.);
#4983 = AXIS2_PLACEMENT_3D('',#4984,#4985,#4986);
#4984 = CARTESIAN_POINT('',(0.,-2.6645352591E-15,12.));
#4985 = DIRECTION('',(0.,2.22044604925E-16,-1.));
#4986 = DIRECTION('',(1.,0.,0.));
#4987 = ADVANCED_FACE('',(#4988),#4994,.T.);
#4988 = FACE_BOUND('',#4989,.T.);
#4989 = EDGE_LOOP('',(#4990,#4991,#4992,#4993));
#4990 = ORIENTED_EDGE('',*,*,#4559,.T.);
#4991 = ORIENTED_EDGE('',*,*,#4805,.T.);
#4992 = ORIENTED_EDGE('',*,*,#3459,.F.);
#4993 = ORIENTED_EDGE('',*,*,#4977,.F.);
#4994 = CYLINDRICAL_SURFACE('',#4995,5.);
#4995 = AXIS2_PLACEMENT_3D('',#4996,#4997,#4998);
#4996 = CARTESIAN_POINT('',(0.,-2.6645352591E-15,12.));
#4997 = DIRECTION('',(0.,2.22044604925E-16,-1.));
#4998 = DIRECTION('',(1.,0.,0.));
#4999 = ADVANCED_FACE('',(#5000),#5011,.F.);
#5000 = FACE_BOUND('',#5001,.F.);
#5001 = EDGE_LOOP('',(#5002,#5003,#5010));
#5002 = ORIENTED_EDGE('',*,*,#4857,.F.);
#5003 = ORIENTED_EDGE('',*,*,#5004,.T.);
#5004 = EDGE_CURVE('',#4858,#1864,#5005,.T.);
#5005 = CIRCLE('',#5006,9.);
#5006 = AXIS2_PLACEMENT_3D('',#5007,#5008,#5009);
#5007 = CARTESIAN_POINT('',(2.598076211353E-16,-1.5E-16,1.32));
#5008 = DIRECTION('',(1.905255888326E-16,-1.1E-16,1.));
#5009 = DIRECTION('',(0.5,0.866025403784,0.));
#5010 = ORIENTED_EDGE('',*,*,#3691,.F.);
#5011 = PLANE('',#5012);
#5012 = AXIS2_PLACEMENT_3D('',#5013,#5014,#5015);
#5013 = CARTESIAN_POINT('',(2.598076211353E-16,-1.5E-16,1.32));
#5014 = DIRECTION('',(-1.905255888326E-16,1.1E-16,-1.));
#5015 = DIRECTION('',(-0.5,-0.866025403784,0.));
#5016 = ADVANCED_FACE('',(#5017),#5022,.F.);
#5017 = FACE_BOUND('',#5018,.T.);
#5018 = EDGE_LOOP('',(#5019,#5020,#5021));
#5019 = ORIENTED_EDGE('',*,*,#5004,.T.);
#5020 = ORIENTED_EDGE('',*,*,#3762,.T.);
#5021 = ORIENTED_EDGE('',*,*,#4883,.T.);
#5022 = PLANE('',#5023);
#5023 = AXIS2_PLACEMENT_3D('',#5024,#5025,#5026);
#5024 = CARTESIAN_POINT('',(4.5,7.79422863406,1.32));
#5025 = DIRECTION('',(-3.810511776652E-16,2.2E-16,-1.));
#5026 = DIRECTION('',(-0.5,-0.866025403784,-7.92E-32));
#5027 = ADVANCED_FACE('',(#5028),#5046,.F.);
#5028 = FACE_BOUND('',#5029,.T.);
#5029 = EDGE_LOOP('',(#5030,#5038,#5045));
#5030 = ORIENTED_EDGE('',*,*,#5031,.F.);
#5031 = EDGE_CURVE('',#5032,#3812,#5034,.T.);
#5032 = VERTEX_POINT('',#5033);
#5033 = CARTESIAN_POINT('',(-4.5,7.79422863406,1.32));
#5034 = LINE('',#5035,#5036);
#5035 = CARTESIAN_POINT('',(-4.5,7.79422863406,1.32));
#5036 = VECTOR('',#5037,1.);
#5037 = DIRECTION('',(-0.5,0.866025403784,-1.E-15));
#5038 = ORIENTED_EDGE('',*,*,#5039,.T.);
#5039 = EDGE_CURVE('',#5032,#1924,#5040,.T.);
#5040 = CIRCLE('',#5041,9.);
#5041 = AXIS2_PLACEMENT_3D('',#5042,#5043,#5044);
#5042 = CARTESIAN_POINT('',(-4.088526329025E-16,1.288153532995E-15,1.32)
  );
#5043 = DIRECTION('',(3.094744111674E-16,-9.760254037844E-16,-1.));
#5044 = DIRECTION('',(-0.5,0.866025403784,-1.E-15));
#5045 = ORIENTED_EDGE('',*,*,#3811,.F.);
#5046 = PLANE('',#5047);
#5047 = AXIS2_PLACEMENT_3D('',#5048,#5049,#5050);
#5048 = CARTESIAN_POINT('',(-4.088526329025E-16,1.288153532995E-15,1.32)
  );
#5049 = DIRECTION('',(3.094744111674E-16,-9.760254037844E-16,-1.));
#5050 = DIRECTION('',(-0.5,0.866025403784,-1.E-15));
#5051 = ADVANCED_FACE('',(#5052),#5062,.F.);
#5052 = FACE_BOUND('',#5053,.F.);
#5053 = EDGE_LOOP('',(#5054,#5055,#5056));
#5054 = ORIENTED_EDGE('',*,*,#5039,.T.);
#5055 = ORIENTED_EDGE('',*,*,#3864,.T.);
#5056 = ORIENTED_EDGE('',*,*,#5057,.T.);
#5057 = EDGE_CURVE('',#3857,#5032,#5058,.T.);
#5058 = LINE('',#5059,#5060);
#5059 = CARTESIAN_POINT('',(-3.68,6.373946971853,1.32));
#5060 = VECTOR('',#5061,1.);
#5061 = DIRECTION('',(-0.5,0.866025403784,-1.E-15));
#5062 = PLANE('',#5063);
#5063 = AXIS2_PLACEMENT_3D('',#5064,#5065,#5066);
#5064 = CARTESIAN_POINT('',(-4.5,7.79422863406,1.32));
#5065 = DIRECTION('',(5.E-16,-8.660254037844E-16,-1.));
#5066 = DIRECTION('',(-0.5,0.866025403784,-1.E-15));
#5067 = ADVANCED_FACE('',(#5068),#5079,.F.);
#5068 = FACE_BOUND('',#5069,.F.);
#5069 = EDGE_LOOP('',(#5070,#5071,#5078));
#5070 = ORIENTED_EDGE('',*,*,#3847,.F.);
#5071 = ORIENTED_EDGE('',*,*,#5072,.T.);
#5072 = EDGE_CURVE('',#3839,#4099,#5073,.T.);
#5073 = CIRCLE('',#5074,7.5);
#5074 = AXIS2_PLACEMENT_3D('',#5075,#5076,#5077);
#5075 = CARTESIAN_POINT('',(0.,0.,5.));
#5076 = DIRECTION('',(0.,0.,1.));
#5077 = DIRECTION('',(1.,0.,0.));
#5078 = ORIENTED_EDGE('',*,*,#4107,.T.);
#5079 = PLANE('',#5080);
#5080 = AXIS2_PLACEMENT_3D('',#5081,#5082,#5083);
#5081 = CARTESIAN_POINT('',(-3.646507020105E-16,5.848900222367E-17,5.));
#5082 = DIRECTION('',(0.,0.,1.));
#5083 = DIRECTION('',(1.,0.,0.));
#5084 = ADVANCED_FACE('',(#5085),#5111,.T.);
#5085 = FACE_BOUND('',#5086,.F.);
#5086 = EDGE_LOOP('',(#5087,#5093,#5094,#5100,#5101,#5108,#5109,#5110));
#5087 = ORIENTED_EDGE('',*,*,#5088,.T.);
#5088 = EDGE_CURVE('',#3880,#4623,#5089,.T.);
#5089 = LINE('',#5090,#5091);
#5090 = CARTESIAN_POINT('',(-2.565151074943,7.047694655894,5.));
#5091 = VECTOR('',#5092,1.);
#5092 = DIRECTION('',(2.22044604925E-16,6.661338147751E-16,1.));
#5093 = ORIENTED_EDGE('',*,*,#4630,.T.);
#5094 = ORIENTED_EDGE('',*,*,#5095,.F.);
#5095 = EDGE_CURVE('',#4287,#4631,#5096,.T.);
#5096 = LINE('',#5097,#5098);
#5097 = CARTESIAN_POINT('',(-7.047694655894,2.565151074943,5.));
#5098 = VECTOR('',#5099,1.);
#5099 = DIRECTION('',(-6.661338147751E-16,8.881784197001E-16,1.));
#5100 = ORIENTED_EDGE('',*,*,#4294,.F.);
#5101 = ORIENTED_EDGE('',*,*,#5102,.F.);
#5102 = EDGE_CURVE('',#4388,#4295,#5103,.T.);
#5103 = CIRCLE('',#5104,7.5);
#5104 = AXIS2_PLACEMENT_3D('',#5105,#5106,#5107);
#5105 = CARTESIAN_POINT('',(0.,0.,5.));
#5106 = DIRECTION('',(0.,0.,1.));
#5107 = DIRECTION('',(1.,0.,0.));
#5108 = ORIENTED_EDGE('',*,*,#4413,.F.);
#5109 = ORIENTED_EDGE('',*,*,#5072,.F.);
#5110 = ORIENTED_EDGE('',*,*,#3879,.F.);
#5111 = CYLINDRICAL_SURFACE('',#5112,7.5);
#5112 = AXIS2_PLACEMENT_3D('',#5113,#5114,#5115);
#5113 = CARTESIAN_POINT('',(0.,0.,5.));
#5114 = DIRECTION('',(-0.,-0.,-1.));
#5115 = DIRECTION('',(1.,0.,0.));
#5116 = ADVANCED_FACE('',(#5117),#5128,.T.);
#5117 = FACE_BOUND('',#5118,.T.);
#5118 = EDGE_LOOP('',(#5119,#5120,#5126,#5127));
#5119 = ORIENTED_EDGE('',*,*,#4622,.T.);
#5120 = ORIENTED_EDGE('',*,*,#5121,.T.);
#5121 = EDGE_CURVE('',#4614,#3889,#5122,.T.);
#5122 = LINE('',#5123,#5124);
#5123 = CARTESIAN_POINT('',(-1.710100716628,4.69846310393,12.));
#5124 = VECTOR('',#5125,1.);
#5125 = DIRECTION('',(-2.22044604925E-16,-6.661338147751E-16,-1.));
#5126 = ORIENTED_EDGE('',*,*,#3888,.T.);
#5127 = ORIENTED_EDGE('',*,*,#5088,.T.);
#5128 = PLANE('',#5129);
#5129 = AXIS2_PLACEMENT_3D('',#5130,#5131,#5132);
#5130 = CARTESIAN_POINT('',(-2.137625895785,5.873078879912,8.5));
#5131 = DIRECTION('',(0.939692620786,0.342020143326,-6.585294644619E-16)
  );
#5132 = DIRECTION('',(-4.306982816584E-16,-7.420775423762E-16,-1.));
#5133 = ADVANCED_FACE('',(#5134),#5145,.T.);
#5134 = FACE_BOUND('',#5135,.F.);
#5135 = EDGE_LOOP('',(#5136,#5137,#5138,#5139));
#5136 = ORIENTED_EDGE('',*,*,#4613,.T.);
#5137 = ORIENTED_EDGE('',*,*,#5121,.T.);
#5138 = ORIENTED_EDGE('',*,*,#3896,.F.);
#5139 = ORIENTED_EDGE('',*,*,#5140,.F.);
#5140 = EDGE_CURVE('',#4605,#3897,#5141,.T.);
#5141 = LINE('',#5142,#5143);
#5142 = CARTESIAN_POINT('',(3.219646771413E-15,5.,12.));
#5143 = VECTOR('',#5144,1.);
#5144 = DIRECTION('',(-2.22044604925E-16,-6.661338147751E-16,-1.));
#5145 = CYLINDRICAL_SURFACE('',#5146,5.);
#5146 = AXIS2_PLACEMENT_3D('',#5147,#5148,#5149);
#5147 = CARTESIAN_POINT('',(2.6645352591E-15,7.993605777301E-15,12.));
#5148 = DIRECTION('',(-2.22044604925E-16,-6.661338147751E-16,-1.));
#5149 = DIRECTION('',(1.110223024625E-16,1.,-6.661338147751E-16));
#5150 = ADVANCED_FACE('',(#5151),#5162,.T.);
#5151 = FACE_BOUND('',#5152,.T.);
#5152 = EDGE_LOOP('',(#5153,#5154,#5160,#5161));
#5153 = ORIENTED_EDGE('',*,*,#4604,.T.);
#5154 = ORIENTED_EDGE('',*,*,#5155,.T.);
#5155 = EDGE_CURVE('',#4597,#3906,#5156,.T.);
#5156 = LINE('',#5157,#5158);
#5157 = CARTESIAN_POINT('',(1.710100716628,4.69846310393,12.));
#5158 = VECTOR('',#5159,1.);
#5159 = DIRECTION('',(-2.22044604925E-16,-6.661338147751E-16,-1.));
#5160 = ORIENTED_EDGE('',*,*,#3905,.F.);
#5161 = ORIENTED_EDGE('',*,*,#5140,.F.);
#5162 = CYLINDRICAL_SURFACE('',#5163,5.);
#5163 = AXIS2_PLACEMENT_3D('',#5164,#5165,#5166);
#5164 = CARTESIAN_POINT('',(2.6645352591E-15,7.993605777301E-15,12.));
#5165 = DIRECTION('',(-2.22044604925E-16,-6.661338147751E-16,-1.));
#5166 = DIRECTION('',(1.110223024625E-16,1.,-6.661338147751E-16));
#5167 = ADVANCED_FACE('',(#5168),#5174,.T.);
#5168 = FACE_BOUND('',#5169,.F.);
#5169 = EDGE_LOOP('',(#5170,#5171,#5172,#5173));
#5170 = ORIENTED_EDGE('',*,*,#4596,.T.);
#5171 = ORIENTED_EDGE('',*,*,#5155,.T.);
#5172 = ORIENTED_EDGE('',*,*,#3914,.T.);
#5173 = ORIENTED_EDGE('',*,*,#4922,.T.);
#5174 = PLANE('',#5175);
#5175 = AXIS2_PLACEMENT_3D('',#5176,#5177,#5178);
#5176 = CARTESIAN_POINT('',(2.137625895785,5.873078879912,8.5));
#5177 = DIRECTION('',(-0.939692620786,0.342020143326,-2.412221109951E-16
    ));
#5178 = DIRECTION('',(1.339092819166E-17,7.420775423762E-16,1.));
#5179 = ADVANCED_FACE('',(#5180),#5191,.F.);
#5180 = FACE_BOUND('',#5181,.F.);
#5181 = EDGE_LOOP('',(#5182,#5183,#5190));
#5182 = ORIENTED_EDGE('',*,*,#5031,.F.);
#5183 = ORIENTED_EDGE('',*,*,#5184,.T.);
#5184 = EDGE_CURVE('',#5032,#2238,#5185,.T.);
#5185 = CIRCLE('',#5186,9.);
#5186 = AXIS2_PLACEMENT_3D('',#5187,#5188,#5189);
#5187 = CARTESIAN_POINT('',(-4.001923788647E-16,1.293153532995E-15,1.32)
  );
#5188 = DIRECTION('',(-3.094744111674E-16,9.760254037844E-16,1.));
#5189 = DIRECTION('',(-0.5,0.866025403784,-1.E-15));
#5190 = ORIENTED_EDGE('',*,*,#4032,.F.);
#5191 = PLANE('',#5192);
#5192 = AXIS2_PLACEMENT_3D('',#5193,#5194,#5195);
#5193 = CARTESIAN_POINT('',(-4.001923788647E-16,1.293153532995E-15,1.32)
  );
#5194 = DIRECTION('',(3.094744111674E-16,-9.760254037844E-16,-1.));
#5195 = DIRECTION('',(0.5,-0.866025403784,1.E-15));
#5196 = ADVANCED_FACE('',(#5197),#5202,.F.);
#5197 = FACE_BOUND('',#5198,.T.);
#5198 = EDGE_LOOP('',(#5199,#5200,#5201));
#5199 = ORIENTED_EDGE('',*,*,#5184,.T.);
#5200 = ORIENTED_EDGE('',*,*,#4115,.T.);
#5201 = ORIENTED_EDGE('',*,*,#5057,.T.);
#5202 = PLANE('',#5203);
#5203 = AXIS2_PLACEMENT_3D('',#5204,#5205,#5206);
#5204 = CARTESIAN_POINT('',(-4.5,7.79422863406,1.32));
#5205 = DIRECTION('',(1.189488223348E-16,-1.086025403784E-15,-1.));
#5206 = DIRECTION('',(0.5,-0.866025403784,1.E-15));
#5207 = ADVANCED_FACE('',(#5208),#5219,.T.);
#5208 = FACE_BOUND('',#5209,.F.);
#5209 = EDGE_LOOP('',(#5210,#5211,#5212,#5213));
#5210 = ORIENTED_EDGE('',*,*,#4656,.T.);
#5211 = ORIENTED_EDGE('',*,*,#4777,.T.);
#5212 = ORIENTED_EDGE('',*,*,#4268,.F.);
#5213 = ORIENTED_EDGE('',*,*,#5214,.F.);
#5214 = EDGE_CURVE('',#4648,#4269,#5215,.T.);
#5215 = LINE('',#5216,#5217);
#5216 = CARTESIAN_POINT('',(-5.,1.127046443598E-14,12.));
#5217 = VECTOR('',#5218,1.);
#5218 = DIRECTION('',(6.661338147751E-16,-8.881784197001E-16,-1.));
#5219 = CYLINDRICAL_SURFACE('',#5220,5.);
#5220 = AXIS2_PLACEMENT_3D('',#5221,#5222,#5223);
#5221 = CARTESIAN_POINT('',(-7.993605777301E-15,1.06581410364E-14,12.));
#5222 = DIRECTION('',(6.661338147751E-16,-8.881784197001E-16,-1.));
#5223 = DIRECTION('',(-1.,1.224646799147E-16,-6.661338147751E-16));
#5224 = ADVANCED_FACE('',(#5225),#5236,.T.);
#5225 = FACE_BOUND('',#5226,.T.);
#5226 = EDGE_LOOP('',(#5227,#5228,#5234,#5235));
#5227 = ORIENTED_EDGE('',*,*,#4647,.T.);
#5228 = ORIENTED_EDGE('',*,*,#5229,.T.);
#5229 = EDGE_CURVE('',#4640,#4278,#5230,.T.);
#5230 = LINE('',#5231,#5232);
#5231 = CARTESIAN_POINT('',(-4.69846310393,1.710100716628,12.));
#5232 = VECTOR('',#5233,1.);
#5233 = DIRECTION('',(6.661338147751E-16,-8.881784197001E-16,-1.));
#5234 = ORIENTED_EDGE('',*,*,#4277,.F.);
#5235 = ORIENTED_EDGE('',*,*,#5214,.F.);
#5236 = CYLINDRICAL_SURFACE('',#5237,5.);
#5237 = AXIS2_PLACEMENT_3D('',#5238,#5239,#5240);
#5238 = CARTESIAN_POINT('',(-7.993605777301E-15,1.06581410364E-14,12.));
#5239 = DIRECTION('',(6.661338147751E-16,-8.881784197001E-16,-1.));
#5240 = DIRECTION('',(-1.,1.224646799147E-16,-6.661338147751E-16));
#5241 = ADVANCED_FACE('',(#5242),#5248,.T.);
#5242 = FACE_BOUND('',#5243,.F.);
#5243 = EDGE_LOOP('',(#5244,#5245,#5246,#5247));
#5244 = ORIENTED_EDGE('',*,*,#4639,.T.);
#5245 = ORIENTED_EDGE('',*,*,#5229,.T.);
#5246 = ORIENTED_EDGE('',*,*,#4286,.T.);
#5247 = ORIENTED_EDGE('',*,*,#5095,.T.);
#5248 = PLANE('',#5249);
#5249 = AXIS2_PLACEMENT_3D('',#5250,#5251,#5252);
#5250 = CARTESIAN_POINT('',(-5.873078879912,2.137625895785,8.5));
#5251 = DIRECTION('',(-0.342020143326,-0.939692620786,3.84738919205E-16)
  );
#5252 = DIRECTION('',(-7.420775423762E-16,6.795247429668E-16,1.));
#5253 = ADVANCED_FACE('',(#5254),#5259,.F.);
#5254 = FACE_BOUND('',#5255,.F.);
#5255 = EDGE_LOOP('',(#5256,#5257,#5258));
#5256 = ORIENTED_EDGE('',*,*,#4396,.F.);
#5257 = ORIENTED_EDGE('',*,*,#5102,.T.);
#5258 = ORIENTED_EDGE('',*,*,#4321,.T.);
#5259 = PLANE('',#5260);
#5260 = AXIS2_PLACEMENT_3D('',#5261,#5262,#5263);
#5261 = CARTESIAN_POINT('',(-3.646507020105E-16,5.848900222367E-17,5.));
#5262 = DIRECTION('',(0.,0.,1.));
#5263 = DIRECTION('',(1.,0.,0.));
#5264 = ADVANCED_FACE('',(#5265),#5290,.T.);
#5265 = FACE_BOUND('',#5266,.T.);
#5266 = EDGE_LOOP('',(#5267,#5275,#5283,#5289));
#5267 = ORIENTED_EDGE('',*,*,#5268,.T.);
#5268 = EDGE_CURVE('',#4681,#5269,#5271,.T.);
#5269 = VERTEX_POINT('',#5270);
#5270 = CARTESIAN_POINT('',(-2.7,-6.,5.6));
#5271 = LINE('',#5272,#5273);
#5272 = CARTESIAN_POINT('',(-2.7,-6.,12.));
#5273 = VECTOR('',#5274,1.);
#5274 = DIRECTION('',(-0.,-0.,-1.));
#5275 = ORIENTED_EDGE('',*,*,#5276,.T.);
#5276 = EDGE_CURVE('',#5269,#5277,#5279,.T.);
#5277 = VERTEX_POINT('',#5278);
#5278 = CARTESIAN_POINT('',(-2.7,-3.2,5.6));
#5279 = LINE('',#5280,#5281);
#5280 = CARTESIAN_POINT('',(-2.7,-6.,5.6));
#5281 = VECTOR('',#5282,1.);
#5282 = DIRECTION('',(0.,1.,0.));
#5283 = ORIENTED_EDGE('',*,*,#5284,.F.);
#5284 = EDGE_CURVE('',#4683,#5277,#5285,.T.);
#5285 = LINE('',#5286,#5287);
#5286 = CARTESIAN_POINT('',(-2.7,-3.2,12.));
#5287 = VECTOR('',#5288,1.);
#5288 = DIRECTION('',(-0.,-0.,-1.));
#5289 = ORIENTED_EDGE('',*,*,#4680,.F.);
#5290 = PLANE('',#5291);
#5291 = AXIS2_PLACEMENT_3D('',#5292,#5293,#5294);
#5292 = CARTESIAN_POINT('',(-2.7,-6.,12.));
#5293 = DIRECTION('',(1.,0.,0.));
#5294 = DIRECTION('',(0.,1.,0.));
#5295 = ADVANCED_FACE('',(#5296,#5314),#5317,.T.);
#5296 = FACE_BOUND('',#5297,.T.);
#5297 = EDGE_LOOP('',(#5298,#5306,#5312,#5313));
#5298 = ORIENTED_EDGE('',*,*,#5299,.T.);
#5299 = EDGE_CURVE('',#4699,#5300,#5302,.T.);
#5300 = VERTEX_POINT('',#5301);
#5301 = CARTESIAN_POINT('',(2.7,-6.,5.6));
#5302 = LINE('',#5303,#5304);
#5303 = CARTESIAN_POINT('',(2.7,-6.,12.));
#5304 = VECTOR('',#5305,1.);
#5305 = DIRECTION('',(-0.,-0.,-1.));
#5306 = ORIENTED_EDGE('',*,*,#5307,.T.);
#5307 = EDGE_CURVE('',#5300,#5269,#5308,.T.);
#5308 = LINE('',#5309,#5310);
#5309 = CARTESIAN_POINT('',(2.7,-6.,5.6));
#5310 = VECTOR('',#5311,1.);
#5311 = DIRECTION('',(-1.,0.,0.));
#5312 = ORIENTED_EDGE('',*,*,#5268,.F.);
#5313 = ORIENTED_EDGE('',*,*,#4706,.F.);
#5314 = FACE_BOUND('',#5315,.T.);
#5315 = EDGE_LOOP('',(#5316));
#5316 = ORIENTED_EDGE('',*,*,#4832,.F.);
#5317 = PLANE('',#5318);
#5318 = AXIS2_PLACEMENT_3D('',#5319,#5320,#5321);
#5319 = CARTESIAN_POINT('',(2.7,-6.,12.));
#5320 = DIRECTION('',(0.,1.,0.));
#5321 = DIRECTION('',(-1.,0.,0.));
#5322 = ADVANCED_FACE('',(#5323,#5341),#5344,.T.);
#5323 = FACE_BOUND('',#5324,.T.);
#5324 = EDGE_LOOP('',(#5325,#5326,#5334,#5340));
#5325 = ORIENTED_EDGE('',*,*,#5284,.T.);
#5326 = ORIENTED_EDGE('',*,*,#5327,.T.);
#5327 = EDGE_CURVE('',#5277,#5328,#5330,.T.);
#5328 = VERTEX_POINT('',#5329);
#5329 = CARTESIAN_POINT('',(2.7,-3.2,5.6));
#5330 = LINE('',#5331,#5332);
#5331 = CARTESIAN_POINT('',(-2.7,-3.2,5.6));
#5332 = VECTOR('',#5333,1.);
#5333 = DIRECTION('',(1.,0.,0.));
#5334 = ORIENTED_EDGE('',*,*,#5335,.F.);
#5335 = EDGE_CURVE('',#4691,#5328,#5336,.T.);
#5336 = LINE('',#5337,#5338);
#5337 = CARTESIAN_POINT('',(2.7,-3.2,12.));
#5338 = VECTOR('',#5339,1.);
#5339 = DIRECTION('',(-0.,-0.,-1.));
#5340 = ORIENTED_EDGE('',*,*,#4690,.F.);
#5341 = FACE_BOUND('',#5342,.T.);
#5342 = EDGE_LOOP('',(#5343));
#5343 = ORIENTED_EDGE('',*,*,#4732,.T.);
#5344 = PLANE('',#5345);
#5345 = AXIS2_PLACEMENT_3D('',#5346,#5347,#5348);
#5346 = CARTESIAN_POINT('',(-2.7,-3.2,12.));
#5347 = DIRECTION('',(0.,-1.,0.));
#5348 = DIRECTION('',(1.,0.,0.));
#5349 = ADVANCED_FACE('',(#5350),#5361,.T.);
#5350 = FACE_BOUND('',#5351,.T.);
#5351 = EDGE_LOOP('',(#5352,#5353,#5359,#5360));
#5352 = ORIENTED_EDGE('',*,*,#5335,.T.);
#5353 = ORIENTED_EDGE('',*,*,#5354,.T.);
#5354 = EDGE_CURVE('',#5328,#5300,#5355,.T.);
#5355 = LINE('',#5356,#5357);
#5356 = CARTESIAN_POINT('',(2.7,-3.2,5.6));
#5357 = VECTOR('',#5358,1.);
#5358 = DIRECTION('',(0.,-1.,0.));
#5359 = ORIENTED_EDGE('',*,*,#5299,.F.);
#5360 = ORIENTED_EDGE('',*,*,#4698,.F.);
#5361 = PLANE('',#5362);
#5362 = AXIS2_PLACEMENT_3D('',#5363,#5364,#5365);
#5363 = CARTESIAN_POINT('',(2.7,-3.2,12.));
#5364 = DIRECTION('',(-1.,0.,0.));
#5365 = DIRECTION('',(0.,-1.,0.));
#5366 = ADVANCED_FACE('',(#5367),#5373,.T.);
#5367 = FACE_BOUND('',#5368,.F.);
#5368 = EDGE_LOOP('',(#5369,#5370,#5371,#5372));
#5369 = ORIENTED_EDGE('',*,*,#5327,.T.);
#5370 = ORIENTED_EDGE('',*,*,#5354,.T.);
#5371 = ORIENTED_EDGE('',*,*,#5307,.T.);
#5372 = ORIENTED_EDGE('',*,*,#5276,.T.);
#5373 = PLANE('',#5374);
#5374 = AXIS2_PLACEMENT_3D('',#5375,#5376,#5377);
#5375 = CARTESIAN_POINT('',(5.415722071342E-17,-4.6,5.6));
#5376 = DIRECTION('',(0.,0.,1.));
#5377 = DIRECTION('',(1.,0.,0.));
#5378 = ( GEOMETRIC_REPRESENTATION_CONTEXT(3) 
GLOBAL_UNCERTAINTY_ASSIGNED_CONTEXT((#5382)) 
GLOBAL_UNIT_ASSIGNED_CONTEXT((#5379,#5380,#5381)) REPRESENTATION_CONTEXT
('Context #1','3D Context with UNIT and UNCERTAINTY') );
#5379 = ( LENGTH_UNIT() NAMED_UNIT(*) SI_UNIT(.MILLI.,.METRE.) );
#5380 = ( NAMED_UNIT(*) PLANE_ANGLE_UNIT() SI_UNIT($,.RADIAN.) );
#5381 = ( NAMED_UNIT(*) SI_UNIT($,.STERADIAN.) SOLID_ANGLE_UNIT() );
#5382 = UNCERTAINTY_MEASURE_WITH_UNIT(LENGTH_MEASURE(1.E-07),#5379,
  'distance_accuracy_value','confusion accuracy');
#5383 = PRODUCT_RELATED_PRODUCT_CATEGORY('part',$,(#7));
#5384 = MECHANICAL_DESIGN_GEOMETRIC_PRESENTATION_REPRESENTATION('',(
    #5385),#5378);
#5385 = STYLED_ITEM('color',(#5386),#15);
#5386 = PRESENTATION_STYLE_ASSIGNMENT((#5387,#5393));
#5387 = SURFACE_STYLE_USAGE(.BOTH.,#5388);
#5388 = SURFACE_SIDE_STYLE('',(#5389));
#5389 = SURFACE_STYLE_FILL_AREA(#5390);
#5390 = FILL_AREA_STYLE('',(#5391));
#5391 = FILL_AREA_STYLE_COLOUR('',#5392);
#5392 = COLOUR_RGB('',0.800000010877,0.800000010877,0.800000010877);
#5393 = CURVE_STYLE('',#5394,POSITIVE_LENGTH_MEASURE(0.1),#5395);
#5394 = DRAUGHTING_PRE_DEFINED_CURVE_FONT('continuous');
#5395 = COLOUR_RGB('',9.803921802644E-02,9.803921802644E-02,
  9.803921802644E-02);
ENDSEC;
END-ISO-10303-21;
